price,host_id,neighbourhoods,property_type,room_type,accommodates,description_length,amenities,bedrooms,bathrooms,min_nights,availability_365,superhost_status,num_reviews,rating,latitude,longitude
62.33,527460446,Simmering,Entire rental unit,Entire home/apt,2,70.0,7,1,1.0,3,200,0,1,5.0,48.16854,16.41556
71.0,571377028,Simmering,Entire rental unit,Entire home/apt,5,60.0,3,1,1.0,1,217,0,4,5.0,48.17267,16.41401
147.4,141352798,Leopoldstadt,Entire home,Entire home/apt,4,466.0,64,2,1.0,5,284,0,20,4.6,48.18967,16.42396
32.75,5874520,Leopoldstadt,Entire rental unit,Entire home/apt,1,190.0,14,1,1.0,35,358,0,1,5.0,48.21946,16.37572
103.0,447726025,Alsergrund,Entire condo,Entire home/apt,3,86.0,20,2,1.0,3,22,0,18,4.94,48.22635,16.36263
119.0,153864304,Brigittenau,Entire rental unit,Entire home/apt,2,774.0,21,1,1.0,1,348,0,2,4.5,48.23963,16.38754
15.23,480987815,Favoriten,Entire rental unit,Entire home/apt,3,83.0,29,1,1.0,90,293,0,6,4.83,48.17039,16.38069
157.0,27775775,Landstraße,Entire condo,Entire home/apt,5,495.0,39,2,1.5,1,231,0,263,4.64,48.19071,16.38591
108.99,540236834,Landstraße,Entire rental unit,Entire home/apt,6,115.0,22,2,1.0,1,214,0,14,4.5,48.18734,16.38868
157.0,585613440,Meidling,Entire rental unit,Entire home/apt,4,492.0,43,1,1.0,1,364,0,7,5.0,48.1680386,16.319224
108.41,1643928,Landstraße,Entire rental unit,Entire home/apt,4,87.0,32,2,1.0,1,267,0,61,4.36,48.20093396957785,16.378681026399136
70.0,504997811,Meidling,Entire rental unit,Entire home/apt,2,338.0,17,1,1.0,1,355,0,11,4.36,48.1641784,16.3155445
160.0,504997811,Meidling,Entire rental unit,Entire home/apt,6,338.0,20,2,1.0,1,341,0,5,4.6,48.1641784,16.3155445
71.0,194727,Rudolfsheim-Fünfhaus,Entire rental unit,Entire home/apt,2,352.0,6,1,1.0,2,64,0,20,4.55,48.18981,16.32404
120.0,163735053,Hernals,Entire rental unit,Entire home/apt,3,418.0,15,1,1.0,1,160,0,37,4.54,48.22168,16.33034
184.5,26940706,Josefstadt,Entire guest suite,Entire home/apt,2,147.0,13,2,1.0,2,361,0,107,4.66,48.20946,16.35505
88.0,2150005,Landstraße,Entire rental unit,Entire home/apt,4,497.0,15,2,1.0,2,122,1,100,4.78,48.19247,16.38916
124.0,12495527,Meidling,Entire rental unit,Entire home/apt,4,15.0,24,2,1.0,1,301,0,500,4.57,48.17868,16.32459
140.0,698505898,Alsergrund,Entire rental unit,Entire home/apt,2,344.0,24,1,1.0,2,108,1,4,4.75,48.22625,16.35847
93.5,439957928,Leopoldstadt,Entire rental unit,Entire home/apt,3,134.0,12,1,1.0,2,65,0,22,4.09,48.21938287500311,16.39976218342781
355.0,383107369,Leopoldstadt,Room in hotel,Private room,5,436.0,19,1,1.0,1,202,1,1,5.0,48.21484,16.40435
175.0,383107369,Leopoldstadt,Room in hotel,Private room,4,472.0,20,1,1.0,1,239,1,4,5.0,48.21773,16.40156
114.33,527119015,Brigittenau,Entire rental unit,Entire home/apt,4,197.0,23,1,1.0,1,247,0,10,4.8,48.2465757,16.3739081
102.71,689417785,Rudolfsheim-Fünfhaus,Entire rental unit,Entire home/apt,3,353.0,7,1,1.0,1,178,0,3,3.33,48.1976192,16.3144092
308.57,504574705,Landstraße,Entire rental unit,Entire home/apt,5,435.0,7,2,1.0,2,365,0,7,4.14,48.1935914,16.4005328
123.5,3525897,Penzing,Entire rental unit,Entire home/apt,2,369.0,21,1,1.0,6,364,0,41,4.66,48.19089,16.31
42.0,580172276,Rudolfsheim-Fünfhaus,Room in hotel,Private room,1,471.0,6,1,1.0,1,355,0,9,4.22,48.1904494,16.3364435
149.0,481918816,Leopoldstadt,Entire home,Entire home/apt,8,195.0,8,2,1.0,1,305,0,14,3.93,48.22723,16.3877
138.2,14092467,Leopoldstadt,Entire rental unit,Entire home/apt,5,0.0,31,1,1.5,2,137,0,25,4.64,48.22159,16.38686
203.0,4053187,Josefstadt,Entire condo,Entire home/apt,7,501.0,45,2,1.5,4,318,1,46,4.89,48.20797,16.34637
82.25,101506185,Mariahilf,Entire rental unit,Entire home/apt,3,281.0,11,2,1.0,7,58,0,24,4.5,48.20001,16.36025
452.65,664712772,Innere Stadt,Entire rental unit,Entire home/apt,8,263.0,11,3,2.0,30,232,0,22,4.73,48.20224,16.37147
229.0,270034482,Landstraße,Entire rental unit,Entire home/apt,1,347.0,2,1,1.0,1,364,0,10,4.7,48.19371,16.40846
209.81,1547126,Neubau,Entire rental unit,Entire home/apt,6,59.0,45,2,1.0,1,300,1,63,4.87,48.201534779403765,16.349088101463195
212.0,9504252,Landstraße,Entire condo,Entire home/apt,4,452.0,43,1,1.0,2,278,1,35,4.86,48.191171373292974,16.39006255073406
167.0,35388107,Leopoldstadt,Entire condo,Entire home/apt,4,132.0,19,2,1.0,2,21,1,110,4.83,48.2236233,16.4073456
91.29,524430731,Hernals,Entire rental unit,Entire home/apt,2,446.0,44,1,1.0,1,78,1,116,4.86,48.21390912585635,16.329473219811916
77.0,750998978,Döbling,Entire rental unit,Entire home/apt,2,59.0,8,1,1.0,1,120,0,12,4.75,48.24405,16.36174
139.0,107792331,Favoriten,Entire rental unit,Entire home/apt,2,538.0,48,1,1.0,1,68,0,358,4.87,48.17232,16.38203
78.0,665807472,Brigittenau,Entire rental unit,Entire home/apt,4,266.0,6,1,1.0,1,59,0,10,4.9,48.24086,16.37692
60.1,64324326,Mariahilf,Entire rental unit,Entire home/apt,2,164.0,19,1,1.0,3,60,0,2,5.0,48.19109,16.34801
118.0,8809805,Neubau,Entire rental unit,Entire home/apt,3,247.0,21,1,1.0,1,242,0,146,4.88,48.20536,16.34708
161.5,243331985,Rudolfsheim-Fünfhaus,Entire rental unit,Entire home/apt,6,175.0,27,1,1.5,2,42,0,16,4.94,48.197731123203,16.328169003304424
137.0,287064802,Favoriten,Entire rental unit,Entire home/apt,4,451.0,8,2,1.0,1,264,1,2,5.0,48.17349287009343,16.3840662206929
122.0,129031924,Favoriten,Entire rental unit,Entire home/apt,4,83.0,51,1,1.0,1,30,1,19,4.95,48.1667289,16.3810154
156.0,574831550,Favoriten,Entire rental unit,Entire home/apt,3,77.0,28,1,1.0,1,258,0,3,5.0,48.17659,16.38038
101.22,54341472,Landstraße,Entire condo,Entire home/apt,4,491.0,50,2,1.0,30,170,0,121,4.84,48.19298,16.39461
39.41,977695,Ottakring,Entire rental unit,Entire home/apt,2,131.0,23,1,1.0,31,144,0,10,5.0,48.20999,16.33473
263.34,157500977,Innere Stadt,Entire rental unit,Entire home/apt,6,290.0,36,2,2.0,28,139,0,97,4.81,48.21162139590258,16.382706815031174
179.0,4331202,Penzing,Entire rental unit,Entire home/apt,4,225.0,47,1,1.0,1,304,0,2,3.5,48.18919184025116,16.30511313555159
84.14,177706244,Neubau,Entire rental unit,Entire home/apt,2,154.0,23,1,1.0,14,65,0,1,5.0,48.20226,16.35229
23.0,571387667,Favoriten,Shared room in hotel,Shared room,1,465.0,15,1,1.0,1,186,0,37,4.46,48.18014429999999,16.3744278
217.0,551661125,Landstraße,Entire rental unit,Entire home/apt,6,54.0,26,2,1.0,3,322,0,27,4.59,48.19971161168289,16.395008867326904
162.0,473779995,Favoriten,Entire serviced apartment,Entire home/apt,6,374.0,54,2,1.5,2,311,0,5,4.8,48.1626903,16.3826926
114.0,369764263,Penzing,Entire rental unit,Entire home/apt,4,500.0,43,1,1.0,1,364,1,24,4.71,48.1976,16.30644
223.0,478212227,Favoriten,Entire rental unit,Entire home/apt,4,54.0,12,2,1.0,1,348,0,4,5.0,48.1401592,16.4007815
121.75,549834451,Rudolfsheim-Fünfhaus,Entire rental unit,Entire home/apt,2,134.0,9,1,1.0,4,354,0,5,4.6,48.19140784795879,16.32523947683372
142.0,461303306,Landstraße,Entire rental unit,Entire home/apt,2,35.0,18,1,1.0,2,177,0,1,5.0,48.19312773611183,16.393181715252712
447.0,50945012,Alsergrund,Entire rental unit,Entire home/apt,10,355.0,28,4,3.5,1,284,0,31,4.87,48.21732,16.35651
87.0,248190013,Ottakring,Entire rental unit,Entire home/apt,2,394.0,22,1,1.0,1,257,0,112,4.48,48.20661,16.3264
138.0,77480001,Alsergrund,Entire rental unit,Entire home/apt,4,332.0,27,1,1.0,1,45,0,65,4.45,48.22434,16.358
79.0,477114966,Hernals,Entire condo,Entire home/apt,3,442.0,28,1,1.0,2,179,0,11,4.09,48.22091,16.33314
178.5,59547113,Floridsdorf,Entire rental unit,Entire home/apt,2,95.0,37,2,1.0,2,335,1,104,4.83,48.25919,16.40251
117.47,280514183,Leopoldstadt,Entire condo,Entire home/apt,2,59.0,49,1,1.0,2,96,1,47,4.98,48.2226574,16.404124
246.44,51654312,Neubau,Entire rental unit,Entire home/apt,4,258.0,55,1,1.5,1,337,1,64,4.88,48.20343,16.33711
126.0,424253159,Landstraße,Entire rental unit,Entire home/apt,4,473.0,36,1,1.0,1,315,0,11,4.73,48.19304,16.38505
223.33,9556855,Mariahilf,Entire rental unit,Entire home/apt,2,344.0,15,1,1.0,3,365,1,2,5.0,48.20029,16.35914
135.72,695246045,Josefstadt,Entire serviced apartment,Entire home/apt,4,335.0,39,2,1.5,31,223,0,1,5.0,48.20701,16.34978
101.0,566831684,Hernals,Entire rental unit,Entire home/apt,4,417.0,27,1,1.0,1,337,0,14,4.71,48.21551343016802,16.334945304240797
172.5,204455189,Favoriten,Entire rental unit,Entire home/apt,8,432.0,43,3,1.0,1,267,1,74,4.82,48.17973,16.3773
87.57,316159404,Brigittenau,Entire rental unit,Entire home/apt,5,122.0,13,2,1.0,3,146,0,1,5.0,48.230272526277965,16.369075725279657
133.0,151869337,Favoriten,Entire rental unit,Entire home/apt,4,399.0,41,1,1.0,1,8,0,2,5.0,48.17864993178072,16.376797417680756
90.0,755451811,Penzing,Entire rental unit,Entire home/apt,4,59.0,29,1,1.0,1,171,0,1,5.0,48.19659629367944,16.2789066674202
98.0,15156917,Hernals,Entire condo,Entire home/apt,4,151.0,30,1,1.0,1,30,1,16,5.0,48.22433,16.32997
83.0,551661125,Meidling,Entire rental unit,Entire home/apt,2,48.0,25,1,1.0,3,347,0,5,4.8,48.182725,16.3409698
106.0,308688308,Ottakring,Entire rental unit,Entire home/apt,4,452.0,28,1,1.0,1,282,0,155,4.79,48.20591,16.33373
45.65,687241950,Rudolfsheim-Fünfhaus,Entire rental unit,Entire home/apt,2,39.0,4,1,1.0,1,352,0,2,4.0,48.20334,16.3286
136.0,192836015,Brigittenau,Entire rental unit,Entire home/apt,2,0.0,14,1,1.0,1,201,0,1,5.0,48.23135,16.367
604.0,72306907,Innere Stadt,Entire rental unit,Entire home/apt,6,499.0,44,2,1.0,1,345,0,2,5.0,48.2109792,16.3797517
47.0,580172276,Rudolfsheim-Fünfhaus,Room in hotel,Private room,2,471.0,6,1,1.0,1,301,0,2,4.5,48.1904494,16.3364435
108.0,130948770,Favoriten,Entire rental unit,Entire home/apt,6,87.0,6,2,1.0,1,261,0,53,4.72,48.17501027033132,16.369369503712512
108.67,26276010,Leopoldstadt,Entire rental unit,Entire home/apt,2,56.0,3,1,1.0,3,119,0,5,4.4,48.219716503791744,16.38779235513438
239.0,116849625,Wieden,Entire rental unit,Entire home/apt,6,45.0,12,2,1.0,1,331,0,7,4.86,48.1973,16.36571
129.0,189895939,Rudolfsheim-Fünfhaus,Entire rental unit,Entire home/apt,6,103.0,47,2,1.0,1,291,1,124,4.97,48.193273,16.3286634
75.64,23206195,Leopoldstadt,Private room in rental unit,Private room,2,495.0,12,1,2.0,7,365,0,1,4.0,48.21437,16.3869
180.67,1266904,Neubau,Private room in condo,Private room,5,180.0,58,2,1.0,2,231,1,244,4.89,48.2049,16.34753
108.5,92077026,Rudolfsheim-Fünfhaus,Entire rental unit,Entire home/apt,2,294.0,23,1,1.0,4,171,1,14,4.79,48.19455,16.33121
87.0,145168752,Mariahilf,Entire rental unit,Entire home/apt,3,61.0,6,1,1.5,1,257,0,3,4.33,48.19654466007384,16.34905271772801
41.96,27775775,Brigittenau,Entire rental unit,Entire home/apt,4,496.0,35,1,1.5,1,203,0,126,4.48,48.23321,16.37123
163.85,47034279,Wieden,Entire rental unit,Entire home/apt,6,487.0,65,2,1.5,1,305,1,262,4.89,48.19783,16.36568
610.33,452986984,Döbling,Entire villa,Entire home/apt,10,377.0,24,5,2.0,3,343,0,10,4.6,48.2460059,16.3135515
239.5,576266668,Floridsdorf,Entire rental unit,Entire home/apt,4,445.0,43,1,1.0,2,363,0,6,4.5,48.2791456246207,16.416973390173027
136.0,25121553,Donaustadt,Entire rental unit,Entire home/apt,2,498.0,42,1,1.5,3,136,1,27,4.93,48.237616478466485,16.434342459905473
100.5,548077465,Landstraße,Entire rental unit,Entire home/apt,4,73.0,12,1,1.0,1,306,0,5,4.2,48.19634525596901,16.410258372910775
77.2,4034068,Floridsdorf,Entire rental unit,Entire home/apt,2,189.0,21,1,1.0,30,157,0,12,4.5,48.25642,16.40844
353.0,1683355751521038093,Liesing,Entire home,Entire home/apt,9,51.0,32,5,2.0,1,333,0,2,5.0,48.13915348494291,16.32908047376687
142.62,516360514,Hernals,Entire rental unit,Entire home/apt,8,379.0,49,2,1.5,2,73,1,75,4.88,48.22243802061512,16.316996305222826
268.0,675182,Hernals,Entire condo,Entire home/apt,4,244.0,58,1,1.0,1,264,0,6,5.0,48.22353,16.31773
130.0,473364085,Hernals,Room in hotel,Private room,2,386.0,4,1,1.0,1,364,0,2,5.0,48.2236254,16.3138116
84.84,13336646,Penzing,Room in hotel,Private room,5,419.0,2,1,1.0,1,344,0,1,5.0,48.19515,16.28914
178.0,245165047,Leopoldstadt,Entire rental unit,Entire home/apt,4,281.0,13,1,1.0,2,325,1,23,4.91,48.2206925,16.4088224
57.5,193500078,Hietzing,Private room in rental unit,Private room,1,179.0,18,2,1.0,2,89,1,124,4.79,48.18804,16.2768
138.0,168914712,Innere Stadt,Entire rental unit,Entire home/apt,2,321.0,8,1,1.0,1,101,0,1,5.0,48.2115206,16.3724841
183.0,59297304,Rudolfsheim-Fünfhaus,Entire rental unit,Entire home/apt,2,417.0,48,1,1.0,1,293,1,51,4.98,48.1923283,16.3346147
72.7,323853836,Rudolfsheim-Fünfhaus,Entire rental unit,Entire home/apt,3,344.0,32,1,1.5,2,232,0,230,4.72,48.19532,16.33092
41.86,5874520,Innere Stadt,Entire rental unit,Entire home/apt,1,97.0,16,1,1.0,35,307,0,23,4.83,48.20232,16.37155
40.57,809077,Margareten,Entire rental unit,Entire home/apt,5,441.0,22,1,1.0,56,186,1,92,4.72,48.19469,16.35963
21.71,5874520,Simmering,Entire rental unit,Entire home/apt,4,172.0,18,2,2.0,60,358,0,23,4.52,48.17627,16.39801
91.5,77068375,Neubau,Entire rental unit,Entire home/apt,4,359.0,22,1,1.5,2,5,0,16,4.88,48.20067,16.34743
203.0,709712782,Landstraße,Entire rental unit,Entire home/apt,10,59.0,19,3,1.0,1,258,0,3,3.0,48.19635,16.40728
138.0,702010244,Landstraße,Entire rental unit,Entire home/apt,2,303.0,42,1,1.0,2,360,1,268,4.9,48.1904951,16.4055165
29.12,215506252,Brigittenau,Entire rental unit,Entire home/apt,4,358.0,20,1,1.0,60,320,0,11,5.0,48.230118,16.369623
102.75,439470567,Leopoldstadt,Entire rental unit,Entire home/apt,2,113.0,4,1,1.0,4,365,0,5,4.0,48.21889,16.40706
97.0,571377028,Meidling,Entire rental unit,Entire home/apt,5,59.0,3,1,1.0,1,263,0,1,2.0,48.178774668273775,16.341649636108485
62.86,50444729,Brigittenau,Entire rental unit,Entire home/apt,2,284.0,28,1,1.0,7,42,0,5,5.0,48.23987,16.3893
152.67,361557757,Favoriten,Entire rental unit,Entire home/apt,4,332.0,62,2,1.0,1,303,1,28,4.96,48.17128,16.38096
148.0,293104680,Landstraße,Entire rental unit,Entire home/apt,4,421.0,32,1,1.5,2,57,0,53,4.75,48.20188522338867,16.400360107421875
178.0,282066038,Landstraße,Entire rental unit,Entire home/apt,2,0.0,41,1,1.0,1,62,1,7,4.86,48.18834,16.38603
70.0,504997811,Meidling,Entire rental unit,Entire home/apt,2,338.0,18,1,1.0,1,339,0,37,4.73,48.1641784,16.3155445
253.5,61486927,Landstraße,Entire rental unit,Entire home/apt,4,460.0,35,2,1.5,1,323,1,292,4.91,48.20693,16.39252
422.0,1036543,Landstraße,Entire rental unit,Entire home/apt,4,472.0,55,2,2.0,3,221,1,172,4.98,48.204159,16.389414
127.5,664114247,Leopoldstadt,Entire rental unit,Entire home/apt,6,53.0,31,2,1.0,2,202,0,37,4.38,48.22975,16.38918
63.0,596488175,Favoriten,Entire rental unit,Entire home/apt,2,322.0,23,1,1.0,2,42,0,45,4.71,48.17257,16.36508
29.0,459909479,Favoriten,Private room in rental unit,Private room,2,60.0,9,1,6.0,1,161,0,34,4.41,48.17162484736309,16.356198007409667
58.0,56332186,Innere Stadt,Shared room in hotel,Shared room,1,419.0,16,1,1.5,1,313,0,114,4.83,48.20329,16.37417
140.0,184843681,Brigittenau,Entire rental unit,Entire home/apt,4,534.0,29,2,1.0,1,108,0,211,4.79,48.22991,16.36415
102.0,256289044,Alsergrund,Entire rental unit,Entire home/apt,2,292.0,19,1,1.0,2,46,0,15,4.8,48.2252754,16.3647769
112.5,90441918,Favoriten,Entire rental unit,Entire home/apt,4,475.0,38,2,1.0,1,187,0,174,4.68,48.16558,16.38279
109.2,190287904,Ottakring,Entire rental unit,Entire home/apt,2,374.0,48,1,1.0,1,120,1,75,4.96,48.21777,16.31756
180.0,504997811,Meidling,Entire rental unit,Entire home/apt,6,338.0,21,2,2.0,1,360,0,12,4.92,48.1641784,16.3155445
239.46,164241591,Penzing,Entire rental unit,Entire home/apt,6,456.0,14,2,1.0,1,344,1,1,5.0,48.19238400436338,16.299625903041058
146.67,698505898,Alsergrund,Entire rental unit,Entire home/apt,4,344.0,22,2,1.0,3,10,1,1,5.0,48.22746,16.35844
156.0,14029358,Währing,Entire rental unit,Entire home/apt,6,433.0,20,2,1.0,1,154,0,4,4.5,48.22131,16.34308
71.0,596488175,Meidling,Entire rental unit,Entire home/apt,4,342.0,28,1,1.0,1,332,0,5,4.8,48.18451,16.32221
160.0,504997811,Meidling,Entire rental unit,Entire home/apt,6,338.0,21,2,2.0,1,332,0,4,4.5,48.1641784,16.3155445
46.92,473052793,Favoriten,Entire rental unit,Entire home/apt,2,404.0,20,1,1.5,30,345,0,3,4.33,48.17595,16.3826
143.0,365294489,Hernals,Entire rental unit,Entire home/apt,4,59.0,31,1,1.0,1,327,0,7,4.29,48.2251255,16.3311573
74.0,468652979,Meidling,Entire rental unit,Entire home/apt,2,88.0,23,1,1.0,2,306,1,18,4.67,48.18282989999999,16.3276929
138.5,7147147,Alsergrund,Entire rental unit,Entire home/apt,8,271.0,37,2,1.5,1,310,0,36,4.42,48.22317,16.36564
88.0,540236834,Favoriten,Entire rental unit,Entire home/apt,4,59.0,29,1,1.0,1,258,0,1,5.0,48.173190119534524,16.35164101449447
103.85,1643928,Landstraße,Entire rental unit,Entire home/apt,4,338.0,34,1,1.0,1,359,0,4,3.5,48.20462,16.39671
125.0,702010244,Landstraße,Entire serviced apartment,Entire home/apt,2,255.0,49,1,1.0,2,265,1,6,5.0,48.1904951,16.4055165
99.5,540236834,Ottakring,Entire rental unit,Entire home/apt,4,123.0,34,1,1.0,1,252,0,3,4.0,48.21336,16.31344
99.3,190287904,Ottakring,Entire rental unit,Entire home/apt,4,437.0,47,1,1.0,1,109,1,18,5.0,48.21788,16.31764
84.78,19369988,Meidling,Entire rental unit,Entire home/apt,3,186.0,15,1,1.0,27,274,0,45,4.76,48.18413,16.32169
58.0,56332186,Innere Stadt,Shared room in hotel,Shared room,1,419.0,16,1,1.5,1,344,0,41,4.76,48.20338,16.37546
108.0,716828117,Donaustadt,Entire rental unit,Entire home/apt,8,136.0,31,2,1.0,1,86,0,12,4.5,48.228848265068606,16.453036400341627
191.0,567949683,Donaustadt,Entire rental unit,Entire home/apt,6,419.0,58,2,1.5,1,311,0,3,5.0,48.2347559,16.4660554
90.0,473779995,Währing,Entire serviced apartment,Entire home/apt,2,368.0,54,1,1.0,2,343,0,207,4.75,48.22134,16.3409
150.0,383107369,Leopoldstadt,Room in hotel,Private room,2,295.0,20,1,1.0,1,246,1,1,5.0,48.21563,16.40193
52.58,11961465,Meidling,Entire rental unit,Entire home/apt,2,478.0,15,1,1.0,31,316,0,1,5.0,48.1796945,16.3343117
172.0,503029979,Brigittenau,Entire rental unit,Entire home/apt,3,229.0,12,1,1.0,1,59,0,27,4.19,48.2309,16.3868
93.0,481918816,Margareten,Entire rental unit,Entire home/apt,2,304.0,9,1,1.0,1,361,0,4,4.0,48.18855,16.34545
97.0,481918816,Margareten,Entire rental unit,Entire home/apt,4,263.0,11,1,1.0,1,355,0,6,3.5,48.18715,16.3477
110.5,575533509,Brigittenau,Entire rental unit,Entire home/apt,2,475.0,6,1,1.0,2,259,0,2,5.0,48.22906999229707,16.370826488640706
134.0,540246,Ottakring,Entire rental unit,Entire home/apt,4,118.0,39,1,1.0,1,289,0,196,4.44,48.20548,16.33121
82.0,164783752,Brigittenau,Entire rental unit,Entire home/apt,4,182.0,23,1,1.5,2,160,0,26,4.81,48.22975,16.36939
99.5,2206706,Margareten,Entire rental unit,Entire home/apt,4,507.0,17,1,1.0,2,174,0,9,5.0,48.18376163242533,16.351864046557626
208.5,474371701,Landstraße,Entire serviced apartment,Entire home/apt,6,389.0,55,2,1.5,2,247,0,294,4.79,48.2115,16.38802
66.0,355747230,Simmering,Entire rental unit,Entire home/apt,4,280.0,18,1,1.0,1,23,0,24,4.71,48.1764286,16.4099921
162.52,150690809,Innere Stadt,Entire rental unit,Entire home/apt,7,471.0,32,3,1.5,29,73,0,209,4.85,48.2054,16.37275
105.75,473779995,Mariahilf,Entire serviced apartment,Entire home/apt,4,350.0,48,1,1.5,2,321,0,225,4.75,48.1903,16.34737
92.75,436092716,Ottakring,Entire condo,Entire home/apt,4,482.0,48,1,1.0,4,218,1,22,4.59,48.21854,16.31473
190.5,26940706,Josefstadt,Entire guest suite,Entire home/apt,2,0.0,20,2,1.0,2,362,0,20,4.65,48.20765,16.35528
154.5,827692,Rudolfsheim-Fünfhaus,Entire rental unit,Entire home/apt,4,499.0,22,1,1.0,2,82,0,8,4.88,48.18629,16.33142
160.0,498852886,Neubau,Entire rental unit,Entire home/apt,4,98.0,54,1,1.0,2,111,0,30,5.0,48.20068282169275,16.34010839786118
179.0,13061589,Josefstadt,Entire rental unit,Entire home/apt,2,593.0,8,2,1.0,3,82,0,1,5.0,48.21025040301124,16.348248682916164
105.0,599590806,Margareten,Room in hotel,Private room,2,352.0,22,1,0.0,1,352,0,1,4.0,48.19176,16.35693
125.0,351699321,Wieden,Entire rental unit,Entire home/apt,3,495.0,36,1,1.0,1,316,0,106,4.64,48.19033,16.36616
118.0,661633780,Neubau,Entire rental unit,Entire home/apt,2,447.0,13,1,1.0,1,184,0,6,4.67,48.19989289999999,16.3392177
179.5,473779995,Mariahilf,Entire serviced apartment,Entire home/apt,6,347.0,48,2,1.0,2,330,0,248,4.76,48.19025,16.34699
177.0,754566818,Simmering,Entire rental unit,Entire home/apt,6,233.0,46,2,1.5,1,336,0,1,5.0,48.17046879999999,16.4213434
135.99,14070533,Josefstadt,Entire rental unit,Entire home/apt,6,325.0,23,3,2.0,30,184,1,2,5.0,48.21492638818142,16.348718343860053
85.0,676568718,Meidling,Entire rental unit,Entire home/apt,2,108.0,32,1,1.0,2,31,0,59,4.66,48.17187,16.31511
139.0,53178880,Brigittenau,Entire rental unit,Entire home/apt,4,54.0,30,2,1.0,1,225,0,19,4.74,48.2306647,16.3732796
68.6,29494065,Hernals,Entire rental unit,Entire home/apt,3,422.0,13,2,1.0,5,170,0,12,4.58,48.21984,16.33011
103.0,26751006,Meidling,Entire rental unit,Entire home/apt,4,180.0,36,1,1.5,1,339,0,20,4.75,48.1658592445973,16.313296522183908
188.0,383617848,Penzing,Entire rental unit,Entire home/apt,3,488.0,48,1,1.0,1,364,1,24,5.0,48.19687,16.2858
48.85,18187202,Landstraße,Entire rental unit,Entire home/apt,4,243.0,50,1,1.0,31,296,0,293,4.67,48.21101,16.38852
161.0,276873466,Simmering,Entire rental unit,Entire home/apt,3,542.0,25,1,1.5,3,15,1,37,5.0,48.17046879999999,16.416015
213.7,313423785,Mariahilf,Entire rental unit,Entire home/apt,6,115.0,33,2,1.0,1,287,1,269,4.8,48.19878,16.36136
80.0,491823215,Brigittenau,Entire rental unit,Entire home/apt,2,400.0,21,1,1.0,5,97,1,32,4.81,48.22966,16.36923
114.33,188972794,Brigittenau,Entire condo,Entire home/apt,10,301.0,57,3,1.5,3,132,0,42,4.81,48.23561641197704,16.373297011249292
160.0,483943564,Favoriten,Entire rental unit,Entire home/apt,6,461.0,26,2,1.5,1,319,0,316,4.68,48.16926,16.38056
154.0,1547126,Neubau,Entire rental unit,Entire home/apt,4,59.0,40,1,1.0,1,333,1,4,4.5,48.20218063391583,16.350709923436863
195.14,15185027,Rudolfsheim-Fünfhaus,Entire rental unit,Entire home/apt,3,455.0,46,2,1.0,2,191,0,17,4.94,48.1957,16.33696
131.0,227323697,Meidling,Entire rental unit,Entire home/apt,5,0.0,53,2,1.0,2,225,0,27,4.74,48.17453,16.33082
108.93,575632090,Ottakring,Entire rental unit,Entire home/apt,3,294.0,37,1,1.0,1,31,0,26,4.35,48.212104820335206,16.307349354028702
215.0,15935294,Penzing,Entire rental unit,Entire home/apt,4,292.0,31,2,2.0,1,329,0,10,4.3,48.19055,16.29192
330.0,22229400,Meidling,Entire rental unit,Entire home/apt,11,416.0,57,4,2.0,1,162,0,62,4.66,48.18092907274088,16.322396343536685
145.14,11550113,Hernals,Entire condo,Entire home/apt,2,159.0,44,1,1.0,7,358,0,1,5.0,48.22119,16.32955
51.71,484894247,Margareten,Entire rental unit,Entire home/apt,4,230.0,9,1,1.0,30,335,1,17,4.94,48.18519924821876,16.348315606525897
102.0,535320116,Penzing,Entire rental unit,Entire home/apt,4,502.0,52,2,1.0,2,107,1,74,4.93,48.1975100085052,16.292693449601014
138.5,10847088,Währing,Entire rental unit,Entire home/apt,6,498.0,30,1,1.0,2,289,1,88,4.86,48.227385276595456,16.33896266679547
119.57,17712204,Margareten,Entire rental unit,Entire home/apt,2,204.0,38,1,1.5,7,122,1,42,4.86,48.19208,16.35441
759.0,7368567,Ottakring,Entire rental unit,Entire home/apt,12,455.0,56,5,3.5,2,171,1,87,5.0,48.2114,16.3261
194.0,306422133,Leopoldstadt,Entire rental unit,Entire home/apt,4,450.0,26,2,1.0,1,261,1,16,4.81,48.22173,16.39755
114.14,7392530,Meidling,Entire rental unit,Entire home/apt,2,422.0,6,1,1.0,14,279,0,2,5.0,48.18041029273004,16.320871907934574
146.03,448481739,Leopoldstadt,Entire rental unit,Entire home/apt,4,456.0,57,1,1.0,1,250,0,57,4.81,48.21793,16.38279
84.0,459909479,Favoriten,Private room in rental unit,Private room,4,60.0,16,1,1.0,1,340,0,15,4.53,48.17127115198917,16.354731746635387
650.0,732144249,Penzing,Entire guesthouse,Entire home/apt,9,471.0,33,4,1.0,1,66,0,3,4.0,48.1891,16.31201
137.0,582402389,Favoriten,Entire rental unit,Entire home/apt,5,200.0,35,2,1.0,1,274,0,108,4.63,48.18185,16.37756
107.78,14070533,Döbling,Entire rental unit,Entire home/apt,3,293.0,32,2,1.0,30,145,1,4,5.0,48.2347681,16.3527363
145.0,15935294,Hietzing,Entire rental unit,Entire home/apt,2,292.0,27,1,1.0,1,311,0,8,4.75,48.18922,16.29392
245.0,4331202,Favoriten,Entire rental unit,Entire home/apt,6,385.0,33,2,1.0,1,316,0,42,4.67,48.18217,16.37737
90.0,473779995,Favoriten,Entire serviced apartment,Entire home/apt,2,349.0,57,1,1.0,2,365,0,44,4.66,48.173420660271056,16.35554923413655
147.0,15935294,Favoriten,Entire rental unit,Entire home/apt,4,93.0,23,1,1.0,1,346,0,6,4.83,48.16913,16.3446
403.0,303079289,Floridsdorf,Entire home,Entire home/apt,5,451.0,55,2,2.5,2,152,1,17,4.94,48.27449,16.37356
143.0,27775775,Donaustadt,Entire rental unit,Entire home/apt,2,478.0,30,1,1.0,1,310,0,18,4.83,48.2777276924995,16.49352826989802
156.0,732259910,Rudolfsheim-Fünfhaus,Entire rental unit,Entire home/apt,4,430.0,43,1,1.0,1,297,0,3,5.0,48.19423,16.31942
134.5,175343322,Favoriten,Entire rental unit,Entire home/apt,6,59.0,28,1,1.0,1,249,0,2,3.5,48.17699,16.37644
131.33,20076579,Hietzing,Entire rental unit,Entire home/apt,2,102.0,23,2,1.0,3,312,0,2,3.5,48.18962,16.26911
129.0,227232876,Favoriten,Entire rental unit,Entire home/apt,2,432.0,7,1,1.0,1,208,1,1,5.0,48.1768351,16.3567526
149.71,2671178,Landstraße,Entire rental unit,Entire home/apt,2,492.0,46,1,1.0,7,69,0,3,5.0,48.1935903,16.4036719
145.0,15935294,Favoriten,Entire rental unit,Entire home/apt,4,93.0,23,2,1.0,1,357,0,17,4.71,48.16751,16.34484
140.0,135332938,Ottakring,Entire rental unit,Entire home/apt,4,64.0,53,1,1.0,2,355,1,9,5.0,48.21632646746971,16.31222708465575
251.5,723613349,Penzing,Entire rental unit,Entire home/apt,4,343.0,14,3,1.0,2,185,0,4,4.5,48.19422,16.31183
86.0,665536965,Alsergrund,Entire rental unit,Entire home/apt,2,434.0,32,1,1.0,1,342,0,39,4.69,48.228715338802594,16.359131339192263
100.0,15935294,Favoriten,Entire rental unit,Entire home/apt,2,93.0,22,1,1.0,1,356,0,20,4.65,48.16714912748225,16.34644587310314
138.0,1853977,Donaustadt,Entire rental unit,Entire home/apt,3,169.0,59,1,1.0,1,328,0,8,4.38,48.22640228271485,16.51018714904785
81.83,24177920,Favoriten,Entire rental unit,Entire home/apt,3,82.0,6,1,1.0,18,128,0,2,4.5,48.17290564773698,16.376955104952188
104.67,71256995,Döbling,Entire home,Entire home/apt,2,205.0,11,1,1.0,1,363,1,6,4.83,48.28098,16.34951
47.0,571387667,Favoriten,Shared room in hotel,Shared room,1,477.0,14,1,1.0,1,184,0,6,4.17,48.18014429999999,16.3744278
107.0,90004594,Meidling,Entire rental unit,Entire home/apt,3,292.0,34,1,1.0,3,78,0,3,5.0,48.16021,16.31016
64.25,8681803,Hietzing,Entire rental unit,Entire home/apt,4,279.0,40,1,1.0,3,210,1,196,4.57,48.16948,16.28169
142.67,13933819,Floridsdorf,Entire serviced apartment,Entire home/apt,2,255.0,55,1,1.0,3,57,1,19,5.0,48.25772,16.40926
105.0,393655464,Döbling,Private room in serviced apartment,Private room,2,343.0,32,1,1.0,1,364,0,1,4.0,48.2490104,16.3677339
494.67,30635988,Döbling,Entire rental unit,Entire home/apt,5,494.0,48,3,2.5,2,249,0,16,4.88,48.2578,16.342
120.0,15935294,Favoriten,Entire rental unit,Entire home/apt,2,93.0,23,1,1.0,1,357,0,8,4.75,48.16807852259163,16.34457171523916
134.0,15935294,Favoriten,Entire rental unit,Entire home/apt,4,93.0,23,2,1.0,1,344,0,24,4.83,48.1672,16.34513
103.0,15935294,Favoriten,Entire rental unit,Entire home/apt,2,93.0,23,1,1.0,1,364,0,8,4.25,48.167361666977314,16.34643193475998
137.0,15935294,Favoriten,Entire rental unit,Entire home/apt,2,93.0,22,1,1.0,1,320,0,2,4.0,48.16714,16.34652
163.0,15935294,Leopoldstadt,Entire rental unit,Entire home/apt,3,61.0,21,1,1.0,1,336,0,13,4.31,48.21952272467574,16.404685574736362
97.0,665958653,Leopoldstadt,Entire rental unit,Entire home/apt,3,143.0,12,1,1.0,2,65,0,1,4.0,48.22001803289916,16.39957020488102
239.5,113065801,Innere Stadt,Entire rental unit,Entire home/apt,4,300.0,25,1,1.0,2,51,0,2,5.0,48.20839,16.37518
410.0,501759637,Innere Stadt,Entire rental unit,Entire home/apt,6,364.0,33,2,1.0,2,280,0,1,5.0,48.20861822616587,16.373012697713417
237.0,530403818,Landstraße,Entire rental unit,Entire home/apt,6,324.0,49,2,1.5,1,114,1,133,4.85,48.20606,16.39078
53.0,566831684,Hernals,Room in hotel,Private room,2,327.0,23,1,1.0,1,351,0,55,4.55,48.21538,16.33421
159.0,571497431,Simmering,Entire rental unit,Entire home/apt,10,0.0,20,4,1.0,1,28,0,1,3.0,48.18363,16.42027
119.0,481918816,Leopoldstadt,Entire rental unit,Entire home/apt,6,195.0,6,2,1.0,1,223,0,17,4.47,48.22531,16.38797
123.15,25486381,Josefstadt,Entire rental unit,Entire home/apt,6,280.0,10,3,1.0,30,317,0,6,4.83,48.21296612949909,16.342132337174927
101.0,720292812,Rudolfsheim-Fünfhaus,Entire serviced apartment,Entire home/apt,2,264.0,29,1,1.0,1,149,0,187,4.76,48.18462858573585,16.329719895955733
234.0,501183634,Neubau,Entire rental unit,Entire home/apt,2,535.0,3,1,0.5,4,268,0,2,5.0,48.20472281820548,16.350190292966648
221.67,20154547,Simmering,Entire rental unit,Entire home/apt,4,281.0,20,2,1.0,3,74,1,8,5.0,48.16187,16.42949
62.79,27775775,Floridsdorf,Entire condo,Entire home/apt,4,416.0,36,1,1.0,1,358,0,83,4.3,48.25694,16.40769
85.05,473779995,Favoriten,Entire serviced apartment,Entire home/apt,4,362.0,52,1,1.0,2,346,0,3,4.67,48.1626903,16.3826926
144.0,689246840,Donaustadt,Entire rental unit,Entire home/apt,3,309.0,30,1,1.0,1,94,0,79,4.89,48.227285,16.4540479
65.09,59068744,Donaustadt,Entire condo,Entire home/apt,3,473.0,46,1,1.5,28,362,0,4,5.0,48.23555,16.4364
311.67,20068276,Hernals,Entire serviced apartment,Entire home/apt,4,371.0,73,1,1.5,3,274,1,18,5.0,48.21225599819031,16.338750790164116
144.36,129398710,Leopoldstadt,Entire rental unit,Entire home/apt,3,494.0,19,1,1.0,7,228,0,4,4.75,48.218734,16.4111799
79.67,67689780,Margareten,Entire rental unit,Entire home/apt,2,390.0,18,1,1.0,2,26,0,56,4.84,48.18797,16.36468
152.0,408687610,Leopoldstadt,Entire rental unit,Entire home/apt,6,441.0,49,1,1.5,3,61,0,8,4.5,48.22165,16.37299
20.36,5874520,Leopoldstadt,Entire rental unit,Entire home/apt,1,248.0,16,1,1.0,60,339,0,9,4.22,48.21786,16.37554
75.0,504997811,Meidling,Entire rental unit,Entire home/apt,2,338.0,19,1,1.0,1,360,0,3,4.67,48.1641784,16.3155445
48.68,473052793,Favoriten,Entire rental unit,Entire home/apt,4,426.0,20,1,1.0,30,355,0,19,4.68,48.17512,16.36604
134.67,9601359,Leopoldstadt,Entire rental unit,Entire home/apt,4,227.0,11,1,1.0,3,231,0,11,4.64,48.21628,16.37881
120.0,115540983,Ottakring,Entire rental unit,Entire home/apt,4,274.0,31,1,1.0,1,70,0,153,4.76,48.21379,16.3333
52.8,576313606,Favoriten,Entire rental unit,Entire home/apt,4,47.0,19,1,1.0,30,308,0,12,4.33,48.17547583143202,16.36786442011216
161.0,15935294,Leopoldstadt,Entire rental unit,Entire home/apt,3,61.0,24,1,1.0,1,353,0,27,4.85,48.21887656142419,16.405142852105328
54.5,526655353,Floridsdorf,Private room in home,Private room,2,63.0,27,1,1.5,2,68,1,21,4.86,48.25898351616485,16.42705288654657
64.53,25486381,Leopoldstadt,Entire rental unit,Entire home/apt,2,48.0,27,1,1.0,30,364,0,2,4.5,48.21991682291839,16.401168357213773
64.13,405376355,Wieden,Private room in bed and breakfast,Private room,1,263.0,35,1,1.0,1,83,0,1,5.0,48.18875,16.36903
157.0,367491211,Margareten,Entire rental unit,Entire home/apt,4,461.0,51,2,1.0,2,268,1,55,4.78,48.18523224169435,16.353133640815184
235.0,64972585,Wieden,Entire condo,Entire home/apt,4,512.0,48,2,1.0,1,90,1,66,4.98,48.185981568078354,16.37176861058959
207.0,7147147,Innere Stadt,Entire rental unit,Entire home/apt,9,220.0,23,3,1.0,1,301,0,33,4.79,48.2160017,16.3701464
99.4,21910323,Neubau,Entire rental unit,Entire home/apt,2,440.0,28,1,1.0,30,143,1,36,4.75,48.20381,16.35655
183.0,151869337,Leopoldstadt,Entire rental unit,Entire home/apt,6,374.0,37,4,1.5,1,5,0,50,4.62,48.22307671452471,16.3865376180235
161.48,132088260,Leopoldstadt,Entire rental unit,Entire home/apt,6,455.0,28,2,1.5,2,154,1,327,4.76,48.21799,16.38907
62.87,482025528,Favoriten,Entire rental unit,Entire home/apt,4,298.0,35,2,1.5,19,172,0,46,4.91,48.17655720039877,16.377064970257624
45.37,491388484,Alsergrund,Entire rental unit,Entire home/apt,2,510.0,39,1,1.0,35,166,0,5,5.0,48.2164014,16.3463727
160.5,109137269,Währing,Entire rental unit,Entire home/apt,3,185.0,52,1,1.5,2,364,1,147,4.78,48.22635,16.34366
81.0,13336646,Penzing,Entire place,Entire home/apt,4,104.0,4,1,1.0,1,356,0,20,4.45,48.19558,16.29074
20.22,306422208,Margareten,Entire condo,Entire home/apt,2,470.0,53,1,1.0,60,364,0,13,4.38,48.18281,16.35934
39.8,312056579,Wieden,Entire rental unit,Entire home/apt,4,540.0,25,2,1.0,25,215,0,5,5.0,48.19277,16.36858
50.48,4865438,Mariahilf,Entire rental unit,Entire home/apt,2,358.0,13,1,1.0,31,139,0,33,5.0,48.19927,16.35843
203.0,171415703,Landstraße,Entire rental unit,Entire home/apt,4,339.0,23,1,1.0,2,187,1,75,4.93,48.196842,16.403751
237.0,706263647,Simmering,Entire rental unit,Entire home/apt,5,59.0,10,2,2.0,1,207,0,3,4.33,48.18278,16.40892
109.0,53178880,Brigittenau,Entire rental unit,Entire home/apt,4,79.0,30,2,1.0,1,241,0,144,4.76,48.23303423499927,16.365843973016368
131.0,578607862,Brigittenau,Entire rental unit,Entire home/apt,6,48.0,7,1,1.0,1,342,0,27,4.78,48.2346179,16.3657138
288.0,33043939,Döbling,Entire condo,Entire home/apt,8,271.0,46,4,2.5,2,204,1,28,4.14,48.24302,16.34655
78.0,561630754,Brigittenau,Entire rental unit,Entire home/apt,4,490.0,34,1,1.0,1,96,0,24,4.38,48.23803,16.38251
68.47,658096979,Landstraße,Entire rental unit,Entire home/apt,2,50.0,18,1,1.0,2,14,0,95,4.72,48.19000639999999,16.3874001
106.0,56153378,Brigittenau,Entire condo,Entire home/apt,5,373.0,18,1,1.0,2,7,0,18,5.0,48.23707,16.38685
83.0,549331758,Favoriten,Entire rental unit,Entire home/apt,2,332.0,33,1,1.0,1,175,0,228,4.75,48.1735058,16.3894297
88.0,270804594,Meidling,Entire rental unit,Entire home/apt,3,350.0,45,1,1.0,1,240,0,342,4.65,48.17347,16.31866
250.0,116700689,Alsergrund,Entire rental unit,Entire home/apt,6,364.0,42,3,1.0,1,305,0,4,4.25,48.215982,16.3566177
71.97,5505334,Landstraße,Entire rental unit,Entire home/apt,2,0.0,13,1,1.0,30,232,1,6,5.0,48.18809,16.38501
97.0,429884293,Favoriten,Entire rental unit,Entire home/apt,4,310.0,11,1,2.0,1,207,0,1,5.0,48.18419905155778,16.380435819173105
99.0,53178880,Brigittenau,Entire rental unit,Entire home/apt,4,59.0,37,2,1.5,1,231,0,99,4.57,48.23393,16.36483
154.5,9158703,Landstraße,Entire rental unit,Entire home/apt,2,505.0,34,1,1.0,2,121,1,65,4.86,48.2079,16.39118
132.38,1643928,Landstraße,Entire rental unit,Entire home/apt,5,87.0,24,2,1.5,1,273,0,63,4.49,48.20174,16.38261
82.0,549331758,Favoriten,Entire rental unit,Entire home/apt,2,332.0,36,1,1.0,1,175,0,158,4.68,48.1735058,16.3894297
131.0,318191906,Währing,Entire rental unit,Entire home/apt,4,486.0,39,1,1.0,1,185,0,134,4.87,48.22555,16.3335
55.67,12958775,Döbling,Entire rental unit,Entire home/apt,3,245.0,24,1,1.0,30,271,0,47,4.83,48.24152,16.35521
160.0,504997811,Meidling,Entire rental unit,Entire home/apt,6,338.0,21,2,2.0,1,326,0,21,4.57,48.1641784,16.3155445
184.87,222851721,Alsergrund,Entire rental unit,Entire home/apt,2,512.0,18,1,1.0,2,332,0,7,5.0,48.22092606488635,16.366426293571465
115.0,686424892,Leopoldstadt,Entire rental unit,Entire home/apt,3,269.0,11,1,1.0,2,101,0,19,4.74,48.2317,16.38971
261.0,675182,Hernals,Entire condo,Entire home/apt,4,207.0,53,1,1.0,1,258,0,3,4.67,48.22356,16.31781
115.0,652733403,Favoriten,Entire serviced apartment,Entire home/apt,3,95.0,57,1,1.0,1,278,0,2,5.0,48.1740893,16.381907
47.53,350506445,Favoriten,Entire condo,Entire home/apt,4,179.0,14,1,1.0,30,252,0,5,5.0,48.17415,16.3651
104.0,50945012,Alsergrund,Entire rental unit,Entire home/apt,4,427.0,25,1,1.0,1,300,0,47,4.74,48.22249221801758,16.351730346679688
170.0,504997811,Meidling,Entire rental unit,Entire home/apt,6,338.0,21,2,1.5,1,350,0,4,4.5,48.1641784,16.3155445
181.5,125293596,Liesing,Entire rental unit,Entire home/apt,2,386.0,44,1,1.5,2,247,0,29,4.76,48.15534,16.29176
75.0,545712919,Liesing,Entire rental unit,Entire home/apt,4,372.0,37,1,1.0,2,360,0,24,4.63,48.1465,16.30092
70.0,504997811,Meidling,Entire rental unit,Entire home/apt,2,338.0,17,1,1.0,1,360,0,18,4.44,48.1641784,16.3155445
72.0,201720555,Brigittenau,Entire rental unit,Entire home/apt,2,0.0,17,1,1.0,2,288,0,1,3.0,48.242983,16.3784952
156.0,14029358,Währing,Entire rental unit,Entire home/apt,8,249.0,26,1,1.0,1,139,0,36,4.31,48.2222252,16.3440701
88.0,545712919,Liesing,Entire rental unit,Entire home/apt,4,372.0,37,1,1.0,1,351,0,51,4.67,48.14680868625879,16.30105357966082
106.0,571632714,Penzing,Entire rental unit,Entire home/apt,6,356.0,45,1,1.0,1,162,1,74,4.65,48.19754,16.30675
114.0,249448736,Favoriten,Entire rental unit,Entire home/apt,4,557.0,36,1,1.0,1,38,0,31,4.58,48.17653,16.36617
82.33,34123784,Penzing,Private room in condo,Private room,2,0.0,26,1,1.0,3,364,0,49,4.76,48.18842,16.3039
118.0,407255931,Währing,Entire condo,Entire home/apt,2,474.0,35,1,1.0,3,132,0,25,5.0,48.22614,16.33599
120.96,26751006,Meidling,Entire rental unit,Entire home/apt,9,495.0,34,3,1.5,1,348,0,30,4.6,48.16625,16.31475
70.0,504997811,Meidling,Entire rental unit,Entire home/apt,2,338.0,19,1,1.0,1,352,0,3,4.33,48.16406390200583,16.31567324603273
155.67,243896291,Landstraße,Entire rental unit,Entire home/apt,4,504.0,27,1,1.5,3,94,0,54,4.93,48.19924,16.39684
115.0,504997811,Meidling,Entire rental unit,Entire home/apt,4,338.0,20,1,1.5,1,353,0,3,5.0,48.1641784,16.3155445
113.0,21910323,Währing,Entire rental unit,Entire home/apt,2,429.0,19,1,1.0,1,13,1,11,4.45,48.22521,16.34861
143.0,40742403,Hernals,Entire rental unit,Entire home/apt,3,419.0,48,1,1.0,2,250,1,34,4.71,48.22230042017348,16.332750831877153
69.0,571377028,Meidling,Entire rental unit,Entire home/apt,5,86.0,4,1,1.0,1,245,0,1,4.0,48.17499,16.32798
2297.0,228226640,Josefstadt,Entire rental unit,Entire home/apt,6,219.0,7,2,1.0,1,88,0,2,4.5,48.21379,16.3521
92.91,675182,Hernals,Entire serviced apartment,Entire home/apt,5,238.0,50,2,1.0,31,228,0,1,5.0,48.22267606645666,16.31689888551183
111.26,46938364,Favoriten,Entire rental unit,Entire home/apt,4,59.0,22,2,2.0,15,141,0,3,4.67,48.17849529294197,16.386698484420776
135.99,657257173,Landstraße,Entire rental unit,Entire home/apt,6,159.0,36,1,1.0,1,75,0,25,4.4,48.19749359455073,16.403728919137986
208.0,675182,Hernals,Entire condo,Entire home/apt,3,195.0,51,1,1.0,1,307,0,1,5.0,48.22353,16.31773
312.0,23537323,Innere Stadt,Entire rental unit,Entire home/apt,4,59.0,4,1,1.0,1,289,0,1,5.0,48.2033,16.36856
223.0,22055862,Hernals,Entire rental unit,Entire home/apt,4,70.0,16,2,3.0,2,364,0,4,4.75,48.22064,16.32519
233.0,289612303,Innere Stadt,Entire rental unit,Entire home/apt,3,0.0,32,1,1.0,1,179,0,237,4.71,48.20581,16.37156
183.0,113534703,Währing,Entire condo,Entire home/apt,4,358.0,50,1,1.0,2,269,1,91,4.92,48.23376,16.32804
184.0,675182,Hernals,Entire condo,Entire home/apt,2,244.0,56,1,1.0,1,280,0,2,5.0,48.22356,16.31781
94.0,349129614,Landstraße,Entire rental unit,Entire home/apt,4,88.0,28,1,1.0,1,139,0,98,4.62,48.19555,16.40021
70.0,504997811,Meidling,Entire rental unit,Entire home/apt,2,338.0,18,1,1.0,1,364,0,23,4.65,48.1641784,16.3155445
118.5,4935851,Währing,Entire rental unit,Entire home/apt,2,273.0,31,1,1.0,2,303,0,341,4.81,48.22798,16.33453
273.0,47034279,Wieden,Entire rental unit,Entire home/apt,3,390.0,54,2,1.5,1,282,1,384,4.91,48.19997,16.36709
125.53,263149950,Leopoldstadt,Entire rental unit,Entire home/apt,6,527.0,49,1,1.0,2,85,1,287,4.92,48.23147,16.39577
166.5,16038716,Landstraße,Entire rental unit,Entire home/apt,4,450.0,51,1,1.0,2,112,1,10,5.0,48.19041,16.39823
72.55,85085192,Brigittenau,Entire condo,Entire home/apt,2,216.0,21,1,1.0,7,144,0,91,4.75,48.24201202392578,16.378034591674805
75.0,504997811,Meidling,Entire rental unit,Entire home/apt,2,338.0,19,1,1.0,1,361,0,11,4.82,48.1641784,16.3155445
114.5,545712919,Liesing,Entire rental unit,Entire home/apt,4,372.0,38,1,1.0,2,353,0,38,4.47,48.14652243992705,16.300893813703716
174.0,698681850,Landstraße,Entire rental unit,Entire home/apt,4,397.0,34,1,1.0,1,341,1,53,4.77,48.201013205588055,16.399906471782593
81.33,74214627,Ottakring,Entire condo,Entire home/apt,2,184.0,34,1,1.0,3,206,1,24,4.92,48.21547,16.31162
102.0,697478040,Rudolfsheim-Fünfhaus,Entire rental unit,Entire home/apt,2,496.0,26,1,1.0,2,98,1,17,4.94,48.18854137829592,16.322124461376937
46.0,511689935,Penzing,Private room in hostel,Private room,1,504.0,17,1,1.0,1,10,0,32,3.72,48.2026331317809,16.302090264459576
123.33,92979273,Ottakring,Entire rental unit,Entire home/apt,4,496.0,42,1,1.5,3,285,1,52,4.96,48.21349,16.30896
75.4,29494065,Hernals,Entire rental unit,Entire home/apt,2,407.0,12,1,1.0,5,170,0,25,4.32,48.22201,16.33124
54.0,34342690,Leopoldstadt,Private room in rental unit,Private room,5,19.0,9,2,1.0,1,365,0,1,4.0,48.23285976306224,16.395416577176327
70.0,504997811,Meidling,Entire rental unit,Entire home/apt,2,338.0,17,1,1.0,1,358,0,3,5.0,48.1641784,16.3155445
111.84,131520571,Meidling,Entire rental unit,Entire home/apt,4,504.0,48,1,1.0,1,234,1,210,4.85,48.17979,16.32359
325.5,183928596,Währing,Entire rental unit,Entire home/apt,4,386.0,10,1,1.0,2,173,0,4,5.0,48.22793,16.33488
103.0,288328438,Leopoldstadt,Entire rental unit,Entire home/apt,6,86.0,7,2,1.0,1,257,0,1,2.0,48.22404797005884,16.40018197426899
200.85,219825196,Währing,Entire rental unit,Entire home/apt,4,453.0,17,1,1.0,2,348,0,1,5.0,48.220751543965584,16.339173698545626
158.0,527038417,Floridsdorf,Entire rental unit,Entire home/apt,6,368.0,29,2,1.0,1,358,0,8,4.25,48.26777,16.44366
271.5,501192151,Landstraße,Entire rental unit,Entire home/apt,6,324.0,15,2,1.0,2,276,0,4,5.0,48.19653,16.40257
208.0,431871019,Floridsdorf,Entire cottage,Entire home/apt,4,463.0,40,2,1.5,2,268,0,29,4.79,48.26301,16.44303
72.0,577671623,Landstraße,Entire rental unit,Entire home/apt,2,428.0,13,1,1.0,2,289,1,130,4.78,48.18978876505796,16.38597095434718
191.0,567949683,Donaustadt,Entire rental unit,Entire home/apt,6,341.0,56,2,1.5,1,329,0,10,5.0,48.23384524255879,16.464923491387538
102.0,8632750,Favoriten,Entire serviced apartment,Entire home/apt,4,381.0,28,1,1.0,1,319,0,9,4.22,48.17357,16.3654
142.65,689417785,Rudolfsheim-Fünfhaus,Entire rental unit,Entire home/apt,4,353.0,7,2,1.0,1,178,0,3,5.0,48.1976192,16.3144092
94.5,1785960,Ottakring,Private room in rental unit,Private room,5,0.0,22,2,1.5,2,80,1,9,5.0,48.21912,16.30937
57.72,231395168,Leopoldstadt,Entire condo,Entire home/apt,2,466.0,42,1,1.0,31,324,1,44,4.95,48.20933309042265,16.39867084808103
202.0,567949683,Donaustadt,Entire rental unit,Entire home/apt,6,429.0,58,2,2.5,1,331,0,8,4.75,48.2347559,16.4660554
216.0,743398,Innere Stadt,Entire rental unit,Entire home/apt,4,424.0,27,1,1.0,2,255,0,239,4.78,48.21444,16.36396
139.0,362112019,Ottakring,Entire rental unit,Entire home/apt,5,264.0,19,2,1.0,1,359,0,16,4.56,48.208,16.30995
143.4,47034279,Wieden,Entire rental unit,Entire home/apt,3,473.0,53,1,1.0,1,323,1,584,4.88,48.20007,16.36735
139.6,6132593,Währing,Entire condo,Entire home/apt,4,261.0,32,1,1.0,2,51,1,19,4.79,48.22202,16.34133
76.5,80545880,Ottakring,Entire rental unit,Entire home/apt,2,472.0,26,1,1.0,2,311,0,184,4.88,48.2145,16.31135
88.0,175343322,Liesing,Entire rental unit,Entire home/apt,3,59.0,29,1,1.0,1,260,0,3,5.0,48.1373807854827,16.317350072123585
238.0,743398,Alsergrund,Entire rental unit,Entire home/apt,6,413.0,27,2,1.0,2,232,0,134,4.77,48.21516,16.36246
142.65,689417785,Rudolfsheim-Fünfhaus,Entire rental unit,Entire home/apt,4,353.0,7,2,1.0,1,178,0,4,4.75,48.1976192,16.3144092
189.0,47034279,Innere Stadt,Entire rental unit,Entire home/apt,6,440.0,51,3,1.5,1,226,1,126,4.91,48.2016,16.36747
124.0,143217415,Penzing,Room in hotel,Private room,2,493.0,2,1,1.0,1,365,1,1,3.0,48.1930433,16.310107
76.46,514800493,Favoriten,Entire rental unit,Entire home/apt,2,39.0,31,1,1.0,2,75,1,213,4.78,48.1717021,16.3661516
231.0,712373106,Innere Stadt,Entire rental unit,Entire home/apt,4,482.0,33,2,1.0,1,347,0,15,4.67,48.2053,16.37732
131.24,71848288,Wieden,Entire rental unit,Entire home/apt,2,154.0,38,2,1.0,1,34,0,234,4.67,48.19361,16.36731
108.0,716828117,Donaustadt,Entire rental unit,Entire home/apt,8,136.0,33,2,1.0,1,71,0,37,4.78,48.22543619617136,16.452367220077253
63.0,571377028,Meidling,Entire rental unit,Entire home/apt,3,60.0,3,1,1.0,1,267,0,4,3.25,48.17337136626292,16.33018010643
102.0,311280317,Meidling,Entire rental unit,Entire home/apt,2,459.0,9,1,1.0,1,269,0,3,2.67,48.1772,16.33213
223.0,518673970,Alsergrund,Entire rental unit,Entire home/apt,4,426.0,25,2,2.5,2,267,1,39,4.87,48.2256113,16.3568205
139.5,518673970,Alsergrund,Entire rental unit,Entire home/apt,4,393.0,28,1,1.5,2,166,1,78,4.95,48.2256113,16.3568205
91.87,24160459,Alsergrund,Entire rental unit,Entire home/apt,3,327.0,23,1,1.0,2,130,1,282,4.76,48.22437,16.35378
141.0,14029358,Währing,Entire rental unit,Entire home/apt,5,247.0,23,1,1.0,1,173,0,33,4.55,48.2222252,16.3440701
106.0,349129614,Landstraße,Entire rental unit,Entire home/apt,2,88.0,31,1,1.0,1,128,0,41,4.71,48.1934,16.40076
70.0,504997811,Meidling,Entire rental unit,Entire home/apt,2,338.0,17,1,1.0,1,359,0,9,4.67,48.1641784,16.3155445
112.0,72671363,Leopoldstadt,Entire rental unit,Entire home/apt,3,99.0,8,1,1.0,1,64,0,15,4.4,48.22143304575384,16.400109498714702
115.0,496727629,Favoriten,Entire rental unit,Entire home/apt,4,226.0,5,1,1.0,1,88,0,1,4.0,48.17598582531918,16.38404410100416
110.0,8632750,Favoriten,Entire rental unit,Entire home/apt,4,435.0,34,1,1.0,1,354,0,18,4.44,48.1713,16.38083
122.47,546180427,Hernals,Entire rental unit,Entire home/apt,5,477.0,46,1,1.0,2,196,0,29,4.59,48.22215,16.33047
213.67,551661125,Landstraße,Entire rental unit,Entire home/apt,4,59.0,24,1,1.0,3,255,0,35,4.49,48.2054501,16.3948908
58.0,580384692,Donaustadt,Private room in serviced apartment,Private room,3,221.0,10,1,1.0,1,253,0,9,4.33,48.2593794,16.4435934
100.0,504997811,Meidling,Entire rental unit,Entire home/apt,4,338.0,18,1,1.0,1,352,0,3,5.0,48.1641784,16.3155445
108.99,657257173,Donaustadt,Entire rental unit,Entire home/apt,5,496.0,41,1,1.0,1,169,0,6,4.67,48.22158662505896,16.477446625858235
191.0,567949683,Donaustadt,Entire rental unit,Entire home/apt,6,365.0,60,2,1.5,1,319,0,4,4.5,48.2342778,16.4658638
133.5,657257173,Donaustadt,Entire rental unit,Entire home/apt,6,562.0,39,1,1.0,1,148,0,16,4.31,48.2573588359186,16.447259953038166
174.5,372629246,Liesing,Entire condo,Entire home/apt,4,451.0,42,2,1.0,2,45,0,116,4.86,48.16235,16.2789
197.0,388009441,Alsergrund,Entire serviced apartment,Entire home/apt,4,318.0,56,1,1.0,1,305,0,8,4.88,48.2320015,16.3612999
302.0,706295119,Innere Stadt,Entire rental unit,Entire home/apt,4,437.0,13,2,1.0,2,218,1,9,4.89,48.20499,16.372
142.0,539870211,Hernals,Entire rental unit,Entire home/apt,4,423.0,40,1,2.0,1,354,1,36,4.89,48.22199622285534,16.334187872707844
105.0,151274765,Favoriten,Entire serviced apartment,Entire home/apt,4,462.0,43,1,1.0,2,288,0,15,4.87,48.17339,16.35512
38.0,368444428,Landstraße,Shared room in hostel,Shared room,1,498.0,14,1,4.0,1,319,0,37,4.59,48.19211,16.40011
212.0,143217415,Penzing,Entire home,Entire home/apt,2,493.0,4,1,1.0,1,361,1,8,5.0,48.19306475626146,16.310166008598323
43.02,23788402,Meidling,Entire rental unit,Entire home/apt,3,398.0,37,1,1.0,30,359,0,1,5.0,48.16364847508836,16.316792456950814
137.0,107112694,Alsergrund,Entire rental unit,Entire home/apt,6,303.0,51,1,1.0,2,258,1,215,4.86,48.22011,16.36481
110.0,504997811,Meidling,Entire rental unit,Entire home/apt,4,338.0,18,1,1.0,1,337,0,3,4.33,48.1641784,16.3155445
133.0,143217415,Penzing,Room in hotel,Private room,2,493.0,3,1,1.0,1,364,1,7,5.0,48.1930433,16.310107
123.99,540236834,Währing,Entire rental unit,Entire home/apt,6,480.0,35,2,1.0,1,145,0,25,4.12,48.22731,16.33896
107.0,554191791,Penzing,Entire guesthouse,Entire home/apt,4,241.0,39,1,1.0,1,260,1,4,4.75,48.19169,16.30894
237.0,105985342,Favoriten,Entire rental unit,Entire home/apt,9,472.0,62,3,1.5,2,94,0,47,4.85,48.17399,16.36599
113.0,313423785,Alsergrund,Entire rental unit,Entire home/apt,4,457.0,22,1,1.0,1,321,1,211,4.77,48.22228096347753,16.366378312255737
151.86,375520839,Leopoldstadt,Room in aparthotel,Entire home/apt,2,472.0,68,1,1.0,7,360,1,17,5.0,48.21607,16.40401
176.6,658733401,Liesing,Entire rental unit,Entire home/apt,5,415.0,16,2,2.0,2,356,0,5,5.0,48.13724,16.32269
119.5,212406576,Rudolfsheim-Fünfhaus,Entire rental unit,Entire home/apt,4,59.0,44,1,1.5,2,308,1,89,4.89,48.1903944,16.324059
86.0,545712919,Liesing,Entire rental unit,Entire home/apt,4,372.0,37,1,1.0,2,355,0,61,4.75,48.14521,16.3009
118.68,131520571,Meidling,Entire rental unit,Entire home/apt,4,502.0,49,1,1.0,1,253,1,271,4.87,48.17936,16.32316
153.9,473779995,Meidling,Entire serviced apartment,Entire home/apt,4,306.0,46,2,1.5,2,296,0,41,4.83,48.17696,16.32541
103.5,362161951,Penzing,Entire rental unit,Entire home/apt,4,59.0,11,1,1.0,2,340,1,7,5.0,48.19815,16.30918
137.0,59316687,Leopoldstadt,Entire rental unit,Entire home/apt,2,499.0,25,1,1.0,3,106,1,79,4.91,48.20346,16.40325
163.59,426354078,Alsergrund,Entire rental unit,Entire home/apt,8,401.0,41,2,1.0,2,281,1,19,4.95,48.225180570036194,16.349801088397612
140.0,349129614,Leopoldstadt,Entire rental unit,Entire home/apt,5,60.0,4,1,1.0,1,150,0,3,4.67,48.2188127,16.4019965
150.0,383107369,Leopoldstadt,Room in hotel,Private room,2,470.0,20,1,1.0,1,264,1,2,4.0,48.21581,16.40334
119.26,520367440,Währing,Entire rental unit,Entire home/apt,2,112.0,47,1,1.0,2,338,0,2,5.0,48.2227572,16.3419081
123.55,66040140,Penzing,Entire loft,Entire home/apt,4,78.0,36,1,1.0,1,319,0,448,4.65,48.19376,16.30225
155.0,320103295,Favoriten,Entire rental unit,Entire home/apt,3,525.0,15,1,1.0,1,84,0,6,5.0,48.18453,16.3834
165.47,33117272,Neubau,Entire rental unit,Entire home/apt,7,316.0,35,2,1.0,2,160,1,174,4.99,48.20649,16.34194
50.49,175343322,Simmering,Entire rental unit,Entire home/apt,6,59.0,27,1,1.0,1,262,0,7,4.43,48.17419,16.39725
87.5,50653737,Alsergrund,Entire rental unit,Entire home/apt,6,249.0,29,1,1.0,1,160,0,189,4.68,48.22379,16.35814
226.0,38456970,Alsergrund,Entire rental unit,Entire home/apt,4,351.0,48,1,1.5,1,285,1,14,5.0,48.22991,16.35269
205.5,347845554,Rudolfsheim-Fünfhaus,Entire rental unit,Entire home/apt,4,241.0,28,2,1.0,2,319,0,1,5.0,48.1960012,16.3237655
56.68,665993275,Leopoldstadt,Entire condo,Entire home/apt,5,510.0,27,1,1.0,2,261,0,40,4.13,48.21927,16.40223
33.0,754484813,Liesing,Private room in rental unit,Private room,2,348.0,26,1,2.0,1,34,0,2,3.5,48.14632,16.29529
251.5,61486927,Landstraße,Entire condo,Entire home/apt,6,451.0,38,3,2.5,2,334,1,238,4.93,48.20662,16.39467
50.63,1143756,Leopoldstadt,Entire rental unit,Entire home/apt,2,0.0,23,1,1.0,30,166,1,412,4.44,48.22189,16.39857
79.61,596488175,Meidling,Entire rental unit,Entire home/apt,4,342.0,28,1,1.0,1,305,0,13,4.85,48.18263,16.32353
319.67,538366237,Brigittenau,Entire rental unit,Entire home/apt,4,37.0,34,1,1.0,3,83,0,2,5.0,48.237402411675816,16.36497024446726
87.3,72671363,Leopoldstadt,Entire rental unit,Entire home/apt,3,260.0,19,1,1.0,2,257,0,11,4.64,48.21983389310309,16.399905681610107
136.0,233906503,Favoriten,Entire rental unit,Entire home/apt,2,165.0,12,1,1.0,1,140,0,65,4.71,48.17413332899734,16.392819620668888
148.4,2813542,Leopoldstadt,Entire rental unit,Entire home/apt,4,397.0,27,2,1.0,4,154,1,183,4.95,48.21821,16.40266
125.0,27532582,Währing,Entire rental unit,Entire home/apt,6,442.0,37,3,1.0,2,98,0,102,4.75,48.2304057,16.3499694
71.0,596488175,Meidling,Entire rental unit,Entire home/apt,4,342.0,27,1,1.0,1,343,0,16,4.5,48.18462,16.32322
99.0,375520839,Leopoldstadt,Room in aparthotel,Entire home/apt,2,472.0,68,1,1.0,1,354,1,231,4.83,48.21627,16.40584
105.0,266024489,Landstraße,Entire rental unit,Entire home/apt,4,60.0,30,1,1.0,1,224,0,52,4.67,48.19654,16.40529
197.5,227232876,Favoriten,Entire rental unit,Entire home/apt,5,432.0,6,2,1.0,1,173,1,1,5.0,48.1768351,16.3567526
47.13,188320967,Brigittenau,Entire rental unit,Entire home/apt,3,529.0,41,1,1.0,31,97,1,99,4.81,48.23539,16.38299
100.67,34123784,Penzing,Private room in condo,Private room,2,0.0,36,1,1.0,2,362,0,38,4.84,48.18842,16.3039
131.0,175343322,Simmering,Entire rental unit,Entire home/apt,6,59.0,34,1,1.0,1,163,0,4,3.75,48.17409,16.40233
174.0,47034279,Wieden,Entire rental unit,Entire home/apt,2,352.0,51,1,1.0,1,304,1,554,4.89,48.19923,16.36753
102.5,122841683,Ottakring,Entire rental unit,Entire home/apt,2,471.0,43,1,1.0,2,284,0,25,4.96,48.21409,16.31364
86.0,320953087,Brigittenau,Entire rental unit,Entire home/apt,2,0.0,13,1,1.0,1,169,0,18,4.56,48.24282,16.37916
249.0,482181428,Ottakring,Entire home,Entire home/apt,6,388.0,15,2,1.5,2,332,0,5,5.0,48.21574363961658,16.312711683701824
89.0,14029358,Währing,Entire rental unit,Entire home/apt,4,284.0,28,1,1.0,1,209,0,70,4.71,48.2222252,16.3440701
125.56,269454325,Brigittenau,Entire rental unit,Entire home/apt,2,85.0,9,2,1.0,29,269,0,1,4.0,48.23684,16.38161
93.25,468133069,Landstraße,Entire rental unit,Entire home/apt,4,388.0,23,2,1.0,14,106,0,13,4.77,48.19106653133125,16.38741870187694
115.0,50475547,Döbling,Entire rental unit,Entire home/apt,2,47.0,5,2,1.0,1,364,0,3,5.0,48.23593,16.35323
260.0,501192151,Landstraße,Entire rental unit,Entire home/apt,6,269.0,7,1,1.0,2,290,0,5,4.8,48.1960174183633,16.402739882995657
94.5,175343322,Liesing,Entire rental unit,Entire home/apt,2,59.0,29,1,1.0,1,265,0,7,4.86,48.1380413500064,16.317128897901878
95.0,571497431,Floridsdorf,Entire rental unit,Entire home/apt,5,225.0,23,2,1.0,1,29,0,28,4.64,48.268419,16.441081
114.67,153791533,Leopoldstadt,Entire rental unit,Entire home/apt,2,240.0,18,1,1.0,3,331,0,105,4.87,48.22305,16.37495
109.0,53178880,Brigittenau,Entire rental unit,Entire home/apt,4,89.0,25,2,1.0,1,234,0,137,4.72,48.23247,16.36488
58.0,56332186,Innere Stadt,Shared room in hotel,Shared room,1,419.0,16,1,1.5,1,343,0,29,4.59,48.20134,16.37556
48.47,311779993,Ottakring,Entire rental unit,Entire home/apt,2,528.0,42,1,1.0,31,228,1,15,5.0,48.20803,16.30569
70.0,749111800,Brigittenau,Entire rental unit,Entire home/apt,2,42.0,30,1,1.5,1,126,0,11,4.82,48.2314,16.37156
253.0,489835105,Leopoldstadt,Entire rental unit,Entire home/apt,3,363.0,5,1,1.0,1,273,0,8,4.38,48.227061488196206,16.380492675729393
97.66,468133069,Neubau,Entire rental unit,Entire home/apt,4,336.0,24,2,1.0,14,101,0,9,4.56,48.206,16.35374
261.0,59777709,Leopoldstadt,Entire rental unit,Entire home/apt,4,60.0,27,2,1.0,1,90,0,2,2.5,48.21969,16.37782
100.0,473779995,Mariahilf,Entire serviced apartment,Entire home/apt,4,352.0,46,1,1.0,2,343,0,247,4.72,48.19,16.34589
100.0,8062107,Meidling,Entire condo,Entire home/apt,5,278.0,40,2,1.0,2,242,1,350,4.86,48.18345,16.34181
88.0,2150005,Landstraße,Entire rental unit,Entire home/apt,2,212.0,19,1,1.0,2,195,1,672,4.7,48.19306,16.38798
245.5,2376465,Landstraße,Entire rental unit,Entire home/apt,5,479.0,7,2,1.0,2,291,0,3,4.67,48.2035497,16.3859359
105.0,684732573,Brigittenau,Entire rental unit,Entire home/apt,1,432.0,20,1,1.0,1,244,1,20,4.95,48.2309,16.37482
122.57,24503023,Alsergrund,Entire condo,Entire home/apt,3,385.0,56,1,1.0,2,220,0,7,5.0,48.2237,16.35226
62.24,18981380,Josefstadt,Entire rental unit,Entire home/apt,2,193.0,15,1,1.0,4,194,1,72,4.88,48.21039,16.3525
126.5,457580733,Brigittenau,Entire rental unit,Entire home/apt,2,501.0,55,1,1.0,2,274,0,61,4.85,48.230168535337945,16.37020349502564
62.69,46617589,Rudolfsheim-Fünfhaus,Entire rental unit,Entire home/apt,4,510.0,26,2,1.0,29,48,1,12,4.92,48.19667,16.31979
260.31,487395946,Landstraße,Entire rental unit,Entire home/apt,4,475.0,48,2,1.0,1,117,1,102,4.89,48.2024226366262,16.383356764616885
146.0,748671322,Rudolfsheim-Fünfhaus,Entire rental unit,Entire home/apt,3,59.0,21,1,1.0,1,290,0,2,5.0,48.19049,16.3332
175.0,2737046,Landstraße,Entire condo,Entire home/apt,2,475.0,47,1,1.0,1,165,1,144,4.88,48.20458,16.39128
119.0,406937496,Rudolfsheim-Fünfhaus,Room in aparthotel,Entire home/apt,3,466.0,27,1,1.0,1,330,0,48,4.77,48.18596,16.32661
199.5,474371701,Landstraße,Entire serviced apartment,Entire home/apt,6,405.0,54,2,1.0,2,304,0,310,4.77,48.21308,16.38869
151.5,2915187,Landstraße,Entire condo,Entire home/apt,4,257.0,42,1,1.5,2,217,1,241,4.87,48.21218,16.38909
154.5,22607058,Landstraße,Entire rental unit,Entire home/apt,4,237.0,32,1,1.0,2,43,0,183,4.85,48.20986,16.39037
96.0,235195974,Meidling,Entire rental unit,Entire home/apt,2,480.0,18,1,1.0,1,156,1,54,4.7,48.18547,16.34379
171.6,66040140,Rudolfsheim-Fünfhaus,Entire rental unit,Entire home/apt,4,78.0,47,1,1.0,1,169,0,28,4.89,48.187113740200445,16.327593384508564
131.0,83843720,Meidling,Entire rental unit,Entire home/apt,4,467.0,42,1,1.0,1,352,0,9,4.67,48.18032718024531,16.343359201467088
76.58,96543100,Neubau,Entire rental unit,Entire home/apt,3,366.0,23,1,1.0,25,40,1,274,4.93,48.20657,16.34716
179.0,4002176,Landstraße,Entire rental unit,Entire home/apt,4,500.0,34,1,1.0,3,155,0,73,4.66,48.20188,16.38937
118.75,141804922,Rudolfsheim-Fünfhaus,Entire rental unit,Entire home/apt,2,486.0,42,1,1.0,4,132,1,116,4.82,48.1954,16.31919
86.27,16034253,Margareten,Entire rental unit,Entire home/apt,4,108.0,11,2,1.0,13,251,0,205,4.62,48.18937,16.35938
132.0,716828117,Penzing,Entire rental unit,Entire home/apt,6,59.0,33,2,1.0,1,255,0,2,5.0,48.19791,16.30955
94.5,353271266,Brigittenau,Entire rental unit,Entire home/apt,2,479.0,27,1,1.0,1,125,1,132,4.86,48.23341,16.38637
97.0,381204348,Neubau,Private room in rental unit,Private room,3,374.0,16,1,1.0,2,39,0,6,4.83,48.20328,16.34143
100.5,483943564,Margareten,Entire rental unit,Entire home/apt,3,433.0,23,1,1.0,2,298,0,154,4.58,48.186,16.36589
73.2,120740282,Leopoldstadt,Private room in condo,Private room,2,465.0,59,3,1.5,2,261,0,21,4.24,48.22448,16.38323
127.0,67605708,Leopoldstadt,Entire rental unit,Entire home/apt,4,164.0,20,1,1.0,2,319,0,48,4.79,48.22069,16.37396
279.0,342668637,Josefstadt,Room in boutique hotel,Private room,3,414.0,14,1,1.0,1,320,0,3,5.0,48.209862,16.353483
119.0,131671188,Alsergrund,Entire rental unit,Entire home/apt,6,338.0,38,2,1.5,3,267,0,159,4.77,48.2257,16.3501
137.0,661633780,Neubau,Entire rental unit,Entire home/apt,2,447.0,13,1,1.0,1,193,0,8,4.63,48.19989289999999,16.3392177
128.0,311948487,Brigittenau,Entire serviced apartment,Entire home/apt,4,35.0,39,1,1.0,1,354,0,1,5.0,48.22876,16.38029
118.68,139655703,Währing,Entire rental unit,Entire home/apt,4,288.0,3,2,1.0,4,59,0,1,5.0,48.22333760553923,16.340102517729413
47.97,51562386,Rudolfsheim-Fünfhaus,Entire rental unit,Entire home/apt,4,392.0,24,1,1.0,30,323,1,7,5.0,48.19907,16.32536
439.67,32734970,Innere Stadt,Entire serviced apartment,Entire home/apt,4,500.0,66,1,1.5,3,320,1,8,5.0,48.21749,16.3693
137.6,413289409,Landstraße,Room in hotel,Private room,5,104.0,14,1,1.0,1,163,0,1,4.0,48.1988078,16.3847949
119.0,543411361,Leopoldstadt,Entire rental unit,Entire home/apt,8,422.0,6,4,1.0,1,153,0,2,5.0,48.2203329,16.3812329
100.0,686424892,Leopoldstadt,Entire rental unit,Entire home/apt,2,269.0,33,1,1.0,2,96,0,15,4.27,48.231680820467474,16.389505592070133
137.0,49487235,Margareten,Entire rental unit,Entire home/apt,5,493.0,55,1,1.5,2,156,0,46,4.91,48.19135574955221,16.35474273357335
160.0,168294721,Brigittenau,Entire rental unit,Entire home/apt,9,542.0,76,3,1.0,1,362,0,5,4.2,48.23273,16.39123
160.0,360807990,Josefstadt,Entire serviced apartment,Entire home/apt,6,242.0,21,1,1.0,1,235,0,7,4.86,48.214805603027344,16.3494930267334
136.0,406937496,Rudolfsheim-Fünfhaus,Room in aparthotel,Entire home/apt,4,466.0,27,1,1.0,1,333,0,69,4.77,48.18659,16.32681
125.0,490354529,Neubau,Entire rental unit,Entire home/apt,2,61.0,40,1,1.0,2,209,1,96,4.91,48.20099563995848,16.35321244597435
87.09,468133069,Neubau,Entire rental unit,Entire home/apt,3,473.0,17,2,1.0,14,171,0,17,4.71,48.20433412029015,16.353270312535983
85.23,20507981,Mariahilf,Entire rental unit,Entire home/apt,2,319.0,33,1,1.0,21,238,1,24,4.96,48.20057,16.36109
37.0,25406119,Neubau,Shared room in loft,Shared room,1,0.0,17,1,1.0,1,74,0,5,5.0,48.20668,16.33924
147.0,196356933,Margareten,Entire rental unit,Entire home/apt,2,162.0,29,1,1.0,1,357,1,26,4.73,48.1911767,16.3582617
19.67,355872741,Penzing,Shared room in rental unit,Shared room,1,52.0,22,1,1.0,3,168,0,1,5.0,48.19243,16.31613
140.5,30299943,Neubau,Entire rental unit,Entire home/apt,3,465.0,17,1,1.0,2,120,1,25,4.6,48.2054462,16.3525644
90.25,2150005,Landstraße,Entire rental unit,Entire home/apt,2,214.0,20,1,1.0,2,193,1,603,4.75,48.19306,16.38798
108.0,413289409,Landstraße,Entire rental unit,Entire home/apt,2,25.0,14,1,1.0,1,224,0,21,4.52,48.1980981919476,16.383709836859268
104.0,206669946,Meidling,Entire rental unit,Entire home/apt,2,429.0,21,2,1.0,2,77,1,103,4.88,48.1823,16.3352
97.0,481918816,Margareten,Entire rental unit,Entire home/apt,4,304.0,9,1,1.0,1,335,0,12,3.67,48.18734,16.34694
205.0,8632750,Landstraße,Entire serviced apartment,Entire home/apt,6,421.0,34,2,1.5,1,264,0,26,4.27,48.19901,16.37996
186.0,15717058,Landstraße,Entire loft,Entire home/apt,2,372.0,27,1,1.0,3,352,1,297,4.89,48.20761,16.39089
40.0,689954652,Landstraße,Private room in rental unit,Private room,2,168.0,29,1,1.0,2,144,1,21,4.67,48.21309,16.38988
93.03,8494302,Margareten,Entire rental unit,Entire home/apt,4,457.0,33,1,1.0,2,206,1,388,4.87,48.18375,16.3599
1149.0,489835105,Leopoldstadt,Entire rental unit,Entire home/apt,4,71.0,5,1,1.0,1,273,0,5,4.6,48.22632,16.38163
246.67,203734591,Ottakring,Entire rental unit,Entire home/apt,8,468.0,55,3,1.5,2,255,1,67,4.96,48.2167558,16.320787
46.1,51562386,Rudolfsheim-Fünfhaus,Entire rental unit,Entire home/apt,4,443.0,19,1,1.0,30,178,1,14,4.71,48.19829,16.32454
123.0,20939347,Meidling,Private room in rental unit,Private room,4,294.0,8,2,1.0,1,364,0,7,5.0,48.18001020454503,16.328656684655748
1149.0,489835105,Leopoldstadt,Entire rental unit,Entire home/apt,4,310.0,2,1,1.0,1,364,0,10,4.2,48.2259288,16.3824864
143.0,520985618,Wieden,Entire rental unit,Entire home/apt,3,0.0,38,1,1.0,1,126,1,326,4.92,48.1916589,16.3743479
152.0,475069010,Wieden,Entire rental unit,Entire home/apt,4,70.0,25,1,1.0,1,286,0,12,4.92,48.1910459,16.3764238
120.0,587443418,Margareten,Entire rental unit,Entire home/apt,4,235.0,4,2,1.0,1,172,1,3,5.0,48.19111556415906,16.358071142094765
98.2,225439306,Leopoldstadt,Entire rental unit,Entire home/apt,2,471.0,23,1,1.0,5,314,1,17,4.88,48.216975863900416,16.377488124629426
122.0,115894652,Favoriten,Entire rental unit,Entire home/apt,4,490.0,21,2,1.0,3,62,0,70,4.66,48.16945,16.36732
190.33,73210002,Landstraße,Entire rental unit,Entire home/apt,4,394.0,48,1,1.5,3,297,1,60,4.95,48.20853,16.38999
93.0,481918816,Margareten,Entire rental unit,Entire home/apt,2,155.0,4,1,1.0,1,360,0,4,4.25,48.18775,16.34745
41.0,699296041,Margareten,Private room in rental unit,Private room,4,87.0,10,2,1.0,1,326,0,38,4.45,48.1869749,16.3494121
5.1,32505361,Meidling,Entire rental unit,Entire home/apt,2,308.0,15,1,1.0,8,354,0,4,4.75,48.18059,16.34609
154.5,9719601,Neubau,Entire rental unit,Entire home/apt,2,399.0,44,1,1.0,2,237,1,571,4.93,48.20096,16.3461
93.0,481918816,Margareten,Entire rental unit,Entire home/apt,2,263.0,10,1,1.0,1,323,0,2,2.5,48.1874,16.34711
188.5,49936676,Brigittenau,Entire rental unit,Entire home/apt,7,151.0,16,3,2.0,4,347,0,33,4.61,48.23286,16.38591
69.76,252955210,Rudolfsheim-Fünfhaus,Entire rental unit,Entire home/apt,2,388.0,17,1,1.5,3,208,0,102,4.74,48.1991131,16.3223316
149.1,241622636,Neubau,Entire rental unit,Entire home/apt,4,454.0,30,1,1.5,2,13,0,136,4.85,48.203194,16.346169
140.0,349129614,Margareten,Entire rental unit,Entire home/apt,5,39.0,30,1,1.5,1,110,0,34,4.85,48.184807,16.354376
43.73,51562386,Rudolfsheim-Fünfhaus,Entire rental unit,Entire home/apt,4,421.0,24,1,1.0,30,292,1,8,5.0,48.20049140271986,16.325027093579646
150.0,1666605586053548294,Simmering,Entire rental unit,Entire home/apt,5,197.0,50,1,1.5,1,272,0,8,5.0,48.16814,16.4244
230.75,3173584,Innere Stadt,Entire loft,Entire home/apt,4,0.0,36,1,1.5,4,104,1,52,4.94,48.20285,16.37201
91.62,1426583,Wieden,Entire rental unit,Entire home/apt,3,483.0,28,1,1.0,31,270,0,29,4.93,48.19931,16.36627
276.0,23537323,Innere Stadt,Entire rental unit,Entire home/apt,2,59.0,4,1,1.0,1,232,0,1,5.0,48.20161,16.36976
65.71,159097655,Penzing,Entire condo,Entire home/apt,4,251.0,50,1,1.5,4,288,1,121,4.92,48.19224,16.31413
181.0,112722566,Leopoldstadt,Entire condo,Entire home/apt,2,336.0,13,1,1.0,2,352,1,20,4.95,48.2169961,16.3783278
96.0,684732573,Neubau,Entire place,Entire home/apt,1,455.0,14,1,1.0,1,85,1,16,4.88,48.2048396923756,16.347953328238244
162.5,14952347,Rudolfsheim-Fünfhaus,Entire rental unit,Entire home/apt,4,303.0,59,1,1.0,2,332,1,168,4.83,48.18411,16.32738
111.0,1682025563813884090,Landstraße,Entire rental unit,Entire home/apt,5,159.0,11,3,1.0,1,44,0,4,5.0,48.18685,16.4183
107.67,44287689,Alsergrund,Entire rental unit,Entire home/apt,3,470.0,30,1,1.0,3,364,1,60,4.55,48.22401,16.35195
62.86,9997704,Margareten,Shared room in condo,Shared room,1,495.0,18,1,1.0,7,293,1,1,5.0,48.18498,16.36653
51.11,3298645,Ottakring,Entire rental unit,Entire home/apt,2,466.0,26,1,1.0,2,85,1,1,5.0,48.21524,16.32164
133.0,1666605586053548294,Simmering,Entire rental unit,Entire home/apt,4,197.0,45,1,1.0,1,255,0,6,5.0,48.16718,16.42249
100.83,195424385,Leopoldstadt,Entire rental unit,Entire home/apt,4,133.0,30,1,1.0,6,67,0,21,4.43,48.21378,16.37643
391.5,107032606,Neubau,Entire rental unit,Entire home/apt,7,482.0,20,3,2.0,2,43,1,159,4.9,48.20094,16.35846
38.92,141076697,Meidling,Entire rental unit,Entire home/apt,2,452.0,32,1,0.0,30,216,0,78,4.64,48.17990429332725,16.342783806961293
97.67,90776841,Margareten,Entire rental unit,Entire home/apt,3,458.0,39,1,1.0,3,98,0,148,4.77,48.18574,16.3546
112.0,686424892,Landstraße,Entire rental unit,Entire home/apt,4,361.0,4,1,1.0,2,57,0,15,4.87,48.21065773939055,16.39173384709162
228.5,504492460,Mariahilf,Entire rental unit,Entire home/apt,4,470.0,33,2,2.0,2,27,0,20,4.6,48.190188920361685,16.351137422025204
74.0,53178880,Brigittenau,Entire rental unit,Entire home/apt,2,74.0,39,1,1.0,1,244,0,140,4.64,48.233104,16.3657806
90.2,41932655,Mariahilf,Entire condo,Entire home/apt,2,269.0,31,1,1.0,5,5,0,13,4.54,48.19898,16.35572
128.0,709712782,Brigittenau,Entire rental unit,Entire home/apt,8,117.0,20,2,1.0,1,254,0,1,1.0,48.23104,16.37486
66.41,20838421,Margareten,Entire rental unit,Entire home/apt,2,500.0,18,1,1.0,24,364,1,38,4.89,48.18293,16.35399
65.87,1441217,Mariahilf,Entire rental unit,Entire home/apt,2,74.0,30,1,1.5,31,364,1,348,4.35,48.19947,16.3641
227.0,374436871,Mariahilf,Entire rental unit,Entire home/apt,3,353.0,30,1,1.5,2,85,1,2,5.0,48.1995461,16.3621794
93.0,481918816,Mariahilf,Entire rental unit,Entire home/apt,2,304.0,9,1,1.0,1,364,0,6,4.67,48.18911,16.34756
115.55,120885409,Währing,Entire rental unit,Entire home/apt,4,481.0,50,1,1.0,3,263,1,102,4.92,48.21953,16.33987
112.5,490354529,Neubau,Entire rental unit,Entire home/apt,2,569.0,47,1,1.0,2,179,1,204,4.75,48.20106884476024,16.353314606067748
126.67,9851118,Neubau,Entire rental unit,Entire home/apt,4,429.0,21,1,1.0,2,209,1,327,4.91,48.19699,16.34477
110.0,571382581,Margareten,Entire rental unit,Entire home/apt,2,0.0,17,1,0.0,1,354,1,5,5.0,48.18865,16.36332
121.67,259982818,Wieden,Entire rental unit,Entire home/apt,4,379.0,24,1,1.5,3,345,0,110,4.75,48.189093931241,16.367242683379605
229.0,493008351,Landstraße,Entire rental unit,Entire home/apt,3,94.0,20,1,1.0,1,300,0,25,4.32,48.2127178,16.3884188
580.0,100351711,Mariahilf,Entire rental unit,Entire home/apt,10,445.0,38,3,3.5,1,250,1,189,4.9,48.20002,16.35785
269.4,90489441,Landstraße,Entire rental unit,Entire home/apt,4,0.0,38,2,1.0,4,19,0,3,5.0,48.1971,16.37874
294.44,1547126,Innere Stadt,Entire rental unit,Entire home/apt,6,322.0,24,2,2.0,1,233,1,37,4.89,48.20238,16.36498
53.13,143119334,Währing,Entire rental unit,Entire home/apt,2,255.0,32,1,1.0,30,48,0,1,5.0,48.22473,16.33978
117.5,490354529,Neubau,Entire rental unit,Entire home/apt,2,107.0,29,1,1.0,2,243,1,125,4.69,48.2010933,16.3532849
102.54,45580310,Wieden,Entire rental unit,Entire home/apt,2,524.0,27,1,1.5,4,199,1,15,4.87,48.18985736463121,16.36569198465575
216.33,7147147,Innere Stadt,Entire rental unit,Entire home/apt,6,131.0,18,2,1.0,1,322,0,110,4.51,48.20736,16.37042
117.0,146020503,Innere Stadt,Entire rental unit,Entire home/apt,3,405.0,35,1,1.0,1,323,0,93,4.73,48.21063855279954,16.375622403943538
107.0,432493088,Favoriten,Entire rental unit,Entire home/apt,4,498.0,14,2,1.0,1,216,0,156,4.72,48.16828,16.37381
144.06,451388163,Meidling,Entire condo,Entire home/apt,4,503.0,51,1,1.5,1,197,0,67,4.67,48.18372,16.34162
122.0,351699321,Wieden,Entire rental unit,Entire home/apt,2,449.0,34,1,1.0,1,143,0,109,4.72,48.19029379142624,16.365762750676492
157.0,14952347,Rudolfsheim-Fünfhaus,Entire rental unit,Entire home/apt,4,221.0,41,1,1.0,2,339,1,215,4.81,48.18416,16.32782
319.0,59777709,Leopoldstadt,Entire rental unit,Entire home/apt,6,87.0,32,3,1.0,1,268,0,7,4.0,48.2191,16.379
456.0,374436871,Mariahilf,Entire serviced apartment,Entire home/apt,4,467.0,37,2,1.5,2,189,1,45,4.93,48.19942,16.36126
44.65,64388242,Alsergrund,Entire rental unit,Entire home/apt,2,247.0,20,1,1.0,31,292,1,48,4.63,48.22943,16.35775
234.0,52118286,Neubau,Entire rental unit,Entire home/apt,3,232.0,22,1,1.0,2,204,0,27,4.89,48.20139,16.34966
135.0,1686404299777397514,Wieden,Entire rental unit,Entire home/apt,4,406.0,3,1,1.0,1,259,0,3,5.0,48.18853,16.37176
217.0,332249937,Leopoldstadt,Entire rental unit,Entire home/apt,2,333.0,26,1,1.0,2,2,1,4,5.0,48.22105221501138,16.388026177883148
124.27,426354078,Margareten,Entire rental unit,Entire home/apt,4,417.0,31,1,1.0,1,292,1,80,4.89,48.1883104,16.3470032
89.15,143119334,Währing,Entire rental unit,Entire home/apt,4,115.0,5,2,1.0,30,92,0,1,5.0,48.223226680032056,16.340099418962666
253.25,22607058,Landstraße,Entire rental unit,Entire home/apt,5,0.0,45,2,1.0,4,71,0,104,4.63,48.20953,16.39096
148.5,28695856,Mariahilf,Entire rental unit,Entire home/apt,2,130.0,6,1,1.0,4,10,0,1,4.0,48.19599824213403,16.352768114714745
127.0,448227459,Margareten,Entire rental unit,Entire home/apt,3,504.0,4,1,1.0,2,158,0,1,5.0,48.1844309,16.3652657
399.0,493008351,Landstraße,Entire rental unit,Entire home/apt,1,94.0,7,2,1.0,1,295,0,12,4.5,48.2127178,16.3884188
679.0,116849625,Meidling,Entire rental unit,Entire home/apt,4,541.0,37,1,1.5,1,76,0,11,4.82,48.17948,16.344
127.33,298130119,Hernals,Entire condo,Entire home/apt,2,502.0,44,1,1.0,3,134,1,81,4.8,48.219563,16.3333
96.5,67793759,Margareten,Entire rental unit,Entire home/apt,2,52.0,5,1,1.0,2,138,1,45,4.91,48.1884929,16.3613387
127.67,45310570,Neubau,Entire rental unit,Entire home/apt,4,474.0,12,1,1.0,3,56,0,26,4.96,48.206814,16.343048
157.5,243331985,Rudolfsheim-Fünfhaus,Entire rental unit,Entire home/apt,5,262.0,27,2,1.5,2,41,0,42,4.67,48.19777040754126,16.32819758690788
247.46,15935294,Hietzing,Entire rental unit,Entire home/apt,4,251.0,21,2,1.0,1,112,0,8,3.5,48.18907,16.29323
97.0,738580442,Brigittenau,Entire rental unit,Entire home/apt,2,479.0,41,1,1.0,2,338,0,7,4.29,48.23875,16.3657
92.0,96941549,Alsergrund,Entire rental unit,Entire home/apt,5,399.0,19,2,1.0,1,202,0,81,4.47,48.21923371721302,16.366787091891684
144.33,146196,Neubau,Entire rental unit,Entire home/apt,4,520.0,26,1,1.0,3,151,0,249,4.49,48.20515,16.34775
45.77,166283,Leopoldstadt,Entire rental unit,Entire home/apt,4,361.0,34,1,1.0,2,183,0,401,4.75,48.21924,16.37831
182.59,493311607,Rudolfsheim-Fünfhaus,Entire rental unit,Entire home/apt,3,171.0,4,1,1.0,2,364,0,2,5.0,48.1895,16.33064
149.67,503071879,Neubau,Entire rental unit,Entire home/apt,2,45.0,3,1,1.0,3,120,0,6,4.83,48.19972763044649,16.349988497641537
100.0,571036712,Meidling,Entire rental unit,Entire home/apt,5,141.0,25,1,1.0,2,179,0,9,4.33,48.17363,16.31499
150.64,11842127,Rudolfsheim-Fünfhaus,Entire rental unit,Entire home/apt,2,131.0,16,1,1.0,2,338,0,30,4.8,48.19741,16.33637
205.41,724628032,Neubau,Entire rental unit,Entire home/apt,4,215.0,33,2,2.0,1,316,1,3,4.67,48.20343,16.34812
87.3,150963096,Döbling,Entire rental unit,Entire home/apt,2,435.0,25,1,1.0,10,61,0,16,4.94,48.23767931435631,16.345326751470566
131.0,581689598,Donaustadt,Entire rental unit,Entire home/apt,4,236.0,34,1,1.0,2,229,1,125,4.92,48.2267,16.4216
155.0,38492379,Hernals,Entire rental unit,Entire home/apt,4,507.0,58,1,1.0,1,186,1,267,4.93,48.21345,16.32687
106.0,80727701,Hernals,Entire rental unit,Entire home/apt,4,155.0,33,1,1.0,2,188,1,58,4.86,48.2163391,16.3391336
127.5,508815451,Donaustadt,Entire rental unit,Entire home/apt,2,482.0,42,1,1.0,2,16,1,33,4.79,48.22941,16.41386
142.0,249583292,Brigittenau,Entire rental unit,Entire home/apt,6,449.0,31,2,1.0,1,24,0,2,4.5,48.23775282854591,16.382513631518396
197.0,247207927,Hietzing,Entire rental unit,Entire home/apt,5,572.0,28,2,1.5,2,356,0,72,4.85,48.18935,16.28184
78.0,480922722,Brigittenau,Entire rental unit,Entire home/apt,3,60.0,7,1,1.0,1,350,0,74,4.51,48.2362676,16.3887786
126.0,5728440,Hietzing,Entire condo,Entire home/apt,3,239.0,9,2,1.0,2,87,0,6,4.17,48.17121,16.30529
108.05,66040140,Rudolfsheim-Fünfhaus,Entire rental unit,Entire home/apt,3,460.0,39,1,1.0,1,323,0,70,4.77,48.19624,16.32782
152.16,456892451,Innere Stadt,Entire rental unit,Entire home/apt,4,256.0,47,1,1.0,3,255,1,58,4.62,48.21194,16.37566
129.0,16541872,Leopoldstadt,Entire rental unit,Entire home/apt,2,43.0,16,1,1.0,2,180,0,75,4.56,48.22195,16.38549
67.5,473779995,Meidling,Entire serviced apartment,Entire home/apt,2,298.0,39,1,1.0,2,310,0,22,4.77,48.17871,16.32529
133.0,116811441,Hernals,Entire rental unit,Entire home/apt,4,476.0,29,1,1.0,2,249,0,164,4.51,48.21865,16.33834
140.0,401393188,Mariahilf,Entire condo,Entire home/apt,3,255.0,39,1,1.0,3,355,1,70,4.87,48.19174957275391,16.338550567626953
155.0,29176864,Brigittenau,Entire rental unit,Entire home/apt,4,448.0,14,2,1.0,2,83,1,13,4.46,48.23372,16.37427
148.0,413289409,Landstraße,Room in hotel,Private room,4,104.0,14,1,1.0,1,225,0,2,5.0,48.1988078,16.3847949
126.67,560447677,Rudolfsheim-Fünfhaus,Entire rental unit,Entire home/apt,6,356.0,32,2,1.0,1,135,0,37,4.35,48.18710240625065,16.3292428609998
117.64,707631,Brigittenau,Entire rental unit,Entire home/apt,4,0.0,13,1,1.0,7,363,0,6,4.33,48.23187,16.37551
84.0,671028370,Neubau,Entire rental unit,Entire home/apt,2,310.0,6,1,1.0,3,23,0,1,5.0,48.2015942254529,16.3390840883606
114.25,32904759,Brigittenau,Entire rental unit,Entire home/apt,4,477.0,18,2,1.0,2,131,0,4,5.0,48.23018649999999,16.3714099
366.6,16449613,Brigittenau,Entire condo,Entire home/apt,4,533.0,60,2,2.0,3,79,0,7,5.0,48.22951,16.36755
51.52,548089668,Rudolfsheim-Fünfhaus,Private room in rental unit,Private room,1,373.0,11,1,1.0,7,364,0,1,5.0,48.18823,16.33355
172.5,188455952,Wieden,Entire rental unit,Entire home/apt,4,498.0,13,1,1.0,2,59,0,66,4.73,48.19826,16.36598
82.25,1758943,Neubau,Entire rental unit,Entire home/apt,3,183.0,20,1,0.5,2,35,0,62,4.71,48.2011,16.34527
270.33,1595722,Landstraße,Entire condo,Entire home/apt,2,515.0,44,1,1.5,3,58,0,5,5.0,48.19695,16.38317
230.33,3304461,Mariahilf,Entire rental unit,Entire home/apt,4,156.0,13,2,1.0,2,65,0,77,4.94,48.19588,16.34866
169.5,157613541,Mariahilf,Entire rental unit,Entire home/apt,4,285.0,47,1,1.5,4,203,1,159,4.89,48.19329071044922,16.352357864379883
132.5,709712782,Margareten,Entire rental unit,Entire home/apt,4,205.0,15,1,1.0,1,237,0,4,4.0,48.184358855905565,16.354573316908287
66.33,175343322,Meidling,Entire rental unit,Entire home/apt,4,59.0,25,1,1.0,3,144,0,1,4.0,48.16879753115303,16.30050258533159
60.0,571497431,Brigittenau,Shared room in rental unit,Shared room,2,86.0,19,1,1.0,1,11,0,7,4.0,48.23435,16.3692
173.33,16541872,Leopoldstadt,Entire rental unit,Entire home/apt,4,65.0,14,2,1.0,3,336,0,31,4.45,48.22177180184086,16.38616098560837
105.0,329047446,Favoriten,Entire rental unit,Entire home/apt,5,495.0,42,3,1.5,2,201,1,271,4.87,48.16517,16.38107
348.5,518572840,Mariahilf,Entire rental unit,Entire home/apt,6,412.0,50,3,1.5,2,174,1,43,4.98,48.1969249,16.3551351
143.0,196356933,Margareten,Entire rental unit,Entire home/apt,2,461.0,12,1,1.0,2,362,1,19,4.58,48.19224,16.36388
268.0,396597805,Rudolfsheim-Fünfhaus,Private room in hostel,Private room,12,417.0,45,1,3.0,1,140,0,39,4.69,48.196735,16.337521
43.42,977695,Leopoldstadt,Entire rental unit,Entire home/apt,4,167.0,16,1,1.0,31,50,0,1,5.0,48.22529,16.36961
179.0,23620014,Hernals,Entire rental unit,Entire home/apt,2,348.0,58,1,1.5,3,345,0,41,4.93,48.2194566,16.3371995
162.0,222345303,Favoriten,Entire rental unit,Entire home/apt,6,266.0,34,1,1.0,1,32,0,6,4.83,48.17443887477957,16.38274909316588
112.0,115466468,Margareten,Entire rental unit,Entire home/apt,4,492.0,4,2,1.0,1,163,0,1,5.0,48.1935,16.35556
107.4,491823215,Brigittenau,Entire rental unit,Entire home/apt,2,433.0,22,1,1.0,5,260,1,47,4.91,48.228854316183416,16.37069389241573
124.39,540246,Ottakring,Entire rental unit,Entire home/apt,4,142.0,40,1,1.0,1,264,0,168,4.55,48.20524,16.33146
147.25,479002957,Rudolfsheim-Fünfhaus,Entire rental unit,Entire home/apt,4,478.0,55,2,1.0,4,245,1,122,4.96,48.18623,16.32588
90.0,53178880,Rudolfsheim-Fünfhaus,Entire rental unit,Entire home/apt,4,476.0,21,1,1.0,1,237,0,41,4.9,48.1892739,16.3321226
164.5,20838421,Favoriten,Entire rental unit,Entire home/apt,4,498.0,38,1,1.0,2,273,1,92,4.95,48.17816209999999,16.3797072
109.8,548077465,Landstraße,Entire rental unit,Entire home/apt,6,99.0,35,2,1.0,1,248,0,68,4.75,48.18809965329621,16.386932188422485
144.06,138783887,Wieden,Entire rental unit,Entire home/apt,4,95.0,10,2,1.5,4,133,0,1,5.0,48.19649033217562,16.37447029352188
223.5,189066567,Favoriten,Entire rental unit,Entire home/apt,6,529.0,46,1,1.0,2,356,1,2,4.5,48.17906,16.38893
159.5,243331985,Rudolfsheim-Fünfhaus,Entire rental unit,Entire home/apt,6,121.0,27,2,1.5,2,40,0,15,4.6,48.1968278,16.3288914
138.67,37553167,Hernals,Entire rental unit,Entire home/apt,2,397.0,16,1,1.0,1,46,1,18,4.89,48.21896,16.33312
80.0,236304117,Hernals,Private room in rental unit,Private room,2,476.0,5,1,1.0,1,323,0,2,5.0,48.2172580892624,16.335513245647565
109.17,164998141,Margareten,Entire rental unit,Entire home/apt,2,100.0,23,1,1.0,3,156,1,178,4.78,48.19194,16.35999
127.0,75251817,Rudolfsheim-Fünfhaus,Entire rental unit,Entire home/apt,3,439.0,29,1,1.0,1,110,0,22,4.5,48.192972,16.3317602
38.21,62606668,Landstraße,Entire rental unit,Entire home/apt,2,489.0,34,2,1.0,28,113,1,48,4.96,48.19585,16.39232
139.5,212406576,Mariahilf,Entire rental unit,Entire home/apt,4,58.0,40,1,1.0,2,229,1,94,4.87,48.19881,16.35961
174.5,77957597,Rudolfsheim-Fünfhaus,Entire condo,Entire home/apt,4,422.0,37,1,1.0,2,84,1,57,4.96,48.19282411273343,16.3350727883606
67.5,232776663,Rudolfsheim-Fünfhaus,Entire rental unit,Entire home/apt,2,498.0,26,1,1.0,2,50,0,92,4.27,48.19799,16.33157
108.64,1689031918633766705,Währing,Entire rental unit,Entire home/apt,1,502.0,11,1,1.0,2,364,0,1,5.0,48.225559,16.3330545
106.33,513731985,Simmering,Entire rental unit,Entire home/apt,5,496.0,23,2,1.0,1,256,0,13,4.54,48.1710528327374,16.419236593254077
311.67,20068276,Hernals,Private room in serviced apartment,Private room,4,377.0,71,1,1.5,3,279,1,1,5.0,48.21238289999999,16.3388426
191.0,274565185,Ottakring,Entire rental unit,Entire home/apt,6,464.0,40,2,1.5,1,265,0,59,4.83,48.21421,16.33623
150.5,243331985,Rudolfsheim-Fünfhaus,Entire rental unit,Entire home/apt,4,171.0,23,1,1.5,2,42,0,17,4.65,48.1968278,16.3288914
87.0,391685367,Brigittenau,Entire rental unit,Entire home/apt,6,367.0,33,1,1.0,1,246,0,216,4.73,48.23842,16.36768
148.0,578607862,Hernals,Entire rental unit,Entire home/apt,8,41.0,20,3,1.0,1,350,0,46,4.22,48.21929,16.33265
252.5,4353508,Ottakring,Entire rental unit,Entire home/apt,4,342.0,29,3,1.0,1,21,0,309,4.64,48.21058,16.33573
84.0,720292812,Donaustadt,Entire serviced apartment,Entire home/apt,2,284.0,34,1,1.0,1,312,0,175,4.51,48.22661,16.4212
115.67,542809596,Donaustadt,Entire rental unit,Entire home/apt,3,455.0,62,1,1.5,2,257,0,30,4.97,48.2445546,16.4232391
81.0,549331758,Favoriten,Entire rental unit,Entire home/apt,2,305.0,34,1,1.0,1,161,0,243,4.75,48.1735058,16.3894297
96.0,23068829,Donaustadt,Entire rental unit,Entire home/apt,4,358.0,42,1,1.0,1,211,0,7,4.71,48.23384094847184,16.42115045338869
108.41,409231837,Innere Stadt,Entire rental unit,Entire home/apt,3,414.0,23,1,1.0,1,166,1,109,4.93,48.2082647,16.3739206
91.5,4034068,Leopoldstadt,Entire rental unit,Entire home/apt,2,251.0,15,1,1.0,2,32,0,2,4.0,48.22056611355334,16.411103970544357
500.0,540607733,Ottakring,Room in hotel,Private room,4,84.0,8,1,1.0,1,151,0,1,4.0,48.21271,16.3366
268.0,8632750,Innere Stadt,Entire serviced apartment,Entire home/apt,6,274.0,30,1,1.5,1,329,0,48,4.52,48.20819,16.37694
198.0,727654127,Hernals,Entire rental unit,Entire home/apt,3,345.0,41,1,1.0,1,363,0,3,4.67,48.2169374,16.3370143
69.88,69508192,Währing,Entire condo,Entire home/apt,3,283.0,15,2,1.0,11,132,0,2,5.0,48.22726,16.34439
137.0,550639382,Innere Stadt,Entire rental unit,Entire home/apt,2,315.0,19,1,1.0,1,252,0,95,4.65,48.21203,16.37169
100.06,82520509,Favoriten,Entire rental unit,Entire home/apt,6,493.0,47,2,1.5,31,178,1,67,4.99,48.17967,16.36731
114.0,107792331,Favoriten,Entire rental unit,Entire home/apt,2,0.0,47,1,1.0,1,243,0,208,4.7,48.17337,16.38352
342.5,178293155,Floridsdorf,Entire rental unit,Entire home/apt,6,477.0,53,3,2.0,2,306,1,80,4.81,48.247784215943305,16.403738005700138
73.34,23853226,Landstraße,Entire rental unit,Entire home/apt,4,189.0,7,2,1.0,30,175,0,48,4.81,48.19574,16.39914
63.0,750998978,Döbling,Entire rental unit,Entire home/apt,3,87.0,4,1,1.0,1,164,0,1,5.0,48.24374,16.36326
180.0,7865490,Brigittenau,Entire rental unit,Entire home/apt,6,509.0,60,2,1.0,2,269,1,76,4.97,48.24064942537363,16.383422924599333
132.4,85338193,Ottakring,Entire rental unit,Entire home/apt,2,474.0,35,1,1.0,5,32,1,54,4.96,48.21341,16.33576
188.75,725583071,Favoriten,Entire rental unit,Entire home/apt,4,468.0,9,1,1.0,4,319,0,2,5.0,48.1842927,16.3841537
184.0,63107387,Leopoldstadt,Entire rental unit,Entire home/apt,5,506.0,13,2,1.0,1,269,0,11,4.91,48.2061539,16.4310671
223.0,151869337,Simmering,Entire rental unit,Entire home/apt,7,529.0,41,3,1.5,2,33,0,23,4.43,48.17709341437567,16.410640519501957
119.0,502159618,Ottakring,Entire rental unit,Entire home/apt,4,486.0,34,1,1.0,1,199,0,8,4.88,48.2064355,16.3291273
74.0,467816262,Simmering,Entire condo,Entire home/apt,2,494.0,44,1,1.0,3,83,0,8,4.88,48.16959374296171,16.415171010628498
197.0,436366702,Favoriten,Entire rental unit,Entire home/apt,5,396.0,7,2,1.0,1,209,0,6,4.67,48.17604529416072,16.38291077845883
67.23,398400788,Landstraße,Entire condo,Entire home/apt,4,427.0,23,1,1.0,2,214,1,222,4.91,48.20909,16.39074
152.0,15935294,Leopoldstadt,Entire rental unit,Entire home/apt,2,152.0,30,1,1.0,1,323,0,8,4.25,48.20743,16.42922
70.0,750998978,Döbling,Entire rental unit,Entire home/apt,4,59.0,9,2,1.0,1,120,0,21,4.62,48.24427,16.36351
60.48,465563480,Ottakring,Entire rental unit,Entire home/apt,2,487.0,18,1,1.0,1,176,0,93,4.46,48.20762,16.33733
186.33,7648312,Landstraße,Entire condo,Entire home/apt,3,468.0,60,1,1.5,3,94,1,191,4.98,48.18912,16.39612
132.5,43840934,Simmering,Entire home,Entire home/apt,4,458.0,49,1,1.0,2,204,0,12,4.5,48.1760753,16.4252742
144.0,571036712,Meidling,Entire rental unit,Entire home/apt,4,397.0,24,2,1.0,1,178,0,7,4.0,48.1735297893746,16.313081477406165
91.0,115915838,Neubau,Room in boutique hotel,Private room,1,491.0,16,1,1.0,1,312,0,13,4.62,48.19746,16.34639
151.0,15935294,Leopoldstadt,Entire rental unit,Entire home/apt,2,158.0,31,1,1.0,1,340,0,15,4.47,48.2069,16.42729
115.0,308688308,Ottakring,Entire rental unit,Entire home/apt,4,491.0,26,1,1.0,1,312,0,88,4.69,48.20621,16.3327
134.67,146196,Neubau,Entire rental unit,Entire home/apt,4,170.0,33,1,1.5,3,331,0,157,4.68,48.20582,16.34634
205.0,548869588,Leopoldstadt,Entire rental unit,Entire home/apt,2,99.0,37,1,1.0,1,223,0,3,5.0,48.21918040000001,16.4109657
103.0,548077465,Landstraße,Entire rental unit,Entire home/apt,6,75.0,37,2,1.0,1,316,0,67,4.45,48.19627052396617,16.408522063487418
110.0,599590806,Margareten,Room in hotel,Private room,2,363.0,21,1,0.0,1,358,0,1,4.0,48.19332,16.35721
180.31,209268779,Meidling,Entire rental unit,Entire home/apt,4,210.0,68,1,1.5,1,227,1,70,4.97,48.16878009151117,16.313677539491724
55.0,750995709,Brigittenau,Entire rental unit,Entire home/apt,5,87.0,10,2,1.0,1,11,0,11,3.91,48.24079,16.37586
100.1,94468819,Hernals,Entire rental unit,Entire home/apt,3,487.0,5,1,1.0,3,60,0,3,5.0,48.21432,16.3386
171.33,364869711,Favoriten,Entire vacation home,Entire home/apt,3,265.0,53,1,1.5,3,201,1,37,5.0,48.184612,16.384283
89.01,459967727,Rudolfsheim-Fünfhaus,Entire rental unit,Entire home/apt,2,466.0,46,1,1.0,3,281,0,30,4.97,48.19749372486745,16.330527788767615
148.5,116849625,Mariahilf,Entire rental unit,Entire home/apt,4,497.0,23,1,1.0,2,81,0,31,4.71,48.1928454,16.3527712
136.94,425732547,Penzing,Entire rental unit,Entire home/apt,4,82.0,5,1,1.0,1,35,1,9,4.56,48.19664,16.28363
196.0,143756254,Meidling,Entire rental unit,Entire home/apt,8,0.0,32,4,1.5,1,115,1,33,4.94,48.17109,16.33292
105.0,599590806,Margareten,Room in hotel,Private room,2,368.0,18,1,0.0,1,350,0,1,3.0,48.19175,16.35708
85.0,571497431,Simmering,Entire rental unit,Entire home/apt,14,0.0,11,2,1.0,1,40,0,17,3.82,48.181667808805095,16.42147735531042
80.0,739584229,Brigittenau,Entire rental unit,Entire home/apt,4,214.0,5,1,1.0,1,359,0,5,4.4,48.23576619887482,16.37992925941944
204.84,8632750,Innere Stadt,Entire rental unit,Entire home/apt,4,451.0,34,1,1.0,1,261,0,29,4.21,48.21118,16.37293
78.0,549331758,Favoriten,Entire rental unit,Entire home/apt,2,454.0,31,1,1.0,1,176,0,198,4.77,48.1735058,16.3894297
241.0,150628787,Neubau,Entire rental unit,Entire home/apt,3,125.0,32,1,1.0,1,294,0,72,4.96,48.20549790762378,16.348837860745224
111.5,2953490,Ottakring,Private room in rental unit,Private room,2,418.0,29,1,1.0,2,79,0,5,4.6,48.21189,16.33518
123.0,164106611,Wieden,Entire rental unit,Entire home/apt,3,298.0,36,1,1.0,2,112,0,123,4.85,48.19581,16.36557
56.63,94339794,Landstraße,Entire rental unit,Entire home/apt,4,0.0,14,1,1.0,32,132,0,12,4.5,48.20054,16.39904
54.76,9165185,Landstraße,Entire rental unit,Entire home/apt,2,234.0,40,1,1.0,30,49,1,55,4.98,48.20661,16.38681
121.32,662845914,Simmering,Entire rental unit,Entire home/apt,3,499.0,38,1,1.0,1,364,0,12,4.42,48.16941919243829,16.42610918040529
218.0,271233765,Mariahilf,Private room in serviced apartment,Private room,4,447.0,44,1,1.0,1,175,0,2,5.0,48.19544,16.34971
128.95,453824283,Innere Stadt,Entire condo,Entire home/apt,4,109.0,23,1,1.0,1,255,1,46,4.7,48.21076,16.37519
207.33,67209465,Floridsdorf,Entire rental unit,Entire home/apt,4,442.0,13,1,1.0,3,245,0,3,4.67,48.24273806455548,16.405187674868763
198.0,424267568,Donaustadt,Entire rental unit,Entire home/apt,4,123.0,18,1,1.0,1,303,0,2,5.0,48.23304834329415,16.421809402755763
110.16,58614992,Meidling,Entire rental unit,Entire home/apt,4,460.0,36,1,1.0,1,277,1,32,4.78,48.1637,16.31236
112.5,2879103,Mariahilf,Entire rental unit,Entire home/apt,3,0.0,5,1,1.0,2,271,0,45,4.84,48.19795,16.35745
158.0,110311035,Innere Stadt,Entire rental unit,Entire home/apt,2,478.0,27,1,1.0,1,62,0,45,4.73,48.2107642,16.376829
198.5,743398,Leopoldstadt,Entire rental unit,Entire home/apt,6,478.0,3,2,1.0,2,347,0,15,4.73,48.22433347629395,16.383881578993115
135.9,473779995,Meidling,Entire serviced apartment,Entire home/apt,6,303.0,44,2,3.0,2,333,0,14,4.43,48.17709414223259,16.325462338678282
245.0,8632750,Mariahilf,Entire serviced apartment,Entire home/apt,6,414.0,30,2,1.0,1,292,0,52,4.5,48.19609,16.3493
127.0,11842127,Rudolfsheim-Fünfhaus,Entire rental unit,Entire home/apt,2,77.0,9,1,1.0,2,364,0,23,4.65,48.1977,16.33651
197.5,696571369,Innere Stadt,Entire rental unit,Entire home/apt,2,522.0,35,1,1.0,1,310,0,7,4.0,48.20733237432311,16.37461471653291
86.5,487877661,Rudolfsheim-Fünfhaus,Entire condo,Entire home/apt,4,59.0,37,1,1.5,2,55,0,5,4.8,48.19534,16.33033
99.0,50103526,Meidling,Entire condo,Entire home/apt,7,415.0,73,2,1.5,1,361,0,94,4.77,48.17604,16.33542
70.84,5495397,Währing,Entire rental unit,Entire home/apt,4,219.0,23,1,1.0,32,170,0,45,4.84,48.22003,16.34161
59.3,232564791,Mariahilf,Entire rental unit,Entire home/apt,2,495.0,34,1,1.0,30,183,1,6,4.83,48.19487,16.34303
139.14,8849915,Mariahilf,Entire condo,Entire home/apt,2,95.0,31,1,1.0,14,363,0,11,5.0,48.19285,16.35037
114.0,106786369,Favoriten,Entire rental unit,Entire home/apt,4,49.0,27,1,1.0,1,126,0,54,4.91,48.1768679,16.3579942
138.0,527038417,Leopoldstadt,Entire rental unit,Entire home/apt,6,483.0,33,2,1.0,1,105,0,11,4.55,48.22546872375625,16.40264152511852
69.14,4361476,Neubau,Entire rental unit,Entire home/apt,2,444.0,37,1,1.0,30,190,1,30,4.93,48.20083,16.3453
59.46,6175169,Neubau,Entire rental unit,Entire home/apt,2,484.0,9,1,1.0,10,271,1,24,5.0,48.20538071567465,16.34292076218909
142.65,70495983,Wieden,Entire rental unit,Entire home/apt,5,376.0,26,2,1.0,2,197,0,526,4.64,48.19576,16.36561
99.49,91050497,Landstraße,Entire rental unit,Entire home/apt,2,382.0,46,1,1.0,2,344,1,211,4.79,48.19579,16.40524
141.0,15935294,Penzing,Entire rental unit,Entire home/apt,2,292.0,28,1,1.0,1,344,0,10,4.6,48.19041,16.29202
228.33,407937258,Donaustadt,Entire rental unit,Entire home/apt,4,590.0,50,2,1.5,6,180,1,8,5.0,48.2369,16.41323
284.0,15935294,Hietzing,Entire rental unit,Entire home/apt,4,292.0,30,2,2.0,1,329,0,7,4.43,48.18922,16.29378
231.5,338292451,Leopoldstadt,Entire rental unit,Entire home/apt,4,279.0,19,2,1.0,2,25,1,35,4.94,48.21796,16.38325
51.07,207390443,Margareten,Entire rental unit,Entire home/apt,4,0.0,16,1,1.0,30,178,1,18,4.94,48.18455,16.35217
55.92,436263876,Döbling,Entire condo,Entire home/apt,2,251.0,10,1,1.0,2,173,0,78,4.42,48.24165,16.35428
189.0,15935294,Leopoldstadt,Entire rental unit,Entire home/apt,2,332.0,30,1,1.0,1,324,0,17,4.82,48.20731,16.42787
145.0,481918816,Leopoldstadt,Entire rental unit,Entire home/apt,4,348.0,16,1,1.0,1,219,0,1,5.0,48.21741,16.38281
133.5,116811441,Währing,Entire rental unit,Entire home/apt,4,360.0,28,2,1.0,2,57,0,11,4.55,48.22218,16.33776
189.0,530816957,Leopoldstadt,Entire rental unit,Entire home/apt,4,214.0,6,1,1.0,1,18,0,2,4.0,48.2192,16.38454
86.0,63502756,Wieden,Private room in condo,Private room,1,177.0,50,1,1.0,1,17,0,12,5.0,48.19497,16.36307
188.5,3304461,Mariahilf,Entire rental unit,Entire home/apt,2,495.0,30,1,1.0,2,75,0,11,5.0,48.19679895934,16.348040141165257
103.5,598496861,Landstraße,Entire rental unit,Entire home/apt,2,531.0,39,1,1.0,2,345,0,45,4.67,48.19783,16.40365
127.64,699080223,Alsergrund,Entire rental unit,Entire home/apt,4,86.0,34,2,1.0,1,126,0,28,4.61,48.22722,16.3622
162.2,7032555,Brigittenau,Entire rental unit,Entire home/apt,4,250.0,36,1,1.0,5,364,0,23,5.0,48.23108,16.36703
58.77,3989219,Brigittenau,Entire rental unit,Entire home/apt,2,238.0,22,1,1.0,5,62,0,3,5.0,48.2333808436976,16.371491256633075
152.0,699443274,Währing,Entire rental unit,Entire home/apt,5,461.0,40,2,1.0,1,73,1,36,4.89,48.23257,16.34333
177.0,735179391,Leopoldstadt,Entire rental unit,Entire home/apt,4,358.0,8,1,1.0,3,53,0,1,5.0,48.20568,16.39988
121.0,734059201,Währing,Entire rental unit,Entire home/apt,4,451.0,10,2,1.0,1,355,0,1,5.0,48.22266,16.33657
220.0,15935294,Hietzing,Entire rental unit,Entire home/apt,4,292.0,29,2,2.0,1,323,0,7,4.43,48.18918,16.29373
89.5,280290860,Favoriten,Entire rental unit,Entire home/apt,3,227.0,32,1,1.0,2,169,1,12,4.58,48.17251092147199,16.368518428336095
72.0,713120295,Leopoldstadt,Entire rental unit,Entire home/apt,4,77.0,24,1,1.0,1,312,0,46,4.22,48.22167,16.39857
159.0,227232876,Favoriten,Entire rental unit,Entire home/apt,3,432.0,13,1,1.0,1,298,1,1,4.0,48.1769444,16.3568536
99.0,713120295,Leopoldstadt,Entire rental unit,Entire home/apt,8,77.0,24,2,1.0,1,303,0,30,4.47,48.22167,16.39874
119.0,416349898,Hernals,Entire rental unit,Entire home/apt,6,59.0,27,1,1.0,1,175,0,1,5.0,48.223502320331846,16.331403341229763
109.0,383835177,Landstraße,Entire rental unit,Entire home/apt,4,377.0,32,1,0.0,2,365,0,49,4.61,48.19934,16.39917
83.0,53178880,Rudolfsheim-Fünfhaus,Entire rental unit,Entire home/apt,3,87.0,19,1,1.0,1,248,0,113,4.74,48.1892739,16.3321226
166.33,569580351,Leopoldstadt,Entire home,Entire home/apt,5,244.0,25,3,1.0,3,170,0,7,4.29,48.19655,16.41441
79.95,10049122,Mariahilf,Entire rental unit,Entire home/apt,2,193.0,46,1,1.0,7,206,1,34,4.94,48.1938,16.34976
57.74,66040140,Penzing,Entire rental unit,Entire home/apt,4,325.0,45,1,1.0,30,180,0,28,4.86,48.19930143349692,16.30642917812706
233.0,749529057,Leopoldstadt,Entire rental unit,Entire home/apt,3,515.0,12,1,1.0,2,95,0,7,5.0,48.21044769795936,16.419462338089943
211.0,530816957,Leopoldstadt,Entire serviced apartment,Entire home/apt,6,183.0,39,2,1.0,1,175,0,71,4.83,48.21913,16.38468
133.0,585612326,Favoriten,Entire rental unit,Entire home/apt,4,499.0,43,1,1.0,1,364,0,1,4.0,48.1749051569877,16.356151878050653
264.0,474456233,Ottakring,Entire rental unit,Entire home/apt,6,360.0,63,2,1.5,1,126,0,51,4.45,48.21117419999999,16.3264116
253.99,475569072,Leopoldstadt,Entire rental unit,Entire home/apt,4,522.0,56,2,1.5,2,292,1,19,5.0,48.2098446,16.4197515
128.95,568009654,Ottakring,Entire rental unit,Entire home/apt,4,321.0,32,1,1.0,1,257,0,15,4.47,48.2092,16.32963
203.0,9000665,Währing,Entire rental unit,Entire home/apt,2,369.0,21,2,1.0,2,213,1,22,5.0,48.2328115,16.326972
77.18,1678161007687564325,Simmering,Entire rental unit,Entire home/apt,6,526.0,56,3,1.5,3,341,0,1,5.0,48.17633,16.40897
128.39,385064248,Favoriten,Entire rental unit,Entire home/apt,6,312.0,29,3,1.5,30,324,0,2,5.0,48.1836594,16.3810534
112.0,151274765,Simmering,Entire serviced apartment,Entire home/apt,4,496.0,42,1,1.0,2,364,0,31,4.68,48.17741,16.40813
122.0,551661125,Rudolfsheim-Fünfhaus,Entire rental unit,Entire home/apt,4,49.0,12,2,1.0,3,325,0,15,4.53,48.18660197124348,16.32077194156619
135.5,469492278,Leopoldstadt,Entire condo,Entire home/apt,4,399.0,30,1,1.5,2,84,0,71,4.69,48.20289,16.40111
133.0,9783136,Margareten,Entire rental unit,Entire home/apt,3,228.0,29,1,1.0,1,10,1,559,4.86,48.1937,16.35632
51.63,2188457,Rudolfsheim-Fünfhaus,Entire rental unit,Entire home/apt,3,424.0,17,1,1.0,1,236,1,10,5.0,48.18938,16.33224
47.57,141332922,Penzing,Entire rental unit,Entire home/apt,4,56.0,7,2,1.0,30,364,0,2,4.5,48.19606410102004,16.28665099775771
53.74,141332922,Penzing,Entire rental unit,Entire home/apt,5,61.0,9,1,1.0,30,324,0,1,4.0,48.19431329366675,16.288691846692142
165.0,69687197,Landstraße,Entire rental unit,Entire home/apt,4,315.0,42,1,1.0,1,106,0,6,5.0,48.2046223,16.3962208
115.26,266024489,Landstraße,Entire rental unit,Entire home/apt,3,60.0,26,1,1.0,1,259,0,26,4.85,48.19649,16.40637
40.67,175343322,Simmering,Entire rental unit,Entire home/apt,4,198.0,30,1,1.0,1,112,0,1,4.0,48.17391,16.41382
85.5,313814498,Favoriten,Entire rental unit,Entire home/apt,4,484.0,33,1,1.0,2,184,0,197,4.72,48.17609,16.36814
73.39,8632750,Neubau,Entire serviced apartment,Entire home/apt,4,299.0,46,1,1.0,28,295,0,27,4.56,48.20017,16.34081
70.0,750998978,Döbling,Entire rental unit,Entire home/apt,4,86.0,24,2,1.0,1,157,0,3,4.33,48.24585,16.36202
104.33,560447677,Rudolfsheim-Fünfhaus,Entire rental unit,Entire home/apt,4,280.0,33,2,1.0,1,119,0,106,4.52,48.19294,16.33721
77.5,42609015,Döbling,Private room in rental unit,Private room,1,442.0,42,1,1.0,2,23,1,109,4.96,48.24398900624707,16.33802826385424
155.0,756981308,Favoriten,Entire rental unit,Entire home/apt,4,59.0,34,1,1.0,1,23,0,1,5.0,48.173473,16.3742989
121.0,259936981,Rudolfsheim-Fünfhaus,Entire rental unit,Entire home/apt,4,424.0,19,1,1.5,1,348,0,17,4.59,48.19382239999999,16.3360618
99.0,320953087,Brigittenau,Entire rental unit,Entire home/apt,3,0.0,17,1,1.5,1,169,0,36,4.75,48.24084,16.37913
64.96,323912303,Alsergrund,Entire rental unit,Entire home/apt,4,389.0,45,1,1.0,4,120,1,55,4.82,48.21871196627775,16.342678561984556
171.0,713120295,Leopoldstadt,Entire rental unit,Entire home/apt,12,87.0,22,3,2.0,1,303,0,3,4.67,48.22176,16.39853
234.33,562539934,Penzing,Entire rental unit,Entire home/apt,6,453.0,46,3,1.5,3,133,1,37,4.97,48.18931,16.31145
128.5,15935294,Hietzing,Entire rental unit,Entire home/apt,2,292.0,27,1,1.0,1,322,0,8,4.5,48.18888,16.29188
144.0,103028422,Favoriten,Entire rental unit,Entire home/apt,4,468.0,51,1,1.0,2,44,1,72,4.86,48.1664,16.38055
213.0,15935294,Hietzing,Entire rental unit,Entire home/apt,4,292.0,31,2,2.0,1,331,0,8,4.25,48.18872,16.29354
103.0,748405280,Favoriten,Entire rental unit,Entire home/apt,3,512.0,13,1,1.0,1,257,0,3,5.0,48.1808492,16.3766638
500.0,540607733,Ottakring,Room in hotel,Private room,6,84.0,9,1,1.0,1,151,0,1,5.0,48.21271,16.3366
147.0,664314137,Leopoldstadt,Entire rental unit,Entire home/apt,2,458.0,19,1,1.0,1,263,1,30,4.83,48.21378490000001,16.3799972
105.6,407937258,Landstraße,Entire rental unit,Entire home/apt,4,605.0,42,2,1.5,28,235,1,6,5.0,48.19236916525861,16.408103268295733
102.5,169752168,Ottakring,Entire condo,Entire home/apt,3,413.0,47,1,1.0,1,320,1,152,4.88,48.20857,16.3275
157.5,206669946,Landstraße,Entire rental unit,Entire home/apt,4,392.0,23,2,1.0,2,85,1,46,4.93,48.19924231629032,16.402291849078797
144.31,15935294,Landstraße,Entire rental unit,Entire home/apt,4,273.0,26,2,1.5,30,304,0,7,4.43,48.19138,16.38532
163.0,684463635,Währing,Entire rental unit,Entire home/apt,2,427.0,52,1,1.0,2,170,1,26,4.88,48.2248992,16.334945
129.0,383881495,Meidling,Entire rental unit,Entire home/apt,3,477.0,35,1,1.0,2,179,0,2,5.0,48.18451020039494,16.323240101337433
75.72,23389418,Mariahilf,Entire rental unit,Entire home/apt,3,258.0,9,1,1.0,30,363,0,1,4.0,48.19203,16.33827
133.0,385936669,Favoriten,Entire rental unit,Entire home/apt,2,168.0,5,1,1.0,1,310,0,1,5.0,48.17265,16.37657
156.0,52433366,Leopoldstadt,Entire rental unit,Entire home/apt,6,573.0,60,2,1.0,1,224,0,107,4.53,48.21371205263834,16.390819884493325
68.24,473364085,Döbling,Entire rental unit,Entire home/apt,6,515.0,51,2,1.5,31,336,0,2,4.5,48.24442,16.36216
96.4,24644036,Margareten,Entire rental unit,Entire home/apt,2,54.0,15,1,1.0,5,100,0,10,4.9,48.18596,16.35051
101.0,164241591,Favoriten,Entire rental unit,Entire home/apt,4,434.0,8,1,1.0,1,307,1,20,4.7,48.17682816305942,16.377963264418046
258.0,4331202,Penzing,Entire rental unit,Entire home/apt,4,225.0,44,2,1.0,1,334,0,6,4.67,48.18845,16.30319
115.0,107553706,Leopoldstadt,Entire rental unit,Entire home/apt,4,333.0,28,1,1.0,1,29,0,150,4.75,48.22027,16.40023
89.5,473779995,Favoriten,Entire serviced apartment,Entire home/apt,2,365.0,56,1,1.5,2,360,0,58,4.78,48.17510636968303,16.357007700151026
150.0,530403818,Landstraße,Entire rental unit,Entire home/apt,4,500.0,30,1,1.0,1,121,1,38,4.84,48.1989929,16.3963068
53.75,6146940,Mariahilf,Entire rental unit,Entire home/apt,4,250.0,50,1,1.0,4,168,0,32,4.69,48.19138,16.34841
125.43,254231128,Ottakring,Entire rental unit,Entire home/apt,4,443.0,43,2,1.0,1,92,0,357,4.94,48.20661,16.32909
186.0,432493088,Leopoldstadt,Entire condo,Entire home/apt,4,453.0,29,2,1.5,1,293,0,193,4.77,48.21721,16.381
120.0,4135984,Meidling,Entire rental unit,Entire home/apt,4,518.0,23,1,2.0,1,190,0,39,4.67,48.1753066,16.3265711
131.0,313423785,Ottakring,Entire rental unit,Entire home/apt,4,430.0,33,2,1.0,1,354,1,21,4.48,48.20661,16.32796
87.0,152433712,Favoriten,Entire serviced apartment,Entire home/apt,2,304.0,33,1,1.0,1,362,0,722,4.64,48.18335,16.37709
124.5,483925504,Favoriten,Entire condo,Entire home/apt,6,60.0,23,2,1.0,2,70,0,74,4.54,48.17397,16.37362
54.92,108325383,Wieden,Entire loft,Entire home/apt,2,71.0,33,1,0.0,30,58,0,19,5.0,48.19684,16.36412
136.94,4610837,Leopoldstadt,Entire condo,Entire home/apt,6,240.0,34,2,1.5,18,167,0,9,4.44,48.22513,16.38767
146.0,540749535,Währing,Entire rental unit,Entire home/apt,3,520.0,51,2,1.5,1,311,1,31,4.81,48.2225736,16.3401389
124.0,287064802,Währing,Entire rental unit,Entire home/apt,6,474.0,48,2,1.5,2,265,1,1,5.0,48.2260813418061,16.349349087834906
31.99,137671124,Donaustadt,Private room in rental unit,Private room,2,110.0,35,1,2.0,7,263,0,8,4.38,48.292,16.48516
65.0,545861056,Favoriten,Entire rental unit,Entire home/apt,2,449.0,35,1,1.0,1,40,1,53,4.77,48.1723,16.36316
497.0,23537323,Favoriten,Entire rental unit,Entire home/apt,12,431.0,9,3,4.0,1,242,0,4,4.25,48.1750815,16.3756144
151.0,684463635,Währing,Entire rental unit,Entire home/apt,2,384.0,51,1,1.0,2,171,1,16,4.69,48.2248992,16.334945
47.87,721613340,Ottakring,Entire rental unit,Entire home/apt,2,457.0,37,1,1.0,3,142,1,5,5.0,48.211652411442685,16.310873434393308
134.0,721769477,Favoriten,Entire rental unit,Entire home/apt,4,538.0,9,1,1.0,1,40,0,1,4.0,48.16802902211544,16.34797845330352
131.0,578607862,Favoriten,Entire rental unit,Entire home/apt,6,54.0,5,1,1.0,1,364,0,7,4.57,48.17223,16.37633
90.0,473779995,Favoriten,Entire serviced apartment,Entire home/apt,2,364.0,56,1,1.5,2,364,0,51,4.76,48.17327625171296,16.35499217853025
100.0,15935294,Favoriten,Entire rental unit,Entire home/apt,2,93.0,21,1,1.0,1,331,0,10,4.6,48.16877856685548,16.34641695074227
82.0,665536965,Alsergrund,Entire rental unit,Entire home/apt,4,399.0,54,1,1.0,1,319,0,44,4.73,48.228501352679984,16.35964592348982
143.0,4860716,Alsergrund,Entire rental unit,Entire home/apt,6,232.0,47,3,1.5,2,325,1,141,4.89,48.21859,16.35698
137.0,104953821,Liesing,Entire rental unit,Entire home/apt,5,457.0,4,2,1.0,1,364,0,6,4.83,48.1382018,16.2442664
204.39,120675973,Ottakring,Entire rental unit,Entire home/apt,6,59.0,6,3,1.0,2,231,0,22,4.82,48.21132,16.32535
73.5,725918445,Döbling,Entire rental unit,Entire home/apt,6,483.0,10,1,1.0,2,348,0,6,4.17,48.26194,16.3677
137.33,560447677,Rudolfsheim-Fünfhaus,Entire rental unit,Entire home/apt,6,247.0,26,2,1.0,1,146,0,5,4.4,48.1867,16.32872
77.0,480282551,Favoriten,Entire rental unit,Entire home/apt,4,366.0,32,1,1.0,1,352,0,173,4.55,48.17985909999999,16.3778861
171.0,15935294,Favoriten,Entire rental unit,Entire home/apt,4,93.0,22,2,1.0,1,342,0,20,4.85,48.16878,16.34637
169.0,170313089,Donaustadt,Room in hotel,Private room,5,442.0,11,1,1.0,1,323,0,1,5.0,48.25249,16.49874
128.0,547677118,Alsergrund,Room in hotel,Private room,5,268.0,22,1,1.0,1,317,0,11,4.91,48.216669017254446,16.35977796556318
154.5,8109016,Favoriten,Entire rental unit,Entire home/apt,4,189.0,65,2,1.0,2,53,1,111,4.89,48.15868236288952,16.404077967188563
115.0,151274765,Favoriten,Entire serviced apartment,Entire home/apt,4,491.0,42,1,1.0,2,311,0,7,5.0,48.17489,16.35662
162.33,16541872,Leopoldstadt,Entire rental unit,Entire home/apt,4,91.0,19,2,1.0,3,362,0,56,4.52,48.22437,16.38593
109.0,276045590,Donaustadt,Private room in home,Private room,8,59.0,31,5,2.0,1,180,0,2,1.0,48.21366,16.53186
91.3,1669728814435627205,Währing,Entire rental unit,Entire home/apt,4,131.0,31,1,1.0,2,127,0,5,4.8,48.23077,16.3465
209.33,101614640,Favoriten,Entire rental unit,Entire home/apt,6,448.0,21,2,1.0,1,205,0,23,4.74,48.1725,16.37758
72.0,156404033,Penzing,Entire rental unit,Entire home/apt,4,416.0,30,1,1.0,1,342,0,61,4.25,48.19656,16.30794
188.33,524602231,Leopoldstadt,Entire rental unit,Entire home/apt,3,156.0,33,1,1.0,2,30,0,57,4.86,48.21725,16.38368
176.0,530403818,Alsergrund,Entire rental unit,Entire home/apt,4,340.0,20,2,1.5,1,43,1,9,4.78,48.22471811320411,16.3537497378088
164.0,18629572,Penzing,Entire rental unit,Entire home/apt,2,48.0,10,1,1.0,2,266,0,15,4.93,48.19729,16.26138
103.5,383835177,Landstraße,Entire rental unit,Entire home/apt,2,411.0,32,1,1.5,2,365,0,9,4.33,48.19965981018883,16.39750087649199
171.33,260542077,Favoriten,Entire rental unit,Entire home/apt,5,182.0,37,2,1.0,3,165,1,255,4.98,48.18106,16.37653
123.0,16541872,Leopoldstadt,Entire rental unit,Entire home/apt,2,48.0,7,1,1.0,3,329,0,44,4.68,48.2214,16.38739
99.0,54981582,Landstraße,Entire rental unit,Entire home/apt,2,495.0,5,1,1.0,3,63,0,1,5.0,48.198609168023125,16.39596350491047
145.0,313830783,Favoriten,Entire rental unit,Entire home/apt,1,59.0,30,1,1.0,1,252,0,3,3.67,48.18065,16.37716
308.0,725094982,Innere Stadt,Entire rental unit,Entire home/apt,5,327.0,19,2,2.0,1,271,0,9,4.33,48.2058275,16.374443
89.0,713777330,Landstraße,Entire rental unit,Entire home/apt,3,446.0,30,1,1.0,1,91,1,82,4.96,48.20043763476853,16.394934877753258
137.0,104953821,Liesing,Private room in home,Private room,3,59.0,4,1,0.5,1,365,0,2,5.0,48.13709353478563,16.244713269338792
123.0,16541872,Leopoldstadt,Entire rental unit,Entire home/apt,3,26.0,9,1,1.0,3,315,0,61,4.41,48.22175,16.38711
165.0,568676587,Liesing,Entire rental unit,Entire home/apt,6,51.0,22,2,1.0,2,270,0,2,4.5,48.1393131,16.269025
63.0,561630754,Landstraße,Private room in rental unit,Private room,1,399.0,21,1,2.0,1,134,0,10,3.7,48.20503,16.39322
137.0,560818036,Favoriten,Entire rental unit,Entire home/apt,4,161.0,4,1,1.0,1,128,0,3,4.33,48.18063,16.37799
54.0,459909479,Favoriten,Private room in rental unit,Private room,1,60.0,18,1,1.0,1,328,0,40,4.38,48.1726751479586,16.356687813074664
199.0,15935294,Josefstadt,Entire rental unit,Entire home/apt,2,434.0,28,1,1.5,1,298,0,19,4.79,48.21002,16.35362
162.0,467789214,Favoriten,Entire rental unit,Entire home/apt,4,155.0,17,1,1.0,2,336,1,33,4.85,48.14217085314375,16.405594053967295
110.0,1853977,Donaustadt,Entire rental unit,Entire home/apt,2,228.0,62,1,1.0,1,358,0,37,4.84,48.225773,16.506069
74.48,47644816,Penzing,Entire condo,Entire home/apt,4,453.0,37,1,1.0,27,268,1,53,4.49,48.19451,16.30888
91.33,20076579,Hietzing,Entire condo,Entire home/apt,2,142.0,22,1,1.0,3,332,0,11,4.73,48.19002,16.26782
108.5,81814718,Donaustadt,Entire rental unit,Entire home/apt,2,280.0,36,1,1.0,1,278,1,14,4.93,48.2171202,16.5377742
405.5,257818558,Döbling,Entire home,Entire home/apt,6,449.0,42,2,1.0,2,364,0,14,4.29,48.28537217094926,16.345549946555185
157.0,15935294,Favoriten,Entire rental unit,Entire home/apt,4,93.0,22,2,1.0,1,353,0,23,4.7,48.16933,16.34616
146.0,15935294,Favoriten,Entire rental unit,Entire home/apt,4,93.0,22,1,1.0,1,348,0,7,4.86,48.16723,16.34663
140.83,193837570,Landstraße,Entire rental unit,Entire home/apt,2,93.0,16,1,1.0,6,87,0,1,4.0,48.19876241989566,16.399260326285926
98.0,584822996,Ottakring,Entire rental unit,Entire home/apt,4,541.0,30,1,1.0,1,306,0,5,4.2,48.2168691,16.3123697
91.2,287064802,Penzing,Entire rental unit,Entire home/apt,5,425.0,44,1,1.5,2,132,1,60,4.78,48.19176,16.31558
180.14,747514309,Leopoldstadt,Entire condo,Entire home/apt,3,498.0,63,1,2.0,5,87,0,1,5.0,48.21227,16.41871
120.0,23500770,Floridsdorf,Entire rental unit,Entire home/apt,6,414.0,11,1,1.0,1,51,0,1,5.0,48.29380339999999,16.4108038
168.0,568676587,Liesing,Entire rental unit,Entire home/apt,6,412.0,16,2,1.0,2,32,0,1,3.0,48.1393131,16.269025
233.0,15935294,Josefstadt,Entire rental unit,Entire home/apt,2,434.0,29,1,1.5,1,316,0,26,4.73,48.21024,16.35394
83.43,152433712,Favoriten,Room in serviced apartment,Hotel room,2,305.0,33,1,1.0,1,362,0,64,4.83,48.18335,16.37709
131.5,260630987,Alsergrund,Private room in rental unit,Private room,3,479.0,64,2,1.0,2,38,0,4,5.0,48.21778,16.35695
74.2,41054427,Favoriten,Entire rental unit,Entire home/apt,2,518.0,8,1,1.0,5,139,0,86,4.64,48.17496,16.37322
138.0,27775775,Donaustadt,Entire rental unit,Entire home/apt,1,441.0,25,1,1.0,1,341,0,1,5.0,48.27957,16.49349
163.0,478212227,Favoriten,Entire rental unit,Entire home/apt,2,91.0,26,1,1.0,1,362,0,13,4.54,48.1401592,16.4007815
152.0,15935294,Favoriten,Entire rental unit,Entire home/apt,4,93.0,23,1,1.0,1,341,0,5,4.6,48.16937,16.34637
87.0,248190013,Ottakring,Entire rental unit,Entire home/apt,2,436.0,16,1,1.0,1,270,0,7,4.71,48.2095,16.32978
137.0,104953821,Liesing,Private room in guesthouse,Private room,3,463.0,7,1,1.0,1,365,0,2,5.0,48.1382018,16.2442664
94.5,432165658,Floridsdorf,Entire rental unit,Entire home/apt,4,553.0,42,1,1.0,2,339,0,23,4.96,48.26072,16.40375
76.91,77480001,Rudolfsheim-Fünfhaus,Entire rental unit,Entire home/apt,3,284.0,26,1,1.0,2,37,0,86,4.55,48.19395,16.3158
126.0,16541872,Leopoldstadt,Entire rental unit,Entire home/apt,2,61.0,9,1,1.0,3,152,0,50,4.62,48.22171,16.38725
177.0,574661265,Donaustadt,Entire rental unit,Entire home/apt,4,446.0,29,2,1.0,1,166,1,21,5.0,48.22608,16.50567
176.0,509378285,Währing,Entire rental unit,Entire home/apt,3,59.0,50,1,1.0,2,60,0,12,5.0,48.23111519246572,16.346604824066162
251.5,723613349,Penzing,Entire rental unit,Entire home/apt,4,415.0,19,2,1.0,2,185,0,4,4.75,48.1951759,16.3109302
48.16,545578645,Donaustadt,Private room in bed and breakfast,Private room,1,306.0,4,1,1.0,2,268,0,1,5.0,48.2148365003619,16.52458519885863
110.5,4331202,Favoriten,Entire rental unit,Entire home/apt,4,385.0,34,1,1.0,2,353,0,9,4.33,48.18184,16.37508
112.0,15935294,Favoriten,Entire rental unit,Entire home/apt,2,93.0,23,1,1.0,1,353,0,4,5.0,48.16869274348903,16.344498338471787
142.0,15935294,Favoriten,Entire rental unit,Entire home/apt,4,93.0,23,1,1.0,1,341,0,5,5.0,48.167835446106864,16.344547731202272
88.2,152433712,Favoriten,Entire serviced apartment,Entire home/apt,2,304.0,34,1,1.0,1,364,0,1,5.0,48.1833952,16.3772321
78.5,27775775,Donaustadt,Entire rental unit,Entire home/apt,2,529.0,23,1,1.0,1,363,0,6,4.33,48.27818,16.49165
142.0,723148748,Alsergrund,Entire rental unit,Entire home/apt,2,438.0,38,1,1.0,1,89,0,7,4.29,48.23170865866759,16.356573291435595
52.0,524045395,Alsergrund,Private room in rental unit,Private room,2,431.0,15,1,1.0,1,140,0,5,5.0,48.2257182,16.3659991
88.2,152433712,Favoriten,Private room in serviced apartment,Private room,2,304.0,33,1,1.0,1,364,0,1,5.0,48.1833952,16.3772321
153.5,725094982,Innere Stadt,Entire rental unit,Entire home/apt,2,327.0,23,1,1.0,2,243,0,6,4.33,48.2058275,16.374443
213.0,483565974,Favoriten,Entire rental unit,Entire home/apt,4,419.0,10,1,1.0,1,363,0,14,4.71,48.14336,16.3973
236.0,222345303,Brigittenau,Entire rental unit,Entire home/apt,8,390.0,31,3,1.0,1,27,0,17,4.88,48.2313,16.36556
74.76,468133069,Ottakring,Entire rental unit,Entire home/apt,2,361.0,21,1,1.0,2,76,0,63,4.71,48.2093855,16.3296316
104.0,713120295,Leopoldstadt,Entire rental unit,Entire home/apt,4,77.0,24,1,1.0,1,304,0,54,4.63,48.2196,16.39729
47.34,136867301,Favoriten,Entire condo,Entire home/apt,4,488.0,33,1,1.0,31,331,1,40,4.73,48.17155,16.37324
80.13,578607862,Favoriten,Entire rental unit,Entire home/apt,6,54.0,4,1,1.0,30,365,0,3,3.67,48.17310459999999,16.3756703
98.33,20076579,Hietzing,Entire rental unit,Entire home/apt,2,100.0,20,1,1.0,3,341,0,23,4.7,48.18991,16.26791
142.0,15935294,Favoriten,Entire rental unit,Entire home/apt,4,93.0,22,2,1.0,1,352,0,26,4.85,48.16896,16.34447
64.0,718238222,Währing,Private room in rental unit,Private room,2,560.0,4,1,1.0,1,124,0,2,4.5,48.22781613161635,16.343772411346436
75.0,314406418,Favoriten,Private room in rental unit,Private room,3,0.0,17,1,1.5,1,82,0,4,4.25,48.17856,16.37315
103.0,15935294,Favoriten,Entire rental unit,Entire home/apt,2,93.0,21,1,1.0,1,326,0,7,3.43,48.1693,16.3444
42.45,15862333,Ottakring,Entire rental unit,Entire home/apt,3,279.0,51,2,1.0,1,66,1,95,4.93,48.20925,16.33196
111.0,222345303,Brigittenau,Entire rental unit,Entire home/apt,4,481.0,29,1,1.0,1,343,0,1,5.0,48.23398393805324,16.365998994569367
491.85,198595616,Döbling,Entire home,Entire home/apt,10,473.0,60,4,3.5,1,63,0,109,4.92,48.26147079467773,16.351442337036133
131.24,57486025,Favoriten,Entire rental unit,Entire home/apt,4,272.0,54,2,1.0,1,155,1,738,4.91,48.17312,16.37504
126.0,13053581,Döbling,Entire guest suite,Entire home/apt,2,432.0,37,1,1.5,1,180,1,73,4.99,48.2586975,16.3576686
93.79,27650060,Rudolfsheim-Fünfhaus,Entire condo,Entire home/apt,4,278.0,23,1,1.0,14,279,0,6,5.0,48.19577,16.32827
152.92,146854182,Penzing,Entire home,Entire home/apt,6,429.0,59,3,1.0,3,179,1,138,4.86,48.22366,16.24371
111.5,79013845,Hernals,Private room in rental unit,Private room,2,517.0,9,1,1.0,2,178,0,1,5.0,48.21839,16.32154
117.83,540246,Währing,Entire rental unit,Entire home/apt,3,347.0,47,1,1.5,30,270,0,24,4.96,48.22378,16.33748
270.0,754936696,Liesing,Entire bungalow,Entire home/apt,8,428.0,53,3,2.5,1,336,0,3,5.0,48.154274388321774,16.31835139795872
85.5,473779995,Favoriten,Entire serviced apartment,Entire home/apt,4,364.0,52,1,1.0,2,342,0,3,5.0,48.1626903,16.3826926
74.25,41054427,Favoriten,Entire rental unit,Entire home/apt,2,232.0,9,1,1.0,4,139,0,183,4.74,48.17553,16.37157
195.5,432165658,Favoriten,Entire rental unit,Entire home/apt,4,556.0,32,1,1.0,1,300,0,5,4.6,48.14196,16.40466
154.33,373489394,Donaustadt,Entire rental unit,Entire home/apt,3,553.0,33,1,1.0,3,345,0,5,5.0,48.2506291,16.4373692
91.0,571497431,Simmering,Entire rental unit,Entire home/apt,10,77.0,19,4,0.0,1,39,0,4,3.75,48.1823021055212,16.419986996051403
104.0,698891164,Brigittenau,Entire rental unit,Entire home/apt,2,498.0,20,1,1.0,1,219,0,27,4.15,48.23308,16.36509
110.0,151274765,Simmering,Entire serviced apartment,Entire home/apt,2,495.0,43,1,1.0,2,362,0,8,4.5,48.17704,16.40959
99.0,713120295,Leopoldstadt,Entire rental unit,Entire home/apt,8,77.0,24,2,1.0,1,305,0,26,4.54,48.21965,16.39754
150.5,10962960,Döbling,Entire rental unit,Entire home/apt,8,190.0,41,2,1.0,1,231,1,37,4.84,48.23308,16.35402
97.0,405760182,Brigittenau,Entire rental unit,Entire home/apt,2,402.0,35,1,1.0,1,55,0,167,4.61,48.22724932075341,16.367165632545948
130.67,530206630,Floridsdorf,Entire rental unit,Entire home/apt,5,0.0,68,1,1.0,3,80,1,36,4.83,48.26383120618964,16.4439176348214
128.33,488885043,Favoriten,Entire rental unit,Entire home/apt,4,399.0,24,1,1.0,1,318,0,81,4.75,48.17294,16.35705
148.5,263410749,Simmering,Entire rental unit,Entire home/apt,3,472.0,4,1,1.0,1,90,0,2,4.5,48.17760910907467,16.41265133804076
155.02,22229400,Meidling,Entire rental unit,Entire home/apt,6,349.0,17,1,1.0,1,163,0,7,4.86,48.18271253218056,16.32056263114623
513.5,410534355,Alsergrund,Entire rental unit,Entire home/apt,8,232.0,41,3,3.0,1,191,1,32,4.91,48.2317,16.35401
91.33,131671188,Alsergrund,Entire rental unit,Entire home/apt,6,531.0,39,1,1.0,3,288,0,129,4.77,48.2257,16.3501
179.0,474456233,Ottakring,Entire rental unit,Entire home/apt,4,459.0,65,2,1.5,1,142,0,26,4.58,48.21117419999999,16.3264116
109.0,500712830,Donaustadt,Entire rental unit,Entire home/apt,4,511.0,58,2,1.0,1,249,1,124,4.88,48.22878256114934,16.421783606151326
150.0,432493088,Leopoldstadt,Entire condo,Entire home/apt,4,429.0,29,2,1.5,1,303,0,157,4.73,48.21697,16.3818
103.0,444868892,Penzing,Room in boutique hotel,Private room,2,404.0,33,1,1.0,1,184,1,24,5.0,48.18830588896997,16.303308324858055
149.5,556437691,Floridsdorf,Entire rental unit,Entire home/apt,6,515.0,49,3,1.5,2,333,1,10,4.9,48.25699,16.39222
146.33,507814639,Döbling,Entire rental unit,Entire home/apt,3,54.0,29,1,1.5,3,177,1,26,5.0,48.2605277,16.3596573
252.0,306422133,Leopoldstadt,Entire condo,Entire home/apt,7,490.0,24,3,1.0,1,171,1,26,4.96,48.22035,16.41041
91.5,107137172,Ottakring,Entire rental unit,Entire home/apt,3,505.0,4,1,1.0,2,89,0,2,5.0,48.20752,16.33142
177.0,245165047,Leopoldstadt,Entire rental unit,Entire home/apt,5,463.0,15,2,1.0,2,242,1,9,4.89,48.2206925,16.4088224
83.0,12379091,Meidling,Entire rental unit,Entire home/apt,2,388.0,37,1,1.0,2,345,0,41,4.76,48.1829052,16.3438801
98.38,14070533,Döbling,Entire serviced apartment,Entire home/apt,4,377.0,17,2,1.0,30,184,1,3,4.67,48.23572,16.3533
235.46,562539934,Penzing,Entire rental unit,Entire home/apt,8,442.0,48,3,1.5,3,147,1,46,4.98,48.18861,16.30946
128.5,290433715,Neubau,Entire condo,Entire home/apt,3,222.0,47,1,1.0,2,266,0,310,4.87,48.20635,16.34771
138.0,474456233,Ottakring,Entire rental unit,Entire home/apt,3,317.0,54,2,1.5,1,146,0,18,4.33,48.21117419999999,16.3264116
102.0,418270816,Alsergrund,Entire rental unit,Entire home/apt,3,444.0,29,1,1.0,1,356,0,18,4.44,48.222393,16.366995
41.59,473052793,Leopoldstadt,Entire rental unit,Entire home/apt,4,429.0,10,1,1.0,30,163,0,15,4.8,48.222218880974665,16.380987977922608
1143.33,433540510,Meidling,Entire home,Entire home/apt,10,486.0,31,6,6.5,3,244,1,4,5.0,48.17649,16.33979
139.0,451388163,Rudolfsheim-Fünfhaus,Entire condo,Entire home/apt,3,367.0,53,1,1.0,1,203,0,52,4.88,48.18690325267226,16.320474587664723
131.9,123148011,Ottakring,Entire rental unit,Entire home/apt,4,498.0,58,2,1.0,1,203,0,133,4.93,48.21741,16.31968
111.5,432165658,Favoriten,Entire rental unit,Entire home/apt,4,586.0,53,1,1.0,2,313,0,7,5.0,48.14166,16.40475
210.81,15935294,Landstraße,Entire rental unit,Entire home/apt,4,35.0,29,2,2.0,30,263,0,8,4.88,48.19428377897591,16.41006650777801
178.0,588115225,Meidling,Entire rental unit,Entire home/apt,4,307.0,57,2,1.0,2,337,1,43,4.98,48.1795832,16.3214037
54.0,459909479,Favoriten,Private room in rental unit,Private room,2,60.0,19,1,1.0,1,341,0,36,4.58,48.172647509758846,16.35681288008245
166.0,15392781,Floridsdorf,Entire rental unit,Entire home/apt,3,280.0,15,1,1.0,1,50,0,4,5.0,48.258492324190016,16.40736549964094
71.38,222345303,Leopoldstadt,Entire rental unit,Entire home/apt,6,497.0,35,3,1.0,30,131,0,1,4.0,48.21844,16.41185
82.5,364397974,Meidling,Entire rental unit,Entire home/apt,4,402.0,29,1,1.0,2,290,0,4,4.75,48.178308381283145,16.344380602240562
114.0,554191791,Penzing,Entire guesthouse,Entire home/apt,4,241.0,40,1,1.0,1,260,1,13,4.92,48.19048987931258,16.307240959272164
226.67,426015944,Margareten,Entire rental unit,Entire home/apt,4,265.0,47,2,1.5,1,92,1,7,5.0,48.18429,16.35172
83.3,16038716,Favoriten,Entire rental unit,Entire home/apt,4,424.0,24,1,1.0,2,329,1,4,5.0,48.1742,16.3568
103.0,208316581,Margareten,Entire rental unit,Entire home/apt,5,533.0,40,1,1.5,1,301,0,88,4.59,48.1835613,16.3510433
155.5,413732802,Donaustadt,Entire rental unit,Entire home/apt,3,315.0,47,1,1.0,2,15,1,34,5.0,48.2403977,16.4326247
129.0,530634352,Meidling,Entire rental unit,Entire home/apt,2,510.0,32,1,1.0,1,338,0,61,4.84,48.18303,16.34306
223.98,516360514,Währing,Entire rental unit,Entire home/apt,6,304.0,53,3,1.0,2,54,1,110,4.92,48.221214238399085,16.33740829378488
143.0,418270816,Meidling,Entire serviced apartment,Entire home/apt,4,444.0,30,1,1.0,1,360,0,1,5.0,48.175371,16.331714
89.0,53178880,Brigittenau,Entire rental unit,Entire home/apt,2,60.0,24,1,1.0,1,245,0,59,4.68,48.23425881090108,16.365959352431837
102.67,476964404,Währing,Entire rental unit,Entire home/apt,2,494.0,36,1,1.5,3,320,1,5,5.0,48.22089,16.33863
148.0,743398,Margareten,Entire rental unit,Entire home/apt,4,492.0,25,1,1.0,2,349,0,100,4.64,48.19198,16.35762
103.2,667907187,Favoriten,Entire rental unit,Entire home/apt,4,499.0,34,1,2.0,2,215,0,69,4.75,48.17677,16.35919
99.5,473779995,Favoriten,Entire serviced apartment,Entire home/apt,4,367.0,52,1,1.0,2,354,0,2,5.0,48.1626903,16.3826926
156.0,14029358,Währing,Entire rental unit,Entire home/apt,4,249.0,28,1,1.0,1,194,0,25,4.48,48.22320758707724,16.343371768089767
98.0,547677118,Simmering,Entire rental unit,Entire home/apt,4,497.0,31,1,1.0,1,24,0,89,4.67,48.18249,16.4097
227.33,413051502,Landstraße,Entire rental unit,Entire home/apt,8,543.0,64,3,1.5,2,94,1,191,4.97,48.19385,16.41267
145.67,560447677,Rudolfsheim-Fünfhaus,Entire rental unit,Entire home/apt,7,356.0,31,2,1.0,1,118,0,74,4.38,48.18502908473874,16.328686646781975
179.0,388009441,Alsergrund,Entire serviced apartment,Entire home/apt,5,318.0,53,2,1.0,1,151,0,9,4.89,48.2320015,16.3612999
122.0,8211060,Meidling,Entire rental unit,Entire home/apt,6,475.0,49,2,1.0,1,308,0,28,4.96,48.1829858,16.3340309
348.0,713120295,Leopoldstadt,Entire rental unit,Entire home/apt,16,243.0,25,6,4.0,1,287,0,4,5.0,48.22006711791402,16.39695814212497
143.0,18728233,Meidling,Entire condo,Entire home/apt,2,259.0,36,1,1.5,2,35,0,5,4.8,48.17581085780451,16.330097503960133
174.5,15935294,Leopoldstadt,Entire rental unit,Entire home/apt,3,184.0,23,1,1.5,1,337,0,8,4.75,48.21973595404149,16.40328651717846
232.0,135332938,Ottakring,Entire rental unit,Entire home/apt,7,68.0,52,2,1.0,2,332,1,4,5.0,48.21686265353789,16.311152408402652
104.0,698891164,Brigittenau,Entire rental unit,Entire home/apt,2,498.0,21,1,0.0,1,222,0,30,4.03,48.23382,16.36493
102.8,562563,Währing,Entire rental unit,Entire home/apt,3,347.0,45,1,1.0,4,334,1,3,4.67,48.22475597638669,16.336518189601758
110.15,106634851,Landstraße,Entire rental unit,Entire home/apt,3,383.0,32,1,1.0,1,279,0,66,4.82,48.20931371084488,16.39434799670926
90.0,473779995,Favoriten,Entire serviced apartment,Entire home/apt,2,351.0,56,1,1.5,2,358,0,54,4.74,48.1737,16.35543
100.0,532227102,Donaustadt,Entire rental unit,Entire home/apt,4,570.0,50,1,1.0,1,68,1,25,4.88,48.22309,16.45487
239.0,726153329,Leopoldstadt,Entire rental unit,Entire home/apt,8,422.0,48,2,1.0,1,173,0,1,5.0,48.221300386269206,16.370852664323888
149.0,257543717,Donaustadt,Entire rental unit,Entire home/apt,4,371.0,25,1,1.0,1,260,1,7,5.0,48.23885,16.42968
154.5,486883182,Josefstadt,Entire rental unit,Entire home/apt,4,195.0,28,1,1.0,2,264,0,31,4.81,48.21012100963303,16.34439542158347
107.0,451942326,Rudolfsheim-Fünfhaus,Entire rental unit,Entire home/apt,4,487.0,43,1,1.5,1,93,0,78,4.91,48.19451,16.32228
438.9,161306287,Innere Stadt,Entire rental unit,Entire home/apt,5,0.0,42,2,2.0,1,328,0,66,4.7,48.2058811,16.3680421
87.0,704489850,Leopoldstadt,Entire rental unit,Entire home/apt,3,271.0,8,2,1.0,1,244,0,11,4.73,48.20429672333862,16.399602798152344
143.0,15935294,Favoriten,Entire rental unit,Entire home/apt,2,93.0,22,1,1.0,1,351,0,8,4.63,48.16725138186463,16.345984477747983
670.6,7770370,Ottakring,Entire condo,Entire home/apt,4,579.0,46,1,1.0,2,333,1,11,4.91,48.21117,16.32325
99.5,473779995,Favoriten,Entire serviced apartment,Entire home/apt,3,368.0,53,1,1.0,2,343,0,1,5.0,48.1626903,16.3826926
95.0,170313089,Donaustadt,Room in hotel,Private room,2,335.0,9,1,1.0,1,361,0,2,5.0,48.2515687,16.498498
142.67,530206630,Floridsdorf,Entire rental unit,Entire home/apt,5,31.0,61,2,1.0,3,73,1,29,4.97,48.26209,16.44371
234.0,526628044,Penzing,Entire home,Entire home/apt,8,185.0,46,3,2.0,1,29,0,17,4.47,48.20452328648453,16.256647186244216
109.0,590767022,Leopoldstadt,Entire rental unit,Entire home/apt,2,433.0,32,1,1.0,4,33,0,29,4.97,48.22117198166643,16.377155330688485
153.0,15935294,Favoriten,Entire rental unit,Entire home/apt,4,93.0,22,2,1.0,1,355,0,21,4.52,48.168,16.34431
90.0,418270816,Alsergrund,Entire rental unit,Entire home/apt,2,444.0,28,1,1.0,1,345,0,7,3.86,48.222393,16.366995
51.0,571387667,Favoriten,Room in hotel,Private room,2,453.0,21,1,1.0,1,133,0,24,4.54,48.18014429999999,16.3744278
198.0,388009441,Alsergrund,Entire serviced apartment,Entire home/apt,6,318.0,52,2,1.0,1,255,0,8,4.88,48.23200225830078,16.361299514770508
152.0,27981245,Ottakring,Entire rental unit,Entire home/apt,4,520.0,47,2,1.0,1,139,1,80,4.93,48.21645,16.31444
65.0,53178880,Brigittenau,Entire rental unit,Entire home/apt,2,70.0,33,1,1.0,1,246,0,48,4.58,48.232722096342506,16.36491781217778
180.0,249583292,Leopoldstadt,Entire rental unit,Entire home/apt,4,435.0,27,1,1.0,1,338,0,12,4.75,48.22123483872912,16.3778081006875
126.79,545151977,Floridsdorf,Entire condo,Entire home/apt,2,495.0,54,1,1.0,2,354,1,13,4.92,48.29853504829861,16.41999830793457
83.0,383835177,Hernals,Room in hotel,Private room,2,254.0,28,1,1.0,1,338,0,81,4.47,48.2177295,16.3224577
160.0,540236834,Liesing,Entire rental unit,Entire home/apt,3,356.0,34,1,1.0,1,256,0,1,5.0,48.13914637586708,16.316924433404814
117.5,136698196,Floridsdorf,Entire rental unit,Entire home/apt,5,541.0,40,1,1.0,2,138,1,26,4.88,48.28594,16.38575
142.0,27775775,Favoriten,Entire condo,Entire home/apt,5,519.0,36,1,1.0,1,296,0,142,4.55,48.18012,16.36857
182.67,3525897,Penzing,Entire rental unit,Entire home/apt,3,389.0,63,1,1.0,6,355,0,71,4.84,48.19200134277344,16.310150146484375
89.0,50945012,Leopoldstadt,Entire rental unit,Entire home/apt,4,359.0,32,1,1.0,1,325,0,13,3.77,48.22557,16.37094
117.8,106634851,Landstraße,Entire rental unit,Entire home/apt,3,308.0,33,1,1.0,1,274,0,102,4.75,48.20950463960112,16.395129401142476
139.0,162241892,Neubau,Entire rental unit,Entire home/apt,2,400.0,29,1,1.0,1,275,1,122,4.8,48.20613,16.3431
114.12,167371356,Penzing,Entire rental unit,Entire home/apt,2,480.0,43,1,1.0,2,271,0,12,5.0,48.1985274,16.3121562
95.0,152433712,Favoriten,Private room in serviced apartment,Private room,2,305.0,35,1,1.0,1,363,0,6,4.83,48.1833952,16.3772321
155.0,530816957,Leopoldstadt,Entire rental unit,Entire home/apt,4,240.0,29,1,1.0,1,217,0,14,4.86,48.21722,16.38268
82.75,1266494,Leopoldstadt,Entire rental unit,Entire home/apt,2,0.0,22,1,1.0,4,222,1,167,4.9,48.21928,16.38104
86.0,665536965,Alsergrund,Entire rental unit,Entire home/apt,2,434.0,54,1,1.0,1,330,0,40,4.7,48.229354,16.3602986
147.0,15935294,Favoriten,Entire rental unit,Entire home/apt,4,93.0,23,2,1.0,1,334,0,3,4.33,48.16908,16.34646
205.0,15935294,Josefstadt,Entire rental unit,Entire home/apt,2,434.0,27,1,1.0,1,324,0,12,4.58,48.20929,16.35344
113.5,4331202,Favoriten,Entire rental unit,Entire home/apt,4,385.0,35,1,1.0,2,327,0,31,4.58,48.18144,16.37509
409.0,313830783,Favoriten,Entire rental unit,Entire home/apt,5,48.0,32,2,1.0,1,224,0,20,4.65,48.18171,16.37882
84.5,552595734,Favoriten,Entire rental unit,Entire home/apt,2,48.0,28,1,1.0,2,260,0,48,4.4,48.14006,16.4008
103.0,287064802,Floridsdorf,Entire rental unit,Entire home/apt,6,421.0,46,2,1.5,2,117,1,21,4.9,48.2678,16.4028
116.5,743531565,Hernals,Entire rental unit,Entire home/apt,4,449.0,40,1,1.5,2,364,0,3,5.0,48.2192,16.32186
209.33,809217,Ottakring,Entire loft,Entire home/apt,4,469.0,29,2,1.0,3,207,0,66,4.88,48.20974,16.32633
183.0,560818036,Favoriten,Entire rental unit,Entire home/apt,5,180.0,5,1,1.0,1,148,0,1,5.0,48.18139865360142,16.376887299120426
149.0,227232876,Favoriten,Entire rental unit,Entire home/apt,3,432.0,18,1,1.0,1,297,1,1,3.0,48.1769444,16.3568536
172.0,563114308,Hietzing,Entire rental unit,Entire home/apt,4,529.0,7,1,1.0,3,255,1,21,4.95,48.18303,16.29256
141.0,566831684,Penzing,Entire rental unit,Entire home/apt,5,472.0,29,2,1.0,1,346,0,42,4.74,48.19678532268863,16.307940205396314
97.0,571387667,Favoriten,Room in hotel,Private room,4,496.0,15,1,1.0,1,180,0,4,4.25,48.18014429999999,16.3744278
173.33,2677923,Brigittenau,Entire condo,Entire home/apt,4,327.0,36,1,1.0,3,131,0,7,5.0,48.22607,16.36898
139.0,227232876,Favoriten,Entire rental unit,Entire home/apt,3,432.0,15,1,1.0,1,287,1,3,4.33,48.1769444,16.3568536
93.0,503019853,Landstraße,Entire rental unit,Entire home/apt,2,497.0,35,1,1.0,1,71,0,26,4.96,48.20920435364884,16.386355296835326
107.0,554191791,Penzing,Entire guesthouse,Entire home/apt,4,243.0,41,1,1.0,1,264,1,6,4.67,48.1919659054971,16.307075044064614
100.0,705260841,Leopoldstadt,Entire rental unit,Entire home/apt,4,481.0,62,1,1.0,1,20,0,26,4.81,48.21843173190371,16.400264490636506
40.0,571387667,Favoriten,Shared room in hotel,Shared room,1,477.0,15,1,1.0,1,179,0,2,3.0,48.18014429999999,16.3744278
143.0,1678949790296546357,Leopoldstadt,Entire rental unit,Entire home/apt,4,398.0,31,1,1.0,1,351,0,3,5.0,48.20699,16.42985
496.0,455597430,Innere Stadt,Entire condo,Entire home/apt,8,451.0,44,4,2.0,1,302,1,53,4.81,48.20556254244338,16.371448377560963
99.0,566831684,Penzing,Entire rental unit,Entire home/apt,2,533.0,26,1,1.0,1,353,0,6,4.17,48.19594,16.30772
141.0,569024287,Favoriten,Entire rental unit,Entire home/apt,4,449.0,50,1,1.0,1,334,0,31,4.52,48.16937,16.34903
238.0,460664369,Landstraße,Entire rental unit,Entire home/apt,6,447.0,40,2,1.5,2,279,1,174,4.9,48.20747,16.39347
471.88,241704993,Favoriten,Entire loft,Entire home/apt,12,537.0,57,4,2.0,2,280,0,110,4.99,48.17717,16.37693
131.0,211817420,Brigittenau,Entire rental unit,Entire home/apt,4,445.0,41,1,1.0,1,311,1,25,4.76,48.232911145661056,16.38976135604537
481.67,42256173,Hietzing,Entire rental unit,Entire home/apt,6,464.0,69,3,2.5,3,176,0,20,4.85,48.18517,16.29477
110.0,1853977,Donaustadt,Entire rental unit,Entire home/apt,2,125.0,57,1,1.0,1,355,0,4,3.75,48.2266055,16.5103267
78.5,27775775,Donaustadt,Entire rental unit,Entire home/apt,2,441.0,25,1,1.0,1,352,0,2,4.5,48.277936659550136,16.49337657951777
96.5,391786677,Landstraße,Entire rental unit,Entire home/apt,4,371.0,34,1,1.0,2,121,0,196,4.8,48.19590804039948,16.40854853474569
76.0,9991820,Hietzing,Entire rental unit,Entire home/apt,1,188.0,33,1,1.0,1,83,1,272,4.86,48.18979,16.26794
132.0,106634851,Landstraße,Entire rental unit,Entire home/apt,3,470.0,36,1,1.0,1,267,0,232,4.88,48.20803,16.39306
223.0,72757900,Ottakring,Entire rental unit,Entire home/apt,4,518.0,37,2,1.0,1,301,1,23,4.91,48.21536767310293,16.318492418940515
130.0,731476467,Liesing,Entire rental unit,Entire home/apt,2,410.0,43,1,1.5,3,209,1,1,5.0,48.1447,16.26745
211.0,556046490,Mariahilf,Entire rental unit,Entire home/apt,6,354.0,38,2,1.0,1,342,0,51,4.43,48.197177251972384,16.358003798950204
240.0,145983025,Hietzing,Entire condo,Entire home/apt,5,474.0,40,2,1.0,2,191,0,58,4.84,48.17593,16.28223
235.0,388009441,Alsergrund,Entire serviced apartment,Entire home/apt,5,436.0,53,2,1.0,1,227,0,3,5.0,48.232,16.3613
110.0,569024287,Favoriten,Entire rental unit,Entire home/apt,2,332.0,48,1,1.0,1,354,0,52,4.83,48.16759,16.34718
88.5,27775775,Hernals,Entire rental unit,Entire home/apt,4,402.0,32,1,1.0,1,347,0,67,4.46,48.21984,16.32298
160.0,597789944,Landstraße,Entire rental unit,Entire home/apt,4,367.0,6,2,1.0,1,316,0,1,5.0,48.20219,16.38845
81.39,152433712,Favoriten,Private room in serviced apartment,Private room,2,305.0,34,1,1.0,1,364,0,2,4.5,48.1833952,16.3772321
180.0,432976223,Landstraße,Entire condo,Entire home/apt,3,468.0,60,1,1.0,2,224,1,113,4.92,48.194824,16.41078
80.0,20076579,Hietzing,Room in hotel,Private room,1,100.0,26,1,1.0,1,330,0,1,5.0,48.1908061,16.2685782
199.5,460664369,Landstraße,Entire rental unit,Entire home/apt,4,448.0,39,2,1.5,2,263,1,160,4.93,48.20897,16.39462
99.0,731476467,Liesing,Private room in rental unit,Private room,2,495.0,43,1,1.0,1,296,1,22,4.95,48.1468,16.26869
145.5,420801167,Währing,Entire rental unit,Entire home/apt,3,528.0,39,1,1.0,2,193,1,39,4.87,48.22398,16.34724
90.0,473779995,Währing,Entire serviced apartment,Entire home/apt,3,391.0,57,1,1.5,2,319,0,175,4.66,48.21983,16.34126
101.68,98285261,Favoriten,Entire rental unit,Entire home/apt,4,283.0,22,1,1.0,3,67,0,9,4.56,48.1531911,16.4025794
88.2,152433712,Favoriten,Private room in serviced apartment,Private room,2,303.0,31,1,1.0,1,364,0,2,4.5,48.1833952,16.3772321
172.0,599770385,Hietzing,Entire home,Entire home/apt,4,461.0,45,1,1.0,1,365,1,28,4.89,48.1671915,16.2901079
154.43,1610679,Donaustadt,Entire townhouse,Entire home/apt,6,492.0,50,3,1.5,7,220,0,68,4.82,48.203259,16.520767
137.0,104953821,Liesing,Private room in guesthouse,Private room,4,457.0,3,1,1.0,1,365,0,3,4.67,48.13903317175591,16.245194225686674
147.5,8632750,Alsergrund,Entire rental unit,Entire home/apt,4,426.0,29,1,1.0,2,288,0,7,4.57,48.22902412413908,16.355328532361852
101.0,415253653,Floridsdorf,Entire rental unit,Entire home/apt,3,283.0,37,1,1.5,1,102,1,89,4.81,48.2694,16.38801
92.0,15935294,Favoriten,Entire rental unit,Entire home/apt,2,93.0,21,1,1.0,1,355,0,18,4.61,48.16947872046368,16.346097480096727
93.58,97275819,Josefstadt,Entire rental unit,Entire home/apt,4,590.0,32,1,1.5,2,335,0,57,4.21,48.20928222746106,16.34652174182546
696.5,289135976,Floridsdorf,Entire townhouse,Entire home/apt,6,308.0,61,3,1.0,1,315,1,14,5.0,48.24462,16.4101
148.67,180896864,Donaustadt,Entire rental unit,Entire home/apt,4,433.0,31,2,1.0,2,138,1,27,4.89,48.25115,16.48801
126.5,2518319,Donaustadt,Entire rental unit,Entire home/apt,3,349.0,48,1,1.5,2,20,1,35,4.89,48.22765,16.42322
136.0,700460743,Favoriten,Entire rental unit,Entire home/apt,4,476.0,37,1,1.0,1,171,0,39,4.74,48.1422018,16.4057485
250.0,1853977,Donaustadt,Entire rental unit,Entire home/apt,5,248.0,63,3,1.5,1,359,0,21,4.38,48.226219,16.50514
174.25,293869971,Hietzing,Entire home,Entire home/apt,8,491.0,43,3,1.5,4,272,1,59,4.98,48.16447,16.26583
83.75,53061451,Leopoldstadt,Entire rental unit,Entire home/apt,2,378.0,28,1,1.0,3,53,1,47,4.87,48.21917,16.39902
281.67,421367473,Ottakring,Entire loft,Entire home/apt,6,160.0,44,3,1.0,3,262,1,65,5.0,48.20812808984274,16.326388614175844
6.85,7029930,Rudolfsheim-Fünfhaus,Entire rental unit,Entire home/apt,1,149.0,33,1,1.0,28,239,0,7,4.86,48.19212,16.33012
138.0,106634851,Landstraße,Entire rental unit,Entire home/apt,4,376.0,43,1,1.0,1,238,0,186,4.87,48.20867250000001,16.3940658
108.41,48863242,Favoriten,Entire rental unit,Entire home/apt,4,497.0,52,1,1.0,1,279,1,150,4.88,48.1682295,16.3481891
78.5,27775775,Donaustadt,Entire rental unit,Entire home/apt,1,441.0,25,1,1.0,1,351,0,1,5.0,48.27962,16.49178
115.0,475093215,Favoriten,Entire rental unit,Entire home/apt,2,521.0,28,1,1.0,1,49,0,13,4.85,48.17861,16.37827
82.19,14070533,Rudolfsheim-Fünfhaus,Entire rental unit,Entire home/apt,4,459.0,24,2,1.0,28,133,1,8,3.75,48.19433,16.33199
86.0,665536965,Alsergrund,Entire rental unit,Entire home/apt,4,434.0,32,1,1.0,1,336,0,60,4.77,48.22835,16.35987
604.0,8185000,Liesing,Entire home,Entire home/apt,10,510.0,47,3,2.0,1,82,0,6,4.83,48.13633303371503,16.221833465858012
189.0,106634851,Landstraße,Entire loft,Entire home/apt,2,222.0,31,1,1.0,1,243,0,173,4.83,48.20867250000001,16.3940658
63.61,14070533,Döbling,Entire rental unit,Entire home/apt,2,369.0,28,1,1.0,30,73,1,2,5.0,48.261,16.36256
149.0,15935294,Favoriten,Entire rental unit,Entire home/apt,2,93.0,22,1,1.0,1,355,0,17,4.71,48.16731972162927,16.346480349903512
225.0,72929955,Alsergrund,Entire rental unit,Entire home/apt,4,483.0,29,2,2.5,3,205,0,3,5.0,48.226123,16.3559858
103.0,383835177,Landstraße,Entire rental unit,Entire home/apt,4,363.0,30,1,0.0,2,364,0,12,4.5,48.1976,16.39814
181.5,556437691,Floridsdorf,Entire rental unit,Entire home/apt,4,505.0,48,2,1.0,2,329,1,15,4.93,48.25567,16.39162
460.5,586986181,Hietzing,Entire rental unit,Entire home/apt,6,461.0,40,3,3.5,2,257,1,9,4.89,48.18319,16.2936
142.65,689417785,Rudolfsheim-Fünfhaus,Entire rental unit,Entire home/apt,4,353.0,7,2,1.0,1,310,0,5,5.0,48.19723,16.31559
112.67,565663448,Floridsdorf,Entire rental unit,Entire home/apt,2,463.0,23,1,1.0,2,75,0,20,4.7,48.2511182,16.4068444
100.0,1996189,Simmering,Entire rental unit,Entire home/apt,2,59.0,36,1,1.0,2,323,1,44,4.75,48.17832760863475,16.411608159542084
120.0,22759106,Alsergrund,Entire condo,Entire home/apt,3,420.0,32,1,1.0,2,303,0,11,5.0,48.2296256,16.3554835
99.67,693302784,Liesing,Entire guesthouse,Entire home/apt,2,507.0,8,1,1.0,3,171,0,1,5.0,48.15068,16.27937
149.0,106634851,Landstraße,Entire rental unit,Entire home/apt,3,470.0,37,1,1.0,1,220,0,230,4.8,48.20867250000001,16.3940658
160.0,495386727,Favoriten,Entire rental unit,Entire home/apt,6,469.0,34,1,1.5,1,77,1,21,4.95,48.17362526540754,16.362454374826616
59.0,547677118,Margareten,Room in boutique hotel,Private room,2,305.0,26,1,1.0,1,358,0,95,4.54,48.183957996740325,16.353432460953456
135.8,556437691,Floridsdorf,Entire rental unit,Entire home/apt,5,554.0,55,2,1.5,2,331,1,35,5.0,48.25696499554463,16.390487464317335
174.0,175343322,Donaustadt,Entire rental unit,Entire home/apt,5,59.0,35,1,1.0,1,159,0,3,4.0,48.22328,16.47896
99.0,99640746,Landstraße,Entire rental unit,Entire home/apt,4,423.0,22,2,1.0,6,178,0,10,5.0,48.20607,16.39493
316.0,15935294,Leopoldstadt,Entire rental unit,Entire home/apt,7,61.0,26,3,1.5,1,307,0,11,4.73,48.219695390278815,16.40498289105348
113.0,429229028,Leopoldstadt,Entire rental unit,Entire home/apt,3,469.0,39,1,1.0,1,347,0,53,4.77,48.23,16.38853
252.0,725143984,Floridsdorf,Entire rental unit,Entire home/apt,6,438.0,54,2,1.0,1,364,1,18,4.94,48.2578482,16.3926964
1142.0,588267462,Floridsdorf,Entire rental unit,Entire home/apt,1,487.0,23,1,1.0,1,270,0,18,4.67,48.25498523163791,16.410507781193004
109.0,15935294,Favoriten,Entire rental unit,Entire home/apt,2,93.0,22,1,1.0,1,358,0,28,4.54,48.16931,16.34431
143.0,540236834,Liesing,Entire rental unit,Entire home/apt,6,525.0,35,2,1.0,1,227,0,1,5.0,48.13867,16.31873
99.0,530634352,Landstraße,Entire rental unit,Entire home/apt,2,442.0,27,1,1.0,1,329,0,74,4.74,48.19295,16.38667
133.0,15935294,Favoriten,Entire rental unit,Entire home/apt,4,93.0,22,1,1.0,1,352,0,9,4.89,48.16743553570373,16.345202390023058
154.0,15935294,Favoriten,Entire rental unit,Entire home/apt,4,93.0,22,2,1.0,1,355,0,14,4.71,48.16923329112888,16.344385977537005
129.0,503019853,Landstraße,Entire rental unit,Entire home/apt,2,414.0,36,1,1.0,1,340,0,48,4.6,48.21144007421486,16.387077769267734
155.5,227323697,Mariahilf,Entire rental unit,Entire home/apt,5,0.0,53,2,1.0,2,245,0,6,5.0,48.20109,16.36274
194.0,314982213,Neubau,Entire condo,Entire home/apt,3,498.0,45,1,1.5,2,64,1,262,4.93,48.20326104013687,16.356921352573572
125.0,153864304,Floridsdorf,Entire rental unit,Entire home/apt,4,434.0,14,1,1.0,1,364,0,53,4.89,48.2686386,16.4034958
172.0,15935294,Leopoldstadt,Entire rental unit,Entire home/apt,5,61.0,24,2,1.5,1,332,0,13,4.77,48.21785432685916,16.405309808504043
104.0,559988321,Wieden,Entire serviced apartment,Entire home/apt,2,415.0,31,1,1.0,1,142,0,110,4.83,48.19155946501408,16.375228344800295
95.0,745194895,Meidling,Entire rental unit,Entire home/apt,2,451.0,41,1,1.0,1,344,0,9,4.33,48.17850096212662,16.33086498465577
128.0,753406123,Wieden,Entire rental unit,Entire home/apt,2,391.0,9,1,1.0,2,60,0,2,4.5,48.18997,16.3793
90.0,5807913,Floridsdorf,Entire rental unit,Entire home/apt,4,410.0,40,1,1.0,1,28,0,21,4.76,48.25562,16.39616
54.23,11592048,Alsergrund,Entire rental unit,Entire home/apt,2,500.0,31,1,1.5,31,277,1,15,5.0,48.22824,16.35409
133.0,222345303,Meidling,Entire rental unit,Entire home/apt,6,507.0,16,3,1.0,1,314,0,6,4.5,48.180214453888695,16.335091902497577
91.0,455957052,Leopoldstadt,Entire rental unit,Entire home/apt,1,337.0,42,1,1.0,1,322,1,19,4.89,48.22385,16.38257
439.5,6131482,Mariahilf,Entire rental unit,Entire home/apt,4,250.0,51,3,1.5,3,165,0,58,4.91,48.1997,16.35605
33.0,754484813,Liesing,Private room in rental unit,Private room,2,475.0,28,1,1.0,1,52,0,2,1.0,48.14619,16.29553
64.0,713120295,Landstraße,Entire rental unit,Entire home/apt,4,296.0,18,1,1.0,1,11,0,26,4.35,48.19769423303136,16.389196249238847
135.0,15935294,Leopoldstadt,Entire rental unit,Entire home/apt,2,61.0,23,1,1.5,1,331,0,2,4.0,48.2176031807474,16.40375083836265
58.45,326177928,Josefstadt,Entire rental unit,Entire home/apt,2,386.0,39,1,1.0,30,224,1,3,5.0,48.20853,16.35115
140.0,15935294,Favoriten,Entire rental unit,Entire home/apt,2,93.0,23,1,1.0,1,342,0,7,4.0,48.16871,16.34664
147.0,196356933,Margareten,Entire rental unit,Entire home/apt,2,447.0,30,1,1.0,2,362,1,4,4.75,48.19109,16.36271
139.0,15935294,Favoriten,Entire rental unit,Entire home/apt,4,93.0,23,1,1.0,1,364,0,3,5.0,48.16938426120515,16.346547286429058
148.5,715984165,Brigittenau,Private room in townhouse,Private room,4,75.0,30,2,1.5,2,157,1,5,5.0,48.23019100981236,16.37477988465577
163.0,715984165,Brigittenau,Private room in rental unit,Private room,6,63.0,33,3,1.5,2,176,1,3,5.0,48.230140981472815,16.374833528836067
336.1,529234632,Josefstadt,Entire rental unit,Entire home/apt,6,361.0,15,3,1.5,1,292,0,16,5.0,48.20828937052758,16.345668605618418
137.0,27775775,Meidling,Entire rental unit,Entire home/apt,4,486.0,35,1,1.0,1,300,0,62,4.66,48.17772541251645,16.34132144880606
51.0,564614454,Rudolfsheim-Fünfhaus,Entire rental unit,Entire home/apt,2,417.0,25,1,1.0,1,356,0,128,4.38,48.19139,16.33415
203.0,15935294,Leopoldstadt,Entire rental unit,Entire home/apt,4,61.0,25,2,1.5,1,294,0,2,4.5,48.21912325803105,16.403038571200042
104.0,26147097,Ottakring,Entire serviced apartment,Entire home/apt,2,449.0,34,1,1.0,2,214,0,12,4.42,48.20761,16.33431
209.5,3649215,Margareten,Entire rental unit,Entire home/apt,2,440.0,52,1,1.5,4,167,1,68,4.99,48.19339850090368,16.35692898184061
91.3,689417785,Rudolfsheim-Fünfhaus,Entire rental unit,Entire home/apt,2,353.0,7,1,1.0,1,177,0,6,5.0,48.1976192,16.3144092
184.88,527038417,Innere Stadt,Entire rental unit,Entire home/apt,4,195.0,33,1,1.0,1,332,0,1,5.0,48.20358928875849,16.37340829328238
145.0,27441889,Ottakring,Entire rental unit,Entire home/apt,2,458.0,42,1,1.0,1,26,0,6,5.0,48.2103234,16.3343729
135.8,556437691,Floridsdorf,Entire rental unit,Entire home/apt,4,504.0,49,2,1.0,2,333,1,12,4.92,48.2572,16.3905
163.0,1547126,Landstraße,Entire rental unit,Entire home/apt,6,417.0,28,2,1.0,1,331,1,62,4.84,48.20427,16.38618
352.0,282852497,Donaustadt,Entire rental unit,Entire home/apt,4,417.0,15,1,1.0,7,270,0,6,4.0,48.25176,16.43353
136.67,100351711,Neubau,Entire rental unit,Entire home/apt,4,253.0,36,1,1.0,3,313,1,15,5.0,48.20206,16.35002
238.0,530403818,Mariahilf,Entire rental unit,Entire home/apt,6,267.0,30,3,1.5,1,68,1,54,4.63,48.19414829999999,16.3508923
193.0,536093976,Mariahilf,Entire serviced apartment,Entire home/apt,4,453.0,46,1,1.0,1,341,1,38,4.63,48.1961215,16.3514093
83.0,88507021,Floridsdorf,Entire condo,Entire home/apt,3,236.0,23,2,1.0,2,313,0,54,4.65,48.25755840935838,16.391723091015614
140.0,47278964,Wieden,Entire rental unit,Entire home/apt,2,464.0,42,1,1.0,1,318,1,8,4.88,48.19260569999999,16.3636928
125.0,47957880,Rudolfsheim-Fünfhaus,Entire rental unit,Entire home/apt,4,471.0,42,2,1.0,1,342,0,80,4.63,48.18856,16.33193
184.0,433046906,Meidling,Entire rental unit,Entire home/apt,5,493.0,25,3,1.0,1,141,0,9,5.0,48.1805967,16.3373294
130.32,542223104,Landstraße,Entire rental unit,Entire home/apt,2,174.0,18,1,1.0,1,195,1,3,5.0,48.20994,16.38977
93.33,51439647,Leopoldstadt,Entire rental unit,Entire home/apt,2,520.0,36,1,1.0,3,51,0,19,4.68,48.2250622,16.3689354
201.0,267042017,Innere Stadt,Entire rental unit,Entire home/apt,4,504.0,34,2,1.0,2,253,0,76,4.92,48.20997,16.37405
95.86,465308005,Simmering,Entire rental unit,Entire home/apt,2,506.0,21,1,1.0,1,124,0,4,4.75,48.16799,16.41169
114.5,704614493,Floridsdorf,Entire rental unit,Entire home/apt,2,501.0,31,1,1.0,2,79,1,12,4.83,48.2576,16.38579
52.81,141406029,Leopoldstadt,Entire rental unit,Entire home/apt,3,493.0,43,1,1.0,16,199,0,2,5.0,48.22275,16.38431
219.0,278892619,Leopoldstadt,Entire rental unit,Entire home/apt,5,482.0,43,1,1.0,1,234,1,14,4.93,48.21389,16.38322
122.0,129203524,Ottakring,Entire rental unit,Entire home/apt,2,377.0,48,1,1.0,3,13,0,125,4.66,48.20865,16.33079
54.0,594507559,Ottakring,Entire rental unit,Entire home/apt,2,492.0,29,1,1.0,1,361,0,35,4.4,48.20684,16.32853
193.0,179724765,Hernals,Entire rental unit,Entire home/apt,6,498.0,13,2,1.0,2,219,0,3,5.0,48.21894,16.32891
72.27,69597964,Rudolfsheim-Fünfhaus,Entire rental unit,Entire home/apt,4,69.0,32,2,1.0,30,236,0,1,5.0,48.19746,16.33137
95.0,5816926,Favoriten,Entire condo,Entire home/apt,4,514.0,41,1,1.5,1,179,1,15,5.0,48.17391,16.3751
98.83,712746304,Meidling,Entire rental unit,Entire home/apt,4,480.0,43,1,1.0,1,337,1,25,4.96,48.18389,16.34436
65.5,16038716,Alsergrund,Entire rental unit,Entire home/apt,4,292.0,22,1,1.0,2,335,1,2,5.0,48.2174939,16.34277
106.4,123148011,Favoriten,Entire rental unit,Entire home/apt,6,484.0,55,1,1.0,1,132,0,12,5.0,48.180986055487296,16.376605162053643
98.0,5957294,Floridsdorf,Entire condo,Entire home/apt,4,236.0,25,1,1.0,4,284,1,70,4.89,48.2572,16.4138
154.33,507367102,Wieden,Entire rental unit,Entire home/apt,2,514.0,35,1,1.0,2,263,1,105,4.95,48.186819331887705,16.371533982601417
106.0,63763592,Favoriten,Entire rental unit,Entire home/apt,3,481.0,35,1,1.0,1,365,0,8,5.0,48.17358241106585,16.37436669319868
599.33,747526743,Döbling,Entire home,Entire home/apt,9,534.0,31,5,2.5,3,87,0,1,5.0,48.2567301815033,16.350140646100044
125.0,50945012,Leopoldstadt,Entire rental unit,Entire home/apt,4,258.0,34,1,1.0,1,330,0,12,4.67,48.22593,16.37076
65.89,516360514,Favoriten,Entire rental unit,Entire home/apt,5,335.0,50,2,1.0,2,72,1,93,4.83,48.17422220701397,16.384441999391164
125.75,33140709,Leopoldstadt,Entire rental unit,Entire home/apt,2,468.0,42,1,1.0,1,146,0,36,4.92,48.21666,16.38617
220.0,80966031,Leopoldstadt,Entire rental unit,Entire home/apt,3,513.0,54,1,2.0,1,10,0,1,5.0,48.21441,16.3843
92.0,129960877,Favoriten,Entire rental unit,Entire home/apt,2,296.0,31,1,1.0,1,344,0,424,4.79,48.1720175,16.3756746
157.1,474169875,Landstraße,Entire rental unit,Entire home/apt,4,466.0,37,1,1.5,1,218,0,106,4.79,48.2106,16.39368
114.5,53688959,Ottakring,Entire rental unit,Entire home/apt,3,103.0,6,2,1.0,2,130,0,2,5.0,48.20978968301316,16.328473150204783
156.0,546779559,Favoriten,Entire rental unit,Entire home/apt,3,103.0,9,1,1.0,1,346,0,2,4.0,48.17541,16.38234
95.45,385064248,Favoriten,Entire rental unit,Entire home/apt,2,305.0,30,1,1.0,30,339,0,1,5.0,48.1853004,16.3826486
209.5,755451811,Hernals,Entire rental unit,Entire home/apt,10,59.0,30,3,1.0,1,123,0,2,5.0,48.22361038869394,16.33326818669126
279.0,109573982,Rudolfsheim-Fünfhaus,Entire rental unit,Entire home/apt,8,523.0,53,3,1.5,1,295,0,490,4.77,48.19878,16.32076
110.0,151869337,Landstraße,Entire rental unit,Entire home/apt,5,344.0,38,1,1.5,1,355,0,32,4.25,48.20683,16.39326
58.0,662948152,Meidling,Entire rental unit,Entire home/apt,2,489.0,27,1,1.0,1,326,0,68,4.47,48.17818,16.33607
70.13,252955210,Rudolfsheim-Fünfhaus,Entire condo,Entire home/apt,2,428.0,19,1,1.0,2,213,0,124,4.69,48.20091,16.32227
100.5,704489850,Alsergrund,Entire rental unit,Entire home/apt,2,324.0,15,1,1.0,1,218,0,9,5.0,48.21865,16.3564
123.2,556437691,Floridsdorf,Entire rental unit,Entire home/apt,4,550.0,56,2,1.5,2,325,1,48,4.96,48.25696057070984,16.390584487066935
102.0,503019853,Landstraße,Entire rental unit,Entire home/apt,2,452.0,33,1,1.0,1,352,0,109,4.65,48.20969,16.38629
204.0,588115225,Margareten,Entire rental unit,Entire home/apt,5,424.0,57,2,1.5,1,330,1,2,5.0,48.1820375,16.3544219
104.33,15935294,Favoriten,Entire rental unit,Entire home/apt,2,93.0,22,1,1.0,1,309,0,17,4.76,48.16714,16.34504
80.0,77719233,Landstraße,Entire rental unit,Entire home/apt,2,492.0,4,1,1.0,4,24,0,26,4.58,48.20952,16.39064
86.0,220950328,Margareten,Entire rental unit,Entire home/apt,4,308.0,29,1,1.0,1,156,0,65,4.62,48.19017,16.35395
99.0,448227459,Margareten,Entire rental unit,Entire home/apt,2,528.0,22,1,1.0,2,365,0,11,4.82,48.18531928569663,16.36475868506215
86.4,520987562,Ottakring,Entire rental unit,Entire home/apt,2,399.0,6,1,1.0,7,360,1,15,4.87,48.213399,16.3254271
103.33,51752361,Ottakring,Entire condo,Entire home/apt,3,493.0,46,1,1.5,1,111,1,231,4.86,48.20626,16.32258
194.0,50945012,Landstraße,Entire rental unit,Entire home/apt,4,233.0,29,1,1.0,1,334,0,16,4.81,48.20391846188812,16.38542167880087
40.67,540236834,Alsergrund,Entire rental unit,Entire home/apt,3,59.0,30,1,1.0,1,109,0,1,5.0,48.21675272901901,16.35646163756548
70.0,561630754,Josefstadt,Private room in rental unit,Private room,2,306.0,23,1,4.0,1,147,0,10,4.9,48.21321,16.34676
201.0,481918816,Leopoldstadt,Entire serviced apartment,Entire home/apt,6,190.0,7,1,1.0,1,264,0,34,4.26,48.22571,16.38564
204.34,498509710,Rudolfsheim-Fünfhaus,Entire vacation home,Entire home/apt,6,513.0,74,2,1.0,2,147,1,25,4.96,48.2009365691369,16.328955418792322
303.0,4608935,Mariahilf,Entire rental unit,Entire home/apt,4,446.0,42,2,1.5,1,296,0,250,4.82,48.19974,16.36036
44.25,53207616,Meidling,Entire rental unit,Entire home/apt,2,519.0,15,1,1.0,30,292,0,2,5.0,48.178818387164384,16.334858795118066
134.66,665070226,Neubau,Entire rental unit,Entire home/apt,4,496.0,24,1,1.0,2,171,1,56,5.0,48.20461168418095,16.347405805023566
199.0,179123494,Brigittenau,Entire rental unit,Entire home/apt,4,470.0,49,2,1.0,3,236,0,15,4.93,48.22948,16.37881
195.5,38369211,Brigittenau,Entire rental unit,Entire home/apt,4,503.0,21,1,1.0,4,120,0,13,4.92,48.23157,16.36821
136.0,245370439,Innere Stadt,Entire serviced apartment,Entire home/apt,2,464.0,40,1,1.0,1,325,1,211,4.91,48.20844,16.37382
59.0,547677118,Leopoldstadt,Room in boutique hotel,Private room,2,516.0,23,1,1.5,1,348,0,155,4.59,48.2184843634507,16.38850113467294
82.0,268592338,Favoriten,Entire rental unit,Entire home/apt,4,537.0,51,1,1.5,1,242,0,14,4.71,48.17533819249643,16.367957772635997
170.0,530403818,Landstraße,Entire rental unit,Entire home/apt,5,37.0,36,1,1.0,1,37,1,24,5.0,48.1950201487466,16.387113369533203
302.0,1547126,Neubau,Entire serviced apartment,Entire home/apt,6,104.0,44,2,2.0,1,312,1,17,5.0,48.1979,16.34571
130.0,483250137,Währing,Entire rental unit,Entire home/apt,3,288.0,51,1,1.0,1,274,0,10,4.8,48.22011643814945,16.341246471492926
303.0,228867750,Alsergrund,Entire rental unit,Entire home/apt,5,327.0,50,2,1.5,2,82,1,90,4.79,48.21517,16.34957
79.31,709712782,Neubau,Entire rental unit,Entire home/apt,10,173.0,10,3,1.0,1,262,0,1,5.0,48.20322560026919,16.350332197860144
194.0,222345303,Floridsdorf,Entire rental unit,Entire home/apt,6,352.0,34,2,1.0,1,27,0,10,4.5,48.27717,16.40925
146.0,8632750,Mariahilf,Entire rental unit,Entire home/apt,2,393.0,3,1,1.0,1,258,0,21,4.62,48.19563698012016,16.347240956760157
78.65,456671670,Neubau,Entire rental unit,Entire home/apt,4,446.0,63,1,1.0,17,356,1,13,5.0,48.20106819999999,16.3458425
115.0,129960877,Leopoldstadt,Entire rental unit,Entire home/apt,4,245.0,44,1,1.0,1,259,0,27,4.89,48.21634,16.38288
120.8,516360514,Donaustadt,Entire rental unit,Entire home/apt,4,373.0,52,1,1.0,2,68,1,40,4.93,48.24878,16.43728
223.0,216692234,Donaustadt,Entire bungalow,Entire home/apt,5,398.0,44,1,1.0,1,293,1,73,4.9,48.22567,16.43632
101.0,95006153,Donaustadt,Entire rental unit,Entire home/apt,2,553.0,17,1,1.0,2,192,1,2,5.0,48.222083,16.4504419
96.0,509929038,Favoriten,Private room in rental unit,Private room,2,541.0,42,1,1.5,1,126,0,13,5.0,48.14203794858847,16.384458452020375
75.0,677578417,Donaustadt,Private room in home,Private room,2,500.0,19,1,1.0,1,231,0,1,5.0,48.23285,16.43546
165.0,58614992,Meidling,Entire rental unit,Entire home/apt,4,516.0,34,1,1.0,1,331,1,11,4.64,48.16227164499884,16.310400886059
86.73,748103930,Josefstadt,Private room in rental unit,Private room,1,520.0,38,1,1.0,1,272,0,1,5.0,48.21076004068182,16.34956501429391
71.0,49436888,Floridsdorf,Entire condo,Entire home/apt,4,486.0,21,1,1.5,2,267,0,4,5.0,48.2562,16.40197
164.0,339437859,Donaustadt,Entire rental unit,Entire home/apt,4,473.0,50,1,1.5,2,252,0,46,4.96,48.23707310816169,16.436241787033076
171.5,743531565,Ottakring,Entire rental unit,Entire home/apt,4,449.0,36,1,1.0,2,353,0,6,5.0,48.22058,16.32005
164.5,7276718,Alsergrund,Entire rental unit,Entire home/apt,4,516.0,35,1,1.0,2,215,0,29,4.86,48.21687171404406,16.345815203328808
305.0,683366988,Josefstadt,Entire rental unit,Entire home/apt,6,324.0,38,2,1.0,1,233,1,15,4.93,48.2143,16.34581
187.0,725143984,Floridsdorf,Entire rental unit,Entire home/apt,4,405.0,62,1,1.0,1,358,1,4,5.0,48.2578482,16.3926964
65.25,14550867,Floridsdorf,Entire rental unit,Entire home/apt,2,565.0,20,1,1.0,4,66,0,2,5.0,48.263102812685645,16.420715869140302
165.5,480714242,Floridsdorf,Entire rental unit,Entire home/apt,5,429.0,52,2,1.5,2,78,0,8,4.88,48.2575289,16.4057272
99.78,541257597,Liesing,Entire rental unit,Entire home/apt,6,123.0,38,2,1.0,30,364,0,1,5.0,48.13678096472521,16.320248517136225
81.3,732583190,Penzing,Room in hotel,Private room,2,279.0,39,1,1.0,1,342,1,7,4.71,48.2001749,16.286878
69.0,749774422,Donaustadt,Private room in rental unit,Private room,1,134.0,16,1,1.0,1,340,0,3,4.0,48.25343,16.43207
103.43,393655464,Döbling,Entire serviced apartment,Entire home/apt,2,343.0,27,1,1.0,1,365,0,5,4.8,48.24925,16.36774
102.0,716638225,Floridsdorf,Entire rental unit,Entire home/apt,2,600.0,44,1,1.0,1,354,1,5,4.2,48.26009,16.39788
92.0,742962260,Simmering,Private room in serviced apartment,Private room,2,291.0,36,1,1.0,1,364,0,16,4.69,48.1702507,16.4208533
45.33,443953474,Floridsdorf,Private room in home,Private room,1,60.0,26,3,1.0,6,354,0,7,4.57,48.2865,16.42774
49.19,423843794,Hernals,Entire rental unit,Entire home/apt,2,353.0,22,1,1.0,1,323,0,105,4.63,48.2207709,16.3237384
193.0,265140657,Hernals,Entire condo,Entire home/apt,6,530.0,52,3,1.5,1,284,1,151,4.86,48.22226,16.31657
99.0,473779995,Favoriten,Entire serviced apartment,Entire home/apt,4,359.0,52,1,1.0,2,336,0,2,5.0,48.1626903,16.3826926
71.64,542049750,Donaustadt,Entire rental unit,Entire home/apt,4,481.0,42,1,1.0,2,240,0,11,4.55,48.2386890675625,16.434233873539792
176.05,516360514,Donaustadt,Entire rental unit,Entire home/apt,4,370.0,52,1,1.5,2,80,1,34,4.91,48.25061,16.43951
88.0,222345303,Donaustadt,Entire rental unit,Entire home/apt,4,468.0,32,1,1.0,1,359,0,3,5.0,48.24894,16.43937
99.0,462546700,Donaustadt,Entire condo,Entire home/apt,3,203.0,32,1,1.0,1,166,1,106,4.86,48.22192,16.45111
99.5,473779995,Favoriten,Entire serviced apartment,Entire home/apt,3,369.0,53,1,1.0,2,348,0,3,4.0,48.1626903,16.3826926
1167.5,69525430,Leopoldstadt,Entire rental unit,Entire home/apt,4,497.0,38,1,1.0,4,172,0,16,4.88,48.21841663834813,16.403957118206733
169.33,8746106,Döbling,Entire guest suite,Entire home/apt,4,321.0,15,2,1.0,3,335,0,14,4.79,48.24518,16.31013
207.0,47644816,Hernals,Entire condo,Entire home/apt,6,491.0,53,2,1.0,1,312,1,7,4.86,48.2258,16.28598
103.0,56582431,Währing,Entire rental unit,Entire home/apt,4,412.0,34,1,1.0,2,94,1,15,4.93,48.23680384248548,16.324829961608394
123.82,87802256,Döbling,Entire loft,Entire home/apt,4,203.0,54,1,1.0,4,309,1,178,4.99,48.25205,16.29521
583.0,369412160,Donaustadt,Entire rental unit,Entire home/apt,8,468.0,55,4,1.5,3,41,1,33,5.0,48.2595,16.44607
132.0,253048870,Liesing,Entire rental unit,Entire home/apt,2,474.0,42,1,1.0,1,342,1,13,4.69,48.15066,16.3349
133.89,516360514,Donaustadt,Entire rental unit,Entire home/apt,4,370.0,50,1,1.5,2,57,1,29,4.93,48.24876,16.43729
274.0,106352266,Hernals,Entire villa,Entire home/apt,4,455.0,38,2,1.0,1,239,1,47,4.89,48.23403,16.30309
100.0,462546700,Donaustadt,Entire condo,Entire home/apt,3,194.0,35,1,1.0,1,77,1,68,4.78,48.22168,16.44978
119.33,445375544,Mariahilf,Entire condo,Entire home/apt,3,476.0,41,1,1.0,3,89,0,127,4.78,48.19208,16.35335
289.0,462546700,Donaustadt,Entire condo,Entire home/apt,6,164.0,31,3,3.0,1,160,1,19,4.89,48.22162,16.45109
33.0,754484813,Liesing,Private room in rental unit,Private room,3,343.0,25,1,2.0,1,31,0,9,4.44,48.14766,16.29727
116.0,217246228,Penzing,Entire rental unit,Entire home/apt,2,461.0,47,1,1.0,2,263,1,18,4.89,48.19725153672447,16.286435433087057
221.0,720292812,Donaustadt,Entire serviced apartment,Entire home/apt,7,287.0,37,3,2.5,1,316,0,142,4.82,48.22624595745794,16.423335697612455
218.0,257543717,Donaustadt,Entire rental unit,Entire home/apt,4,455.0,25,1,1.0,1,255,1,20,5.0,48.23879,16.42997
170.04,276639943,Simmering,Entire condo,Entire home/apt,4,431.0,39,2,2.0,3,150,1,25,4.96,48.1769621,16.4208598
226.0,257543717,Donaustadt,Entire rental unit,Entire home/apt,4,253.0,25,1,1.0,1,264,1,8,4.63,48.23862,16.4296
78.21,9118606,Leopoldstadt,Entire rental unit,Entire home/apt,5,366.0,37,3,1.0,30,255,1,1,5.0,48.22169,16.40317
55.0,566831684,Döbling,Room in hotel,Private room,4,453.0,16,1,1.0,1,361,0,25,4.52,48.2503,16.29833
190.0,98526980,Donaustadt,Entire rental unit,Entire home/apt,3,51.0,6,1,1.0,4,269,0,1,5.0,48.2326,16.44899
115.5,743531565,Ottakring,Entire rental unit,Entire home/apt,4,449.0,36,1,1.0,2,364,0,4,4.75,48.22072879603624,16.32014679023454
155.2,455439081,Landstraße,Entire rental unit,Entire home/apt,4,462.0,54,1,1.0,1,152,1,39,4.97,48.2105687,16.3907143
1167.5,69525430,Leopoldstadt,Entire rental unit,Entire home/apt,4,531.0,36,1,1.0,2,172,0,10,4.2,48.22002,16.40571
152.33,16541872,Leopoldstadt,Entire rental unit,Entire home/apt,4,91.0,13,2,1.0,3,340,0,145,4.41,48.22256,16.3857
270.0,909601,Leopoldstadt,Entire rental unit,Entire home/apt,2,447.0,50,1,1.5,2,97,1,18,5.0,48.21817,16.40788
169.67,58736992,Leopoldstadt,Entire rental unit,Entire home/apt,3,251.0,36,2,1.0,2,118,0,1,5.0,48.2096002,16.4194273
93.79,162755239,Penzing,Private room in rental unit,Private room,2,265.0,61,1,1.0,3,80,0,35,4.91,48.19816740629514,16.29188706057002
108.0,540236834,Liesing,Entire rental unit,Entire home/apt,5,486.0,35,2,1.0,1,257,0,1,5.0,48.13673102791424,16.31819126965788
161.99,5705270,Landstraße,Entire rental unit,Entire home/apt,3,543.0,64,1,1.0,1,277,1,86,4.91,48.20152971649209,16.387288235127926
67.93,444115416,Leopoldstadt,Entire rental unit,Entire home/apt,2,524.0,34,1,1.0,29,174,1,4,5.0,48.221124,16.3988624
73.64,129960877,Leopoldstadt,Entire rental unit,Entire home/apt,2,259.0,50,1,1.0,28,324,0,8,4.63,48.22156,16.40618
163.0,16541872,Leopoldstadt,Entire rental unit,Entire home/apt,5,0.0,9,2,1.0,3,346,0,52,4.63,48.22380413829416,16.385816708516145
73.21,407937258,Donaustadt,Entire rental unit,Entire home/apt,3,585.0,52,1,1.0,28,143,1,18,4.89,48.23425,16.41174
70.5,13336646,Penzing,Entire rental unit,Entire home/apt,2,106.0,8,1,1.0,1,359,0,20,4.55,48.1969,16.28997
165.5,230132936,Rudolfsheim-Fünfhaus,Entire rental unit,Entire home/apt,4,231.0,27,1,1.5,2,3,0,22,4.86,48.19652,16.33298
43.34,96995679,Ottakring,Entire rental unit,Entire home/apt,1,255.0,23,1,1.0,11,35,0,17,4.59,48.20942429999999,16.3267265
51.0,1681363251173166163,Simmering,Private room in bed and breakfast,Private room,2,197.0,7,1,2.0,1,353,0,1,5.0,48.1823213,16.4137238
49.95,109659350,Währing,Entire rental unit,Entire home/apt,1,436.0,43,1,1.5,20,208,0,7,4.57,48.22059,16.34036
102.0,429229028,Leopoldstadt,Entire rental unit,Entire home/apt,5,472.0,40,2,1.0,1,311,0,37,4.54,48.23008,16.38862
109.0,342438510,Brigittenau,Room in aparthotel,Private room,2,466.0,49,1,1.0,1,328,1,2,5.0,48.23129,16.38619
165.0,52534431,Josefstadt,Entire rental unit,Entire home/apt,4,505.0,43,1,1.0,2,154,1,13,4.77,48.20965054515646,16.339939153733393
78.0,400433190,Floridsdorf,Entire rental unit,Entire home/apt,1,21.0,20,1,1.0,3,365,0,5,4.6,48.27298,16.41684
57.0,222345303,Meidling,Room in hotel,Private room,2,333.0,19,1,1.0,1,360,0,173,4.48,48.18293304869636,16.33156433566884
61.77,45580310,Mariahilf,Entire rental unit,Entire home/apt,2,448.0,41,1,1.5,30,91,1,9,4.89,48.19741208916622,16.350929941859594
148.5,395284616,Währing,Entire rental unit,Entire home/apt,2,117.0,35,1,1.0,2,363,0,5,5.0,48.2190902,16.3412938
85.08,129960877,Leopoldstadt,Entire rental unit,Entire home/apt,3,262.0,48,1,1.0,30,356,0,24,4.79,48.22162,16.4063
111.84,92979273,Ottakring,Entire rental unit,Entire home/apt,4,316.0,38,2,1.0,3,340,1,57,4.86,48.21406,16.30745
91.3,689417785,Rudolfsheim-Fünfhaus,Entire rental unit,Entire home/apt,3,353.0,10,1,1.0,1,170,0,4,4.75,48.19662339950094,16.314088169279994
70.0,545712919,Liesing,Entire rental unit,Entire home/apt,2,372.0,23,1,1.0,2,351,0,31,4.48,48.14472377286516,16.300485637218543
209.0,825981,Neubau,Entire rental unit,Entire home/apt,4,71.0,18,2,1.0,1,89,0,2,5.0,48.20030087066408,16.348422020673752
108.41,223304461,Leopoldstadt,Entire rental unit,Entire home/apt,10,384.0,14,1,1.0,1,51,0,1,3.0,48.22176,16.38391
125.53,71848288,Wieden,Entire rental unit,Entire home/apt,3,166.0,39,2,1.0,1,49,0,138,4.69,48.19386,16.36584
113.0,495496,Wieden,Entire rental unit,Entire home/apt,3,0.0,12,2,1.0,3,168,0,196,4.68,48.19571,16.37501
173.33,2125193,Neubau,Entire rental unit,Entire home/apt,2,450.0,26,1,1.0,3,27,0,9,5.0,48.20227251897761,16.344168037176132
207.5,743398,Margareten,Entire rental unit,Entire home/apt,4,380.0,28,2,1.0,2,236,0,200,4.72,48.19188,16.35876
137.0,351699321,Landstraße,Entire rental unit,Entire home/apt,5,291.0,32,2,1.0,1,56,0,102,4.83,48.20929,16.39324
148.0,27775775,Donaustadt,Entire rental unit,Entire home/apt,2,456.0,26,1,1.0,1,321,0,9,4.89,48.27824843172821,16.49167112822089
193.02,746196363,Wieden,Entire rental unit,Entire home/apt,2,440.0,47,1,1.0,1,57,0,1,5.0,48.19523473585515,16.36828241401673
78.0,682285627,Landstraße,Entire rental unit,Entire home/apt,5,414.0,28,2,1.5,1,337,0,21,4.67,48.19357,16.38985
458.0,440121334,Meidling,Entire rental unit,Entire home/apt,6,435.0,45,3,2.5,1,297,0,28,5.0,48.18395,16.33953
74.5,64743752,Wieden,Entire rental unit,Entire home/apt,2,427.0,19,1,1.0,2,82,0,17,5.0,48.19823537821151,16.367851352822473
120.0,547677118,Leopoldstadt,Entire rental unit,Entire home/apt,2,357.0,35,1,1.0,1,342,0,48,4.58,48.22154,16.37788
243.67,323634915,Donaustadt,Entire rental unit,Entire home/apt,5,171.0,46,2,1.5,3,75,0,28,4.96,48.26102,16.44552
114.67,434280511,Landstraße,Entire rental unit,Entire home/apt,3,435.0,45,1,1.0,3,78,1,5,5.0,48.2100728,16.3874019
167.4,418270816,Alsergrund,Entire rental unit,Entire home/apt,4,444.0,28,2,1.0,1,245,0,7,4.71,48.222393,16.366995
62.0,682285627,Landstraße,Entire rental unit,Entire home/apt,4,475.0,29,1,1.0,1,337,0,45,4.56,48.19313842358143,16.38825322934159
93.0,440121334,Meidling,Entire rental unit,Entire home/apt,2,442.0,39,1,1.0,1,330,0,211,4.71,48.18426,16.34072
199.9,367491211,Margareten,Entire rental unit,Entire home/apt,6,487.0,47,2,2.0,2,302,1,130,4.88,48.18595,16.35296
224.0,448227459,Margareten,Entire rental unit,Entire home/apt,5,483.0,35,2,1.0,2,162,0,53,4.85,48.18336,16.3646
163.0,587910980,Margareten,Entire rental unit,Entire home/apt,4,494.0,51,1,1.0,2,327,0,44,4.95,48.18838,16.36359
102.75,281417436,Alsergrund,Entire condo,Entire home/apt,3,474.0,24,1,1.0,4,122,0,49,4.71,48.22497,16.36285
236.0,20315947,Innere Stadt,Private room in loft,Private room,2,599.0,26,1,1.5,3,88,0,2,5.0,48.204764,16.3705337
58.23,407937258,Margareten,Entire rental unit,Entire home/apt,2,579.0,41,1,1.0,28,325,1,5,5.0,48.18385,16.36198
270.0,67879235,Neubau,Entire rental unit,Entire home/apt,6,354.0,59,2,1.5,1,211,1,34,4.97,48.2045067,16.3547586
95.64,308688308,Leopoldstadt,Entire rental unit,Entire home/apt,3,475.0,19,1,2.0,30,272,0,58,4.5,48.21514598681952,16.376371782396784
158.0,47957880,Rudolfsheim-Fünfhaus,Entire rental unit,Entire home/apt,4,471.0,41,2,1.5,1,334,0,182,4.43,48.18856,16.33193
104.5,23595541,Margareten,Entire rental unit,Entire home/apt,2,374.0,21,1,1.0,2,83,0,9,5.0,48.18850600483004,16.35337965870483
182.23,695246045,Neubau,Entire serviced apartment,Entire home/apt,4,355.0,46,2,2.5,31,264,0,4,4.75,48.20373,16.35632
112.45,326177928,Brigittenau,Entire rental unit,Entire home/apt,6,370.0,32,2,1.0,2,297,1,43,4.79,48.2306926,16.3725241
257.0,445250313,Rudolfsheim-Fünfhaus,Entire rental unit,Entire home/apt,10,540.0,51,5,2.0,1,195,1,73,4.89,48.19980839999999,16.3309639
98.14,465308005,Margareten,Entire rental unit,Entire home/apt,2,468.0,23,1,1.0,1,47,0,1,4.0,48.18688,16.35185
86.5,662948152,Meidling,Entire rental unit,Entire home/apt,4,481.0,28,1,1.0,1,286,0,16,4.5,48.17849,16.33712
298.99,474943273,Innere Stadt,Entire serviced apartment,Entire home/apt,4,397.0,44,1,1.0,1,279,0,13,4.31,48.2131935,16.3731743
146.0,274565185,Brigittenau,Entire rental unit,Entire home/apt,2,461.0,39,1,1.5,1,355,0,10,4.8,48.23191,16.37223
253.0,677109812,Innere Stadt,Entire rental unit,Entire home/apt,5,340.0,33,1,1.0,2,79,1,20,4.5,48.21291,16.36977
217.0,757201185,Rudolfsheim-Fünfhaus,Entire rental unit,Entire home/apt,5,444.0,7,2,1.5,1,356,0,1,4.0,48.19122,16.32876
297.0,291035990,Leopoldstadt,Entire rental unit,Entire home/apt,6,424.0,25,2,1.0,3,42,0,5,4.8,48.21736,16.40345
105.0,13394586,Rudolfsheim-Fünfhaus,Entire rental unit,Entire home/apt,5,426.0,21,1,1.0,2,358,0,4,3.5,48.1855,16.33061
97.0,7767293,Alsergrund,Private room in rental unit,Private room,2,216.0,18,1,1.0,2,7,0,8,5.0,48.22713,16.35656
160.43,4860716,Brigittenau,Entire rental unit,Entire home/apt,6,347.0,47,3,1.0,2,333,1,143,4.88,48.22716,16.3688
111.67,687946617,Leopoldstadt,Entire rental unit,Entire home/apt,6,404.0,39,1,1.0,1,194,0,19,4.63,48.22450629602327,16.38891352849096
140.0,4031764,Alsergrund,Entire rental unit,Entire home/apt,4,510.0,33,1,1.0,1,352,1,44,4.95,48.22183,16.35187
197.0,546139568,Leopoldstadt,Entire condo,Entire home/apt,4,420.0,52,1,1.0,1,186,0,30,4.77,48.21826853514169,16.382269368786602
243.67,464854389,Ottakring,Entire rental unit,Entire home/apt,4,265.0,23,1,1.5,3,111,1,7,5.0,48.20708,16.33141
65.0,511689935,Mariahilf,Private room in hostel,Private room,2,455.0,22,1,4.0,1,147,0,1,3.0,48.1961395,16.3523334
54.0,156404033,Favoriten,Entire rental unit,Entire home/apt,2,524.0,25,1,1.0,1,364,0,49,4.59,48.17394,16.37383
89.5,5832934,Margareten,Entire rental unit,Entire home/apt,3,449.0,19,1,1.0,1,14,1,91,4.82,48.18482,16.34941
40.67,416349898,Favoriten,Entire rental unit,Entire home/apt,4,496.0,22,1,1.0,30,116,0,5,4.8,48.17971168656809,16.368269466829744
87.5,3701403,Landstraße,Entire condo,Entire home/apt,3,500.0,44,1,1.0,1,273,0,42,4.88,48.21067,16.38734
230.5,131677242,Rudolfsheim-Fünfhaus,Entire serviced apartment,Entire home/apt,4,329.0,58,2,2.0,2,288,1,38,4.89,48.1948691,16.3381295
268.0,308825890,Innere Stadt,Entire loft,Entire home/apt,4,307.0,41,1,1.0,2,249,0,78,4.88,48.21136400310617,16.372488019360656
86.0,523746690,Favoriten,Entire rental unit,Entire home/apt,2,452.0,32,1,1.0,2,91,0,5,4.4,48.17630290626915,16.377882940475466
208.0,567949683,Ottakring,Entire loft,Entire home/apt,6,365.0,55,2,1.5,1,325,0,85,4.84,48.206922097438806,16.329592234918206
174.0,116849625,Margareten,Entire rental unit,Entire home/apt,4,550.0,42,1,1.5,2,365,0,15,4.47,48.19498189999999,16.3599746
176.0,300246929,Mariahilf,Entire rental unit,Entire home/apt,4,384.0,45,1,1.0,1,242,0,30,4.47,48.1969341,16.356888
318.0,186217094,Innere Stadt,Room in boutique hotel,Private room,3,0.0,14,2,1.0,2,87,0,4,4.5,48.20471,16.37308
281.76,308825890,Innere Stadt,Entire rental unit,Entire home/apt,6,458.0,39,2,1.0,2,217,0,6,4.83,48.21131,16.3726
82.0,665536965,Alsergrund,Entire rental unit,Entire home/apt,3,434.0,54,1,1.0,1,318,0,17,4.53,48.228747038656095,16.361476015792167
107.0,7815776,Margareten,Entire condo,Entire home/apt,3,266.0,39,1,1.0,8,358,0,18,4.61,48.18439,16.34995
154.06,72671363,Innere Stadt,Entire rental unit,Entire home/apt,4,265.0,22,1,1.0,1,254,0,309,4.52,48.21075,16.37556
114.67,2418146,Brigittenau,Entire rental unit,Entire home/apt,4,399.0,56,1,1.5,3,100,1,93,4.89,48.22873,16.37182
215.0,574979871,Landstraße,Entire rental unit,Entire home/apt,2,433.0,37,1,1.5,1,253,1,96,4.79,48.19550746558302,16.41056289266513
206.5,2142888,Margareten,Entire condo,Entire home/apt,2,348.0,51,1,1.0,3,273,1,112,4.97,48.19463,16.35609
102.69,6571299,Margareten,Entire rental unit,Entire home/apt,8,234.0,21,2,2.0,29,91,1,22,4.86,48.19168,16.35766
390.0,271489716,Leopoldstadt,Entire serviced apartment,Entire home/apt,6,0.0,32,3,0.0,1,347,0,1,2.0,48.2236444,16.4066264
104.5,58957522,Penzing,Entire rental unit,Entire home/apt,4,254.0,53,1,1.0,2,107,0,26,4.77,48.19048,16.29654
170.0,15935294,Leopoldstadt,Entire rental unit,Entire home/apt,3,61.0,22,1,1.0,1,345,0,7,4.14,48.21778907108168,16.403811013579435
69.0,751169250,Floridsdorf,Entire rental unit,Entire home/apt,3,60.0,2,1,1.0,1,362,0,1,4.0,48.2569,16.3933
457.33,660966704,Währing,Entire rental unit,Entire home/apt,6,429.0,49,3,2.5,1,61,1,86,4.99,48.2247546,16.3432347
188.0,432165658,Landstraße,Entire rental unit,Entire home/apt,2,442.0,20,1,1.0,1,71,0,3,5.0,48.2123,16.39119
146.0,730352221,Margareten,Entire rental unit,Entire home/apt,6,440.0,8,3,1.0,1,337,0,12,4.58,48.18325997990874,16.352900020767486
115.0,493008351,Landstraße,Private room in guesthouse,Private room,2,85.0,15,1,1.0,1,340,0,18,4.44,48.21212444768356,16.387446627176093
150.0,17987179,Wieden,Entire rental unit,Entire home/apt,2,419.0,35,1,1.5,2,45,0,8,5.0,48.18689,16.36941
162.3,146020503,Innere Stadt,Entire rental unit,Entire home/apt,3,486.0,33,1,1.0,1,305,0,78,4.44,48.20908804927675,16.375186306537017
496.7,724628032,Rudolfsheim-Fünfhaus,Entire rental unit,Entire home/apt,10,449.0,35,5,4.0,1,249,1,27,4.93,48.19894,16.33232
99.0,386071145,Mariahilf,Entire condo,Entire home/apt,2,371.0,39,1,1.0,3,170,0,11,5.0,48.18965229036792,16.347912134336678
108.5,140207058,Alsergrund,Entire rental unit,Entire home/apt,2,430.0,39,1,1.0,2,361,0,3,5.0,48.21798399882075,16.350645907223225
280.0,201349718,Wieden,Entire condo,Entire home/apt,5,502.0,38,3,1.0,2,173,1,31,5.0,48.18715753002785,16.37596056032716
95.0,391685367,Margareten,Entire rental unit,Entire home/apt,6,500.0,31,1,1.0,1,231,0,158,4.7,48.185058363959065,16.36501313207274
129.0,706014304,Favoriten,Entire rental unit,Entire home/apt,3,475.0,49,1,1.0,1,324,1,24,4.79,48.174237,16.3755678
50.02,383835177,Neubau,Entire rental unit,Entire home/apt,2,389.0,39,1,1.5,14,280,0,2,5.0,48.20313,16.34964
142.0,730352221,Wieden,Entire rental unit,Entire home/apt,4,238.0,35,1,1.5,1,316,0,3,5.0,48.18485,16.37027
152.25,169116832,Leopoldstadt,Entire condo,Entire home/apt,2,487.0,33,1,1.0,4,41,0,9,4.78,48.22386,16.4010183
87.63,564061948,Ottakring,Entire rental unit,Entire home/apt,2,510.0,29,1,1.5,2,4,1,82,4.82,48.2078302,16.3374848
103.0,4834372,Meidling,Entire rental unit,Entire home/apt,2,356.0,12,1,1.0,1,78,0,1,5.0,48.18066,16.3433
94.67,25362222,Wieden,Entire rental unit,Entire home/apt,2,495.0,5,1,1.0,3,35,0,1,5.0,48.18945140542439,16.367448110039682
112.75,20033719,Leopoldstadt,Entire rental unit,Entire home/apt,2,501.0,34,1,1.5,1,15,1,4,5.0,48.21947,16.4008
140.5,704671406,Landstraße,Entire rental unit,Entire home/apt,4,501.0,28,1,1.0,2,13,0,4,5.0,48.1995713,16.3861078
64.0,61805261,Landstraße,Entire rental unit,Entire home/apt,1,382.0,22,1,1.0,1,246,0,2,5.0,48.19924,16.38057
349.0,218367081,Floridsdorf,Private room in guesthouse,Private room,6,304.0,35,3,3.0,1,33,0,26,4.96,48.28806686401367,16.38713836669922
112.58,385064248,Landstraße,Entire rental unit,Entire home/apt,4,254.0,28,2,1.5,30,168,0,3,5.0,48.2001792,16.40193679999999
123.0,540900438,Mariahilf,Entire rental unit,Entire home/apt,2,442.0,28,1,1.0,1,182,0,113,4.75,48.20163780258857,16.361228043484342
92.0,391685367,Margareten,Entire rental unit,Entire home/apt,8,427.0,32,1,1.0,1,212,0,6,4.83,48.18512,16.36485
91.5,129960877,Wieden,Entire rental unit,Entire home/apt,2,338.0,34,1,1.0,1,92,0,3,5.0,48.19099,16.37796
70.0,732583190,Penzing,Room in hotel,Private room,2,306.0,36,1,1.0,1,356,1,1,5.0,48.2001749,16.286878
354.0,414469778,Wieden,Entire rental unit,Entire home/apt,7,241.0,26,3,2.5,1,260,1,14,4.93,48.18815576100165,16.371538078030415
47.5,30759403,Leopoldstadt,Entire rental unit,Entire home/apt,5,443.0,34,2,1.0,50,154,0,3,5.0,48.222,16.38823
134.0,300246929,Innere Stadt,Entire rental unit,Entire home/apt,2,390.0,39,1,1.0,1,215,0,256,4.44,48.21132659912109,16.370220184326172
153.0,709236968,Innere Stadt,Entire rental unit,Entire home/apt,6,87.0,28,3,1.0,2,168,1,42,4.81,48.21105,16.37456
207.0,189066567,Landstraße,Entire rental unit,Entire home/apt,3,539.0,51,1,1.5,2,309,1,52,4.81,48.2112474,16.3905941
101.67,415253653,Floridsdorf,Entire rental unit,Entire home/apt,3,283.0,36,1,1.5,3,89,1,50,4.8,48.27023,16.38794
131.33,507367102,Wieden,Entire rental unit,Entire home/apt,3,500.0,33,1,1.0,3,327,1,12,4.83,48.18705,16.3712
95.33,20055262,Meidling,Entire rental unit,Entire home/apt,3,496.0,38,1,1.0,2,44,0,11,4.73,48.17937187992731,16.334472186863422
100.4,204455189,Rudolfsheim-Fünfhaus,Entire rental unit,Entire home/apt,6,525.0,26,2,1.0,1,304,1,8,5.0,48.19998,16.33674
83.0,391685367,Margareten,Entire rental unit,Entire home/apt,6,500.0,32,1,1.0,1,229,0,109,4.77,48.18672201113784,16.364877395896865
70.5,477546464,Rudolfsheim-Fünfhaus,Entire condo,Entire home/apt,2,239.0,28,1,1.0,2,32,0,162,4.86,48.19361,16.33142
120.64,52790090,Favoriten,Entire condo,Entire home/apt,4,412.0,40,2,1.0,11,51,0,9,5.0,48.18317,16.37416
24.13,2805424,Leopoldstadt,Entire rental unit,Entire home/apt,2,446.0,16,1,1.0,91,270,1,6,4.17,48.216087,16.384352
177.67,104907423,Landstraße,Entire rental unit,Entire home/apt,4,530.0,58,1,1.5,3,303,1,304,4.92,48.202042,16.399797
100.0,746574804,Ottakring,Entire rental unit,Entire home/apt,6,496.0,29,3,1.5,1,261,0,21,4.1,48.214817,16.319307
112.33,110408584,Penzing,Entire condo,Entire home/apt,2,459.0,50,1,1.0,3,100,1,65,4.94,48.2010499,16.3146199
167.0,300246929,Mariahilf,Entire rental unit,Entire home/apt,4,330.0,42,1,1.0,1,237,0,69,4.61,48.1972616,16.3564503
356.67,100351711,Neubau,Tiny home,Entire home/apt,6,435.0,42,3,2.5,1,249,1,149,4.93,48.20216,16.34853
123.0,708354773,Brigittenau,Entire rental unit,Entire home/apt,4,200.0,11,1,1.5,1,194,0,9,4.89,48.2448582,16.377738
144.0,337652778,Brigittenau,Entire rental unit,Entire home/apt,3,492.0,39,1,1.0,1,275,1,152,4.92,48.23487,16.37966
141.0,251273939,Brigittenau,Room in hotel,Private room,4,404.0,28,1,1.0,1,325,0,3,4.67,48.240559,16.386606
99.5,260773582,Ottakring,Entire rental unit,Entire home/apt,6,484.0,41,2,1.0,2,255,1,12,4.75,48.21788,16.31604
99.0,5807913,Brigittenau,Entire rental unit,Entire home/apt,4,458.0,39,1,1.0,1,50,0,29,4.62,48.2353099,16.3889419
260.0,1667311481795632252,Leopoldstadt,Entire rental unit,Entire home/apt,6,313.0,7,3,2.0,1,325,0,2,5.0,48.22685,16.37204
100.0,686424892,Brigittenau,Entire rental unit,Entire home/apt,2,269.0,11,1,1.0,2,77,0,23,4.39,48.2324735,16.3887426
135.0,131671188,Alsergrund,Entire rental unit,Entire home/apt,10,366.0,41,3,1.5,3,294,0,182,4.68,48.2257,16.3501
94.72,521566852,Favoriten,Entire condo,Entire home/apt,2,388.0,44,1,1.0,1,88,0,33,4.48,48.1677611,16.3805979
130.0,151274765,Favoriten,Entire serviced apartment,Entire home/apt,4,495.0,43,1,1.0,2,349,0,14,4.71,48.17387,16.35632
55.0,682285627,Landstraße,Private room in rental unit,Private room,2,396.0,32,1,1.0,1,24,0,3,3.67,48.19491108029485,16.389922896326855
252.5,103028422,Favoriten,Entire rental unit,Entire home/apt,6,505.0,42,2,1.0,2,76,1,161,4.88,48.16544,16.38148
139.0,696571369,Wieden,Entire rental unit,Entire home/apt,2,358.0,19,1,1.0,1,171,0,19,4.84,48.19868308086656,16.366252079762287
139.33,451388163,Rudolfsheim-Fünfhaus,Entire condo,Entire home/apt,4,466.0,49,1,1.0,1,198,0,69,4.77,48.18741,16.32102
144.85,30923164,Hietzing,Entire rental unit,Entire home/apt,4,348.0,38,1,1.0,26,363,0,19,5.0,48.17446,16.2996
125.53,288328438,Leopoldstadt,Entire rental unit,Entire home/apt,6,53.0,6,2,1.0,1,258,0,6,4.33,48.22274,16.4016
111.23,353548464,Favoriten,Entire rental unit,Entire home/apt,2,156.0,38,1,1.0,2,102,0,18,5.0,48.17202379301735,16.363241628113816
300.0,311948487,Brigittenau,Entire serviced apartment,Entire home/apt,8,37.0,31,3,2.0,1,284,0,2,4.5,48.22876,16.38029
114.5,78466155,Penzing,Entire rental unit,Entire home/apt,4,379.0,48,1,1.0,2,149,1,51,4.98,48.20088,16.31178
102.0,369764263,Währing,Entire rental unit,Entire home/apt,4,17.0,40,1,1.0,1,330,1,20,4.85,48.22595718072138,16.330602388360578
70.0,504997811,Meidling,Entire rental unit,Entire home/apt,2,338.0,17,1,1.0,1,364,0,10,4.8,48.1641784,16.3155445
68.5,244936928,Alsergrund,Private room in rental unit,Private room,2,399.0,28,1,1.5,2,66,0,28,5.0,48.2243384,16.3653711
230.33,487039490,Favoriten,Entire condo,Entire home/apt,7,471.0,33,3,1.5,3,275,0,94,4.83,48.1742875,16.3570877
87.0,92979273,Leopoldstadt,Entire rental unit,Entire home/apt,2,230.0,21,1,1.0,3,343,1,175,4.74,48.22456,16.39941
80.0,37873849,Meidling,Private room in bed and breakfast,Private room,2,343.0,8,1,1.5,1,163,0,2,5.0,48.17671587541546,16.33419106445867
75.52,468133069,Landstraße,Entire rental unit,Entire home/apt,2,306.0,19,1,1.0,14,124,0,10,4.6,48.19129500297744,16.38908901168992
231.0,483250137,Währing,Entire rental unit,Entire home/apt,6,409.0,49,1,1.0,1,322,0,2,5.0,48.2210464,16.3417691
83.0,27690451,Ottakring,Entire rental unit,Entire home/apt,2,348.0,16,1,1.0,2,266,0,57,4.77,48.2143,16.31807
102.5,122841683,Ottakring,Entire rental unit,Entire home/apt,3,470.0,50,1,1.0,2,284,0,7,4.86,48.21816,16.31515
88.4,6149645,Währing,Entire rental unit,Entire home/apt,3,227.0,39,1,1.5,21,267,1,85,4.71,48.22262,16.33707
114.12,5876372,Alsergrund,Entire rental unit,Entire home/apt,3,372.0,54,1,1.0,3,162,1,17,4.76,48.23003,16.35747
273.0,148343053,Favoriten,Entire rental unit,Entire home/apt,5,277.0,21,3,1.5,1,21,1,39,4.72,48.17398,16.35352
69.0,6698778,Leopoldstadt,Private room in rental unit,Private room,2,499.0,9,1,1.0,1,63,0,3,5.0,48.21834,16.40623
111.5,2327667,Brigittenau,Entire rental unit,Entire home/apt,4,217.0,36,1,1.0,2,15,0,111,4.19,48.23706,16.37923
571.0,675182,Hernals,Entire rental unit,Entire home/apt,8,220.0,57,2,2.0,1,307,0,14,4.93,48.22353,16.31773
223.0,724492170,Josefstadt,Entire rental unit,Entire home/apt,5,436.0,35,1,1.5,2,45,1,39,4.82,48.21036,16.35474
82.75,44427042,Margareten,Entire rental unit,Entire home/apt,2,276.0,5,1,1.0,4,325,1,32,4.81,48.18796615606493,16.361858090950506
126.0,5748098,Josefstadt,Entire rental unit,Entire home/apt,2,0.0,36,1,1.0,2,309,1,101,4.81,48.21408,16.34166
121.0,743011028,Rudolfsheim-Fünfhaus,Entire rental unit,Entire home/apt,4,49.0,6,1,1.0,1,256,0,4,5.0,48.19244,16.32553
46.73,127795382,Ottakring,Entire rental unit,Entire home/apt,4,402.0,39,1,1.0,1,61,0,62,4.61,48.21718,16.30577
50.68,454594060,Favoriten,Entire condo,Entire home/apt,4,0.0,41,1,1.0,31,350,1,65,4.88,48.17178,16.36329
261.33,167878357,Landstraße,Entire rental unit,Entire home/apt,6,388.0,28,2,1.0,3,360,1,34,4.59,48.19612,16.40329
116.57,385064248,Donaustadt,Entire rental unit,Entire home/apt,4,288.0,29,2,1.5,30,309,0,2,4.0,48.22606,16.46249
97.0,688735300,Landstraße,Entire rental unit,Entire home/apt,4,109.0,4,1,1.0,4,87,0,2,4.0,48.20069,16.40345
93.0,222345303,Donaustadt,Entire rental unit,Entire home/apt,4,423.0,31,1,1.0,1,361,0,46,4.67,48.246097404680846,16.438872096364378
147.0,255333826,Meidling,Entire rental unit,Entire home/apt,3,514.0,42,1,1.5,1,78,1,140,4.89,48.18136,16.32318
229.5,523634144,Donaustadt,Entire rental unit,Entire home/apt,6,545.0,33,2,1.0,2,323,1,18,4.67,48.22900758632917,16.45528894409373
116.97,47886296,Landstraße,Entire rental unit,Entire home/apt,4,517.0,47,1,1.0,2,231,0,167,4.84,48.21305685962239,16.388717067613303
285.0,965759,Alsergrund,Entire rental unit,Entire home/apt,6,247.0,35,2,1.0,1,13,1,100,4.72,48.21919,16.35505
127.5,360807990,Josefstadt,Entire serviced apartment,Entire home/apt,2,237.0,26,1,1.0,1,240,0,11,4.82,48.214806,16.349493
112.0,15935294,Favoriten,Entire rental unit,Entire home/apt,2,93.0,22,1,1.0,1,325,0,4,5.0,48.16904,16.34469
111.0,554191791,Penzing,Entire guesthouse,Entire home/apt,4,242.0,40,1,1.0,1,245,1,5,5.0,48.1899,16.30905
194.0,564226326,Alsergrund,Entire rental unit,Entire home/apt,4,134.0,12,1,1.0,1,229,0,10,4.7,48.21793,16.36365
405.5,30239557,Meidling,Entire rental unit,Entire home/apt,8,404.0,43,3,3.0,2,328,0,13,4.85,48.1783337,16.3237751
125.0,116700689,Alsergrund,Entire rental unit,Entire home/apt,4,304.0,42,1,1.0,1,362,0,26,4.77,48.2169,16.35573
103.07,322998852,Landstraße,Entire rental unit,Entire home/apt,4,389.0,44,1,1.0,30,354,0,3,4.67,48.194878,16.4107408
146.5,148542688,Liesing,Entire rental unit,Entire home/apt,4,563.0,42,1,1.0,2,350,0,5,4.8,48.14273,16.31174
138.33,419496382,Leopoldstadt,Entire rental unit,Entire home/apt,5,334.0,50,1,1.0,3,168,0,13,4.77,48.2198298629392,16.397302572972904
126.5,148542688,Liesing,Entire rental unit,Entire home/apt,4,540.0,39,1,1.0,2,354,0,5,5.0,48.14125,16.31138
360.0,541547079,Margareten,Entire rental unit,Entire home/apt,13,348.0,2,1,1.0,1,365,0,1,5.0,48.184015546791024,16.354031738105533
111.0,571405647,Simmering,Entire rental unit,Entire home/apt,6,340.0,43,2,1.0,2,354,1,32,4.72,48.17425,16.39785
240.0,483250137,Währing,Private room in rental unit,Private room,6,366.0,56,2,1.0,1,213,0,4,5.0,48.2210464,16.3417691
56.0,511689935,Meidling,Private room in hostel,Private room,2,424.0,22,1,4.0,1,137,0,8,4.75,48.18187,16.3320194
228.5,33117272,Neubau,Entire rental unit,Entire home/apt,6,425.0,31,2,1.0,2,184,1,45,4.91,48.2069279,16.3427523
111.0,238860340,Leopoldstadt,Entire rental unit,Entire home/apt,3,60.0,27,1,1.0,2,131,0,13,4.31,48.21821,16.40361
158.5,8148971,Döbling,Entire rental unit,Entire home/apt,2,256.0,12,1,1.0,4,79,0,13,5.0,48.23568,16.35465
140.5,196356933,Margareten,Entire rental unit,Entire home/apt,4,472.0,21,1,1.0,2,360,1,112,4.88,48.19212,16.36198
137.0,16968564,Favoriten,Entire rental unit,Entire home/apt,4,454.0,56,1,1.0,2,53,1,145,4.91,48.17084,16.36552
134.67,92979273,Leopoldstadt,Entire rental unit,Entire home/apt,3,451.0,30,1,1.0,3,359,1,111,4.7,48.22324,16.4015
427.0,164241591,Innere Stadt,Entire rental unit,Entire home/apt,5,42.0,39,2,1.0,1,336,1,29,4.69,48.201134,16.37145
104.0,8632750,Ottakring,Entire serviced apartment,Entire home/apt,2,356.0,37,1,1.0,1,92,0,5,5.0,48.21368,16.31551
183.0,338198774,Favoriten,Casa particular,Entire home/apt,4,322.0,18,1,1.0,1,351,0,2,4.0,48.17291,16.39007
119.5,486883182,Favoriten,Entire rental unit,Entire home/apt,4,233.0,37,1,1.0,2,331,0,117,4.81,48.16599,16.34435
132.5,148542688,Meidling,Entire rental unit,Entire home/apt,4,564.0,46,1,1.0,2,362,0,22,4.77,48.159038930401216,16.31033241604018
157.0,269780920,Alsergrund,Entire rental unit,Entire home/apt,5,0.0,40,1,1.0,1,330,0,252,4.62,48.22529250631749,16.361554387981396
142.67,2771173,Favoriten,Entire condo,Entire home/apt,4,220.0,44,2,1.5,3,308,0,4,4.75,48.16579,16.38203
301.5,191321454,Josefstadt,Entire loft,Entire home/apt,2,237.0,59,1,1.5,2,78,1,184,4.97,48.21199,16.3478
207.0,8997037,Landstraße,Entire rental unit,Entire home/apt,4,496.0,54,1,1.0,3,246,1,99,4.9,48.20413,16.38612
42.15,152992485,Favoriten,Entire rental unit,Entire home/apt,2,370.0,49,1,1.0,30,219,0,11,4.91,48.17361,16.38196
38.0,368444428,Landstraße,Shared room in hostel,Shared room,1,498.0,13,1,4.0,1,331,0,88,4.52,48.19348,16.4004
101.5,150370714,Landstraße,Entire rental unit,Entire home/apt,4,459.0,42,1,1.0,2,207,1,194,4.93,48.19506,16.39661
133.99,657257173,Donaustadt,Entire rental unit,Entire home/apt,6,481.0,30,1,1.0,1,139,0,8,4.75,48.25546,16.4453
109.55,107553706,Leopoldstadt,Entire condo,Entire home/apt,4,199.0,21,1,1.0,1,66,0,44,4.39,48.2211,16.39978
240.0,24311838,Mariahilf,Entire rental unit,Entire home/apt,7,191.0,17,3,1.5,2,127,0,236,4.75,48.19104,16.34716
99.5,473779995,Währing,Entire serviced apartment,Entire home/apt,2,388.0,55,1,1.0,2,350,0,151,4.89,48.21956,16.34153
37.0,754484813,Liesing,Private room in rental unit,Private room,2,404.0,28,1,1.0,1,54,0,2,4.0,48.14762,16.29732
99.0,481918816,Leopoldstadt,Entire rental unit,Entire home/apt,4,266.0,12,1,1.0,1,288,0,8,3.88,48.22599,16.38544
95.33,54871262,Landstraße,Entire rental unit,Entire home/apt,2,260.0,18,1,1.5,3,88,0,5,4.8,48.19015,16.39177
121.45,66040140,Penzing,Entire loft,Entire home/apt,4,22.0,35,1,1.0,1,354,0,389,4.7,48.19376,16.30225
49.47,156030399,Simmering,Entire rental unit,Entire home/apt,2,423.0,47,1,1.0,29,248,1,27,4.89,48.17561850000001,16.4104045
139.0,29176864,Brigittenau,Entire rental unit,Entire home/apt,3,450.0,15,1,1.0,2,114,1,10,4.7,48.23367,16.37519
115.0,493008351,Landstraße,Private room in guesthouse,Private room,2,93.0,7,1,3.5,1,354,0,12,4.33,48.21274266471214,16.388513291826968
163.0,503664251,Leopoldstadt,Entire rental unit,Entire home/apt,4,59.0,33,1,1.5,2,181,0,11,4.73,48.21765404281062,16.375267915427685
223.0,311948487,Brigittenau,Entire serviced apartment,Entire home/apt,6,35.0,32,2,1.0,1,288,0,1,4.0,48.22876,16.38029
83.0,13133582,Rudolfsheim-Fünfhaus,Entire rental unit,Entire home/apt,2,447.0,4,1,1.0,1,20,0,16,3.81,48.20204330000001,16.3304761
289.0,9383500,Neubau,Entire rental unit,Entire home/apt,6,239.0,44,3,1.5,3,235,1,164,4.92,48.20691,16.34328
139.0,9718470,Leopoldstadt,Entire rental unit,Entire home/apt,2,251.0,24,1,1.0,1,352,1,654,4.83,48.21537,16.37546
82.38,22669411,Meidling,Entire rental unit,Entire home/apt,4,393.0,5,1,1.0,14,40,0,8,5.0,48.18351,16.34309
110.0,481918816,Margareten,Entire rental unit,Entire home/apt,2,304.0,9,1,1.0,1,359,0,1,4.0,48.18791,16.34565
69.76,252955210,Rudolfsheim-Fünfhaus,Entire rental unit,Entire home/apt,3,439.0,17,1,1.5,3,184,0,213,4.67,48.19908,16.32223
160.0,19683711,Landstraße,Entire rental unit,Entire home/apt,2,495.0,36,1,1.5,2,69,0,92,4.7,48.20641,16.39103
202.75,98147300,Landstraße,Entire rental unit,Entire home/apt,6,420.0,14,2,1.0,4,202,0,12,5.0,48.20551,16.38554
83.5,471992266,Margareten,Entire rental unit,Entire home/apt,5,494.0,15,1,1.0,1,237,0,123,4.51,48.18522,16.36468
164.67,9719601,Neubau,Entire rental unit,Entire home/apt,2,241.0,48,1,1.5,2,211,1,507,4.97,48.20207,16.34416
243.67,551661125,Landstraße,Entire rental unit,Entire home/apt,7,498.0,25,2,1.0,3,235,0,42,4.48,48.2030079,16.3910209
116.0,177858589,Margareten,Entire condo,Entire home/apt,2,414.0,21,1,1.0,1,53,0,121,4.59,48.185,16.36676
85.59,583399685,Favoriten,Entire rental unit,Entire home/apt,6,379.0,25,2,1.5,1,59,0,5,5.0,48.16987220572604,16.372187494565857
441.0,186217094,Innere Stadt,Room in boutique hotel,Private room,5,0.0,13,2,1.0,2,79,0,14,4.57,48.20471,16.37308
164.33,17545674,Landstraße,Entire rental unit,Entire home/apt,2,246.0,23,1,1.0,3,160,0,44,4.84,48.19932,16.39676
156.5,574810600,Meidling,Entire rental unit,Entire home/apt,6,323.0,28,2,1.5,2,79,1,94,4.82,48.18108,16.33617
135.8,64218900,Rudolfsheim-Fünfhaus,Entire rental unit,Entire home/apt,4,211.0,38,1,1.0,1,158,0,294,4.62,48.20126,16.32995
108.0,1643928,Landstraße,Entire rental unit,Entire home/apt,5,87.0,14,2,1.0,1,213,0,172,4.56,48.20279,16.38202
75.5,164783752,Brigittenau,Entire rental unit,Entire home/apt,2,169.0,36,1,1.0,1,63,0,32,4.63,48.23016,16.36948
299.0,42766333,Landstraße,Entire rental unit,Entire home/apt,6,388.0,37,3,1.5,3,57,1,183,4.77,48.21118,16.39171
217.0,270467153,Landstraße,Entire rental unit,Entire home/apt,6,405.0,7,2,1.0,3,170,0,4,3.5,48.20573,16.38666
89.66,18981380,Josefstadt,Entire rental unit,Entire home/apt,4,251.0,16,2,1.5,4,144,1,64,4.94,48.21056,16.35253
139.0,238860064,Rudolfsheim-Fünfhaus,Entire serviced apartment,Entire home/apt,4,477.0,45,1,1.0,1,330,0,118,4.66,48.18579,16.33461
142.0,551661125,Meidling,Entire rental unit,Entire home/apt,4,69.0,23,3,1.0,3,346,0,8,4.0,48.1816883,16.3421113
108.5,23958058,Währing,Entire rental unit,Entire home/apt,2,459.0,36,1,1.0,4,96,1,207,4.94,48.22455,16.34843
46.83,51562386,Rudolfsheim-Fünfhaus,Entire rental unit,Entire home/apt,4,458.0,25,2,1.0,30,364,1,14,4.93,48.19823,16.32358
413.0,559988321,Josefstadt,Entire serviced apartment,Entire home/apt,6,324.0,43,3,2.5,1,278,0,247,4.91,48.20856366316514,16.34829520386304
66.0,89882279,Meidling,Entire rental unit,Entire home/apt,1,551.0,41,1,1.0,7,337,0,26,4.92,48.18281,16.34338
285.5,337191377,Landstraße,Entire rental unit,Entire home/apt,8,497.0,67,2,1.5,2,249,1,313,4.93,48.20975,16.39041
97.0,8443421,Meidling,Entire rental unit,Entire home/apt,4,241.0,6,1,1.0,2,167,0,35,4.8,48.18234,16.33412
183.0,9719601,Neubau,Entire rental unit,Entire home/apt,4,399.0,46,1,1.0,2,232,1,425,4.97,48.20096,16.3461
140.75,460076008,Rudolfsheim-Fünfhaus,Entire rental unit,Entire home/apt,5,481.0,47,2,1.0,1,231,0,7,5.0,48.19869371397572,16.326414292397896
143.0,1547126,Neubau,Entire serviced apartment,Entire home/apt,6,104.0,44,2,2.0,1,307,1,8,5.0,48.1980931,16.3464352
135.67,19549565,Margareten,Entire rental unit,Entire home/apt,2,80.0,7,1,1.0,3,87,0,2,5.0,48.1891165,16.355578
103.0,115641153,Leopoldstadt,Entire rental unit,Entire home/apt,4,413.0,29,1,1.0,2,16,0,40,4.8,48.20784,16.39866
152.0,9403216,Rudolfsheim-Fünfhaus,Entire rental unit,Entire home/apt,6,534.0,43,2,1.0,1,311,0,113,4.82,48.18869,16.3316
120.0,50945012,Margareten,Entire rental unit,Entire home/apt,4,339.0,39,1,1.5,1,271,0,16,4.56,48.1916,16.35439
228.25,67591290,Josefstadt,Entire rental unit,Entire home/apt,4,461.0,32,1,1.0,4,137,0,1,5.0,48.20734,16.34461
180.0,154084783,Landstraße,Entire home,Entire home/apt,5,280.0,45,2,1.5,2,200,0,112,4.69,48.19517,16.38562
138.2,29494065,Währing,Entire rental unit,Entire home/apt,6,414.0,14,2,1.0,5,170,0,72,4.49,48.22041,16.33928
84.69,150690809,Innere Stadt,Entire rental unit,Entire home/apt,4,494.0,33,1,1.0,29,30,0,71,4.96,48.20491,16.37399
299.5,14952347,Rudolfsheim-Fünfhaus,Entire rental unit,Entire home/apt,8,173.0,53,3,1.5,1,38,1,31,4.81,48.18416,16.32782
109.0,260828331,Josefstadt,Entire rental unit,Entire home/apt,2,396.0,20,1,1.0,3,321,0,241,4.65,48.20745,16.35232
56.8,51562386,Rudolfsheim-Fünfhaus,Entire rental unit,Entire home/apt,4,525.0,21,1,1.0,30,231,1,17,4.76,48.1994,16.32417
308.5,9158703,Mariahilf,Entire rental unit,Entire home/apt,4,509.0,40,2,1.5,2,64,1,153,4.92,48.20018,16.35895
36.88,8150154,Meidling,Entire rental unit,Entire home/apt,2,210.0,49,1,1.5,30,355,1,53,4.32,48.17841,16.33495
104.0,955524,Meidling,Entire serviced apartment,Entire home/apt,2,0.0,15,1,1.0,1,83,0,14,4.57,48.18007,16.33302
87.3,246978286,Meidling,Entire rental unit,Entire home/apt,2,394.0,32,1,1.0,2,140,1,120,4.78,48.17956568412944,16.33651600118864
220.33,9556855,Alsergrund,Entire rental unit,Entire home/apt,2,1000.0,37,1,1.0,1,331,1,44,4.93,48.21532,16.35765
198.0,530403818,Mariahilf,Entire rental unit,Entire home/apt,6,50.0,27,1,1.5,1,53,1,54,4.93,48.19414829999999,16.3508923
246.0,175131,Rudolfsheim-Fünfhaus,Entire rental unit,Entire home/apt,6,80.0,56,2,1.0,1,271,1,233,4.86,48.18434,16.32701
111.27,66173408,Margareten,Entire rental unit,Entire home/apt,2,478.0,32,1,1.0,2,56,1,102,4.91,48.18511,16.35188
83.0,698769202,Margareten,Entire rental unit,Entire home/apt,3,277.0,25,1,1.0,3,149,0,9,4.89,48.1863561,16.3535588
280.0,536093976,Mariahilf,Entire serviced apartment,Entire home/apt,4,458.0,44,2,1.0,1,281,1,87,4.84,48.1961215,16.3514093
150.33,61253273,Mariahilf,Entire rental unit,Entire home/apt,4,195.0,14,1,1.0,2,171,1,25,4.96,48.19033,16.34709
122.25,423873068,Meidling,Entire rental unit,Entire home/apt,2,486.0,39,1,1.0,4,312,0,11,4.82,48.1825666,16.343978
146.0,14952347,Rudolfsheim-Fünfhaus,Entire rental unit,Entire home/apt,2,271.0,53,1,1.0,1,214,1,275,4.77,48.18416,16.32782
113.0,371892825,Rudolfsheim-Fünfhaus,Entire serviced apartment,Entire home/apt,2,431.0,43,1,1.0,1,294,1,8,4.38,48.19458,16.33887
478.0,4331202,Innere Stadt,Entire rental unit,Entire home/apt,6,112.0,29,2,2.0,1,45,0,81,4.6,48.20417,16.37112
134.0,682527524,Donaustadt,Entire rental unit,Entire home/apt,3,509.0,10,1,1.0,2,19,1,18,4.94,48.2335445,16.4217833
47.0,580172276,Rudolfsheim-Fünfhaus,Room in hotel,Private room,2,471.0,6,1,1.0,1,336,0,1,4.0,48.1904494,16.3364435
70.07,31215433,Leopoldstadt,Entire rental unit,Entire home/apt,2,472.0,35,1,1.0,30,209,1,10,5.0,48.21922,16.37548
165.5,75866083,Neubau,Entire rental unit,Entire home/apt,4,514.0,37,2,1.0,2,72,0,30,4.87,48.20573,16.34295
133.0,47047082,Rudolfsheim-Fünfhaus,Entire condo,Entire home/apt,3,495.0,51,1,1.0,3,319,1,24,4.96,48.19932174682617,16.3335018157959
120.0,1108400,Leopoldstadt,Entire rental unit,Entire home/apt,4,475.0,40,1,1.0,1,166,0,733,4.61,48.21353530883789,16.377519607543945
270.5,245165047,Neubau,Entire condo,Entire home/apt,5,288.0,30,2,1.5,2,250,1,50,4.78,48.20154092202993,16.35563334299466
205.0,485171868,Leopoldstadt,Entire rental unit,Entire home/apt,4,520.0,36,1,1.5,1,210,1,71,4.87,48.218246,16.3781963
139.0,9718470,Leopoldstadt,Entire rental unit,Entire home/apt,2,216.0,15,1,1.0,1,358,1,362,4.73,48.21732,16.37561
29.78,141076697,Leopoldstadt,Private room in rental unit,Private room,1,457.0,37,1,1.0,30,149,0,108,4.77,48.22457,16.36951
118.5,522477547,Simmering,Entire rental unit,Entire home/apt,4,483.0,40,1,1.0,2,302,0,20,4.9,48.16858,16.41501
218.0,96633755,Margareten,Entire condo,Entire home/apt,3,461.0,45,1,1.0,1,180,0,13,4.85,48.19093,16.35569
453.41,1547126,Innere Stadt,Entire rental unit,Entire home/apt,10,322.0,23,4,2.0,1,222,1,94,4.78,48.20401,16.36319
150.33,135619212,Landstraße,Entire rental unit,Entire home/apt,3,525.0,23,1,1.0,3,31,0,13,5.0,48.20324,16.38575
233.0,67879235,Neubau,Entire rental unit,Entire home/apt,4,354.0,58,1,1.0,1,285,1,259,4.95,48.20451,16.35475
311.0,47034279,Wieden,Entire rental unit,Entire home/apt,5,432.0,52,2,1.5,1,252,1,255,4.93,48.19917,16.3659
195.0,129829780,Neubau,Room in serviced apartment,Hotel room,2,417.0,8,1,1.0,1,353,0,8,5.0,48.20525,16.35568
132.99,123148011,Ottakring,Entire rental unit,Entire home/apt,3,426.0,52,1,1.0,1,205,0,249,4.83,48.20747739696039,16.33586368898891
78.38,14070533,Alsergrund,Entire rental unit,Entire home/apt,2,430.0,30,1,1.0,30,184,1,5,4.8,48.215179443359375,16.354923248291016
89.2,14756880,Meidling,Entire rental unit,Entire home/apt,2,215.0,27,1,1.0,5,204,0,9,4.11,48.18089,16.34516
341.33,551661125,Ottakring,Entire rental unit,Entire home/apt,3,48.0,18,1,1.0,3,169,0,1,4.0,48.2110698,16.3207804
519.12,489967074,Währing,Entire rental unit,Entire home/apt,3,441.0,33,1,1.0,10,270,0,3,4.67,48.22153,16.34303
55.05,1807636,Brigittenau,Entire rental unit,Entire home/apt,2,491.0,33,1,1.0,31,265,1,148,4.95,48.2274,16.36695
182.67,9719601,Neubau,Entire loft,Entire home/apt,2,487.0,52,2,1.0,2,271,1,276,4.95,48.201,16.34482
133.93,7314075,Hernals,Entire rental unit,Entire home/apt,4,212.0,49,2,1.0,3,228,1,314,4.84,48.2162,16.33743
285.0,413289409,Landstraße,Entire rental unit,Entire home/apt,4,224.0,41,2,2.0,1,210,0,1,3.0,48.1988078,16.3847949
113.0,518644,Margareten,Entire rental unit,Entire home/apt,2,568.0,39,1,1.5,1,269,0,25,4.5,48.19407,16.35876
134.0,351699321,Wieden,Entire rental unit,Entire home/apt,2,480.0,31,1,1.0,1,296,0,55,4.58,48.18961628779402,16.367644244825442
177.33,1926704,Währing,Entire rental unit,Entire home/apt,4,253.0,57,1,1.5,3,292,1,143,5.0,48.2227748,16.3419011
531.4,48140816,Margareten,Entire rental unit,Entire home/apt,5,364.0,46,3,1.0,1,354,1,56,4.96,48.18330924928911,16.358306526458744
24.52,141076697,Brigittenau,Private room in rental unit,Private room,1,394.0,37,1,1.0,30,257,0,121,4.87,48.22728,16.37067
130.2,111086604,Ottakring,Entire condo,Entire home/apt,5,409.0,64,1,1.0,2,223,0,65,4.71,48.21165,16.33422
113.43,561383379,Ottakring,Entire condo,Entire home/apt,4,364.0,38,1,1.0,1,328,1,71,4.94,48.21448,16.33408
311.0,8196186,Leopoldstadt,Entire rental unit,Entire home/apt,5,487.0,8,1,1.0,2,320,0,3,4.67,48.21916,16.38708
121.67,24704076,Rudolfsheim-Fünfhaus,Entire rental unit,Entire home/apt,3,457.0,49,1,1.0,3,53,0,6,5.0,48.19280106488174,16.336642806745896
131.0,143888695,Simmering,Entire rental unit,Entire home/apt,5,470.0,56,1,1.0,1,301,1,46,4.96,48.18224,16.40718
3732.27,41244591,Leopoldstadt,Entire rental unit,Entire home/apt,2,438.0,21,1,1.0,30,358,0,4,5.0,48.22834,16.37528
110.0,9403216,Ottakring,Entire rental unit,Entire home/apt,3,473.0,40,1,1.0,1,316,0,73,4.84,48.21285,16.33375
64.0,4860716,Hernals,Entire rental unit,Entire home/apt,4,194.0,42,1,1.0,2,305,1,47,4.83,48.21500529999999,16.3326436
307.0,47034279,Wieden,Entire rental unit,Entire home/apt,6,491.0,59,2,2.5,1,288,1,328,4.93,48.19843,16.36557
95.6,461485012,Döbling,Entire condo,Entire home/apt,2,439.0,44,1,1.0,30,202,1,11,5.0,48.242378,16.335979
500.0,540607733,Ottakring,Room in hotel,Private room,4,84.0,8,1,1.0,1,151,0,1,5.0,48.21271,16.3366
204.33,61794197,Hietzing,Entire rental unit,Entire home/apt,5,218.0,54,2,2.5,3,176,1,92,5.0,48.1863,16.29526
178.25,22229400,Favoriten,Entire rental unit,Entire home/apt,8,434.0,58,2,1.5,1,141,0,55,4.47,48.17839,16.36961
103.53,393361868,Leopoldstadt,Entire rental unit,Entire home/apt,4,59.0,28,2,1.5,30,258,0,3,5.0,48.21287,16.38475
108.0,518644,Margareten,Entire rental unit,Entire home/apt,5,560.0,38,1,1.0,1,281,0,142,4.48,48.19532,16.35901
154.25,8238054,Neubau,Entire rental unit,Entire home/apt,2,257.0,28,1,1.0,4,84,0,59,5.0,48.19948,16.34033
171.5,48005296,Leopoldstadt,Entire rental unit,Entire home/apt,4,415.0,30,2,2.0,2,70,1,165,4.88,48.218311,16.389469
305.5,58614806,Meidling,Entire rental unit,Entire home/apt,6,246.0,35,3,2.0,4,327,1,112,4.96,48.18762,16.34154
239.5,743398,Landstraße,Entire rental unit,Entire home/apt,6,443.0,29,2,1.0,2,312,0,171,4.7,48.19651,16.40678
43.44,473052793,Favoriten,Entire rental unit,Entire home/apt,2,417.0,9,1,1.5,30,323,0,3,4.33,48.17694593750746,16.368354456632105
68.0,549331758,Favoriten,Entire rental unit,Entire home/apt,2,312.0,31,1,1.0,1,166,0,202,4.75,48.1735058,16.3894297
110.0,571405647,Simmering,Entire rental unit,Entire home/apt,5,440.0,24,1,1.0,1,349,1,41,4.9,48.17482540136308,16.397901120232564
51.52,473052793,Hietzing,Entire rental unit,Entire home/apt,4,445.0,19,1,1.0,30,116,0,7,4.43,48.1906301623815,16.283707002788233
210.0,245370439,Innere Stadt,Entire rental unit,Entire home/apt,2,461.0,28,1,1.0,1,322,1,280,4.95,48.20649,16.37585
96.0,36695936,Neubau,Private room in guesthouse,Private room,4,528.0,29,1,1.0,1,220,0,8,4.88,48.1983177,16.3494803
96.0,47156073,Brigittenau,Entire rental unit,Entire home/apt,3,432.0,43,1,1.0,1,120,1,166,4.97,48.23233,16.37364
102.6,473779995,Meidling,Entire serviced apartment,Entire home/apt,4,307.0,47,1,1.0,2,337,0,32,4.81,48.17678722687101,16.323603951229614
113.0,652733403,Favoriten,Entire rental unit,Entire home/apt,4,88.0,57,1,1.0,1,297,0,3,4.67,48.1740893,16.381907
129.33,17583120,Landstraße,Entire rental unit,Entire home/apt,5,447.0,43,1,1.0,3,44,0,129,4.63,48.21143,16.38937
147.0,5130306,Döbling,Entire rental unit,Entire home/apt,3,471.0,21,1,1.0,1,53,0,21,4.81,48.24150972810556,16.35391096543639
68.0,549331758,Favoriten,Entire rental unit,Entire home/apt,2,312.0,32,1,1.0,1,175,0,191,4.77,48.1735058,16.3894297
87.3,473779995,Meidling,Entire serviced apartment,Entire home/apt,2,297.0,46,1,1.5,2,328,0,45,4.76,48.17859556154598,16.323763318443646
167.0,16541872,Leopoldstadt,Entire rental unit,Entire home/apt,4,0.0,15,2,1.0,2,357,0,69,4.42,48.22372,16.38678
66.0,276955129,Favoriten,Entire rental unit,Entire home/apt,2,355.0,32,1,1.0,1,360,1,121,4.9,48.17117700000001,16.3659727
154.06,72671363,Innere Stadt,Entire rental unit,Entire home/apt,4,0.0,21,1,1.0,1,248,0,32,4.59,48.21,16.37603
144.25,9383500,Neubau,Entire rental unit,Entire home/apt,4,153.0,44,1,1.5,4,260,1,238,4.87,48.20592,16.34529
253.05,8632750,Innere Stadt,Entire serviced apartment,Entire home/apt,6,274.0,30,2,1.5,1,318,0,23,4.17,48.20871,16.37693
141.0,12118196,Neubau,Entire rental unit,Entire home/apt,2,208.0,17,1,1.0,3,164,1,247,4.97,48.20549,16.34664
105.56,151869337,Donaustadt,Entire rental unit,Entire home/apt,4,418.0,50,1,1.0,31,309,0,36,4.75,48.22436826022766,16.42361367545637
197.0,499797064,Landstraße,Entire rental unit,Entire home/apt,6,555.0,47,2,1.0,1,337,0,40,4.63,48.18848550000001,16.3881937
104.0,725676906,Ottakring,Entire rental unit,Entire home/apt,4,125.0,16,2,1.0,2,18,0,9,4.67,48.21324,16.33672
135.0,189895939,Leopoldstadt,Entire rental unit,Entire home/apt,6,431.0,43,2,1.0,1,176,1,231,4.84,48.2236184,16.4005343
211.0,727654127,Hernals,Entire rental unit,Entire home/apt,3,240.0,42,1,1.0,1,363,0,5,4.8,48.21694,16.33701
200.0,417771399,Favoriten,Entire rental unit,Entire home/apt,4,228.0,10,1,1.5,1,83,0,4,5.0,48.18451,16.3828
100.0,436366702,Favoriten,Entire rental unit,Entire home/apt,3,291.0,46,1,1.0,1,329,0,3,4.33,48.177,16.3832265
115.0,452281710,Simmering,Entire rental unit,Entire home/apt,6,349.0,50,2,1.0,1,151,1,9,4.78,48.18421,16.40613
316.0,38991932,Landstraße,Entire rental unit,Entire home/apt,6,273.0,22,2,1.0,3,348,1,126,4.9,48.18939,16.38623
154.5,354003308,Döbling,Entire condo,Entire home/apt,4,492.0,38,1,1.0,2,285,0,11,5.0,48.24354959999999,16.3356134
294.0,189066567,Favoriten,Entire rental unit,Entire home/apt,6,505.0,36,2,1.0,2,334,1,1,5.0,48.17921,16.38898
103.0,441478105,Penzing,Entire rental unit,Entire home/apt,3,133.0,11,1,1.0,2,364,0,2,5.0,48.1988701,16.274821
80.81,189066567,Landstraße,Entire rental unit,Entire home/apt,4,477.0,44,1,1.0,30,180,1,2,4.5,48.19184,16.38974
220.0,548869588,Leopoldstadt,Entire rental unit,Entire home/apt,6,125.0,39,2,1.0,1,214,0,5,4.8,48.21918040000001,16.4109657
134.43,2418146,Brigittenau,Entire rental unit,Entire home/apt,6,373.0,55,3,1.5,3,86,1,237,4.84,48.22883,16.37384
80.0,103028422,Favoriten,Entire rental unit,Entire home/apt,4,474.0,45,1,1.5,2,161,1,114,4.76,48.16539764404297,16.38123321533203
123.0,128641037,Brigittenau,Entire condo,Entire home/apt,2,509.0,40,1,1.0,2,316,0,5,4.6,48.2383079,16.3647172
147.21,188320967,Meidling,Entire condo,Entire home/apt,5,475.0,48,2,1.5,1,245,1,215,4.86,48.1708,16.31093
113.0,537086875,Simmering,Entire rental unit,Entire home/apt,2,437.0,36,1,1.0,1,104,1,51,4.71,48.17571,16.41096
104.0,698891164,Brigittenau,Entire rental unit,Entire home/apt,2,499.0,21,1,1.0,1,219,0,22,4.23,48.23476,16.365
148.2,385064248,Landstraße,Entire rental unit,Entire home/apt,4,288.0,27,2,1.5,30,324,0,1,5.0,48.1846269,16.3988103
74.75,348645582,Meidling,Entire rental unit,Entire home/apt,3,68.0,16,1,1.0,2,357,1,203,4.75,48.17584,16.32565
77.45,8885198,Landstraße,Entire rental unit,Entire home/apt,6,206.0,18,2,1.0,30,81,0,180,4.85,48.19634,16.39922
188.87,207485285,Rudolfsheim-Fünfhaus,Entire rental unit,Entire home/apt,5,429.0,15,1,1.5,2,42,0,4,4.75,48.19703067984684,16.329886073370567
292.5,497029819,Innere Stadt,Entire rental unit,Entire home/apt,5,536.0,50,1,1.0,2,189,1,122,4.9,48.21119,16.37117
243.37,283139063,Innere Stadt,Entire rental unit,Entire home/apt,4,431.0,22,2,2.0,30,264,0,14,5.0,48.21036,16.37199
136.0,468133069,Neubau,Entire rental unit,Entire home/apt,3,486.0,23,2,1.5,3,98,0,11,4.09,48.20432401319656,16.351791557668495
91.0,115915838,Neubau,Room in boutique hotel,Hotel room,1,285.0,17,1,1.0,1,332,0,63,4.56,48.19777,16.34747
44.0,735190796,Rudolfsheim-Fünfhaus,Private room in rental unit,Private room,2,464.0,13,1,1.0,2,37,0,21,4.81,48.1877648,16.3341872
110.5,47784262,Hernals,Entire rental unit,Entire home/apt,4,427.0,26,2,1.0,2,125,1,111,4.63,48.216556549072266,16.330379486083984
297.0,199904876,Neubau,Entire rental unit,Entire home/apt,4,287.0,5,1,1.0,3,265,0,4,4.5,48.2052185,16.3505853
161.82,235828051,Döbling,Entire rental unit,Entire home/apt,6,552.0,44,3,2.5,31,120,1,37,4.89,48.24376,16.33638
120.6,418270816,Hietzing,Entire rental unit,Entire home/apt,2,444.0,33,1,1.0,1,335,0,17,4.53,48.1864013,16.300567
178.78,250832512,Neubau,Entire rental unit,Entire home/apt,2,490.0,36,1,1.0,1,73,1,214,4.99,48.20559,16.35439
97.0,250034526,Favoriten,Entire rental unit,Entire home/apt,4,462.0,23,1,1.0,1,268,0,7,4.86,48.17714099639865,16.365737270960498
41.92,4042594,Simmering,Private room in condo,Private room,2,530.0,45,1,2.5,14,139,1,12,5.0,48.17775835783153,16.409347873016376
62.07,50945012,Hernals,Entire rental unit,Entire home/apt,4,285.0,24,1,1.0,1,349,0,6,4.83,48.2208372,16.3285802
41.86,95007570,Hernals,Entire rental unit,Entire home/apt,2,246.0,23,1,1.0,30,325,0,241,4.78,48.21998,16.32943
153.5,316127288,Ottakring,Entire rental unit,Entire home/apt,4,491.0,53,1,1.5,2,299,1,87,4.99,48.21291,16.32715
62.9,15259410,Neubau,Entire rental unit,Entire home/apt,2,222.0,43,1,1.0,1,93,1,517,4.86,48.20206,16.34367
32.28,6146940,Mariahilf,Entire rental unit,Entire home/apt,2,250.0,50,1,1.0,30,247,0,36,4.67,48.19092,16.34816
81.0,476964404,Währing,Entire rental unit,Entire home/apt,2,244.0,35,1,1.0,3,166,1,9,5.0,48.22148,16.33841
90.0,7770370,Mariahilf,Entire condo,Entire home/apt,4,306.0,47,1,1.5,3,355,1,86,4.8,48.19134,16.34847
284.0,483250137,Leopoldstadt,Entire rental unit,Entire home/apt,6,393.0,32,2,1.0,1,294,0,1,5.0,48.21727,16.38125
155.5,4331202,Penzing,Entire rental unit,Entire home/apt,6,225.0,44,2,1.0,2,336,0,5,4.8,48.18911247507358,16.304956838876425
157.0,15935294,Hietzing,Entire rental unit,Entire home/apt,2,292.0,28,1,1.0,1,312,0,7,4.71,48.18914,16.29188
75.0,261361917,Leopoldstadt,Entire rental unit,Entire home/apt,2,429.0,4,1,1.0,1,358,0,2,3.5,48.22219,16.40189
88.75,41888331,Leopoldstadt,Entire rental unit,Entire home/apt,2,522.0,33,1,1.0,4,18,0,20,4.85,48.220829059774594,16.39922473579645
107.57,385064248,Favoriten,Entire rental unit,Entire home/apt,2,287.0,29,1,1.5,30,229,0,2,5.0,48.1836594,16.3810534
115.89,10627819,Mariahilf,Entire rental unit,Entire home/apt,6,73.0,36,3,1.5,28,270,0,60,4.83,48.18972,16.34645
150.0,113189546,Ottakring,Entire rental unit,Entire home/apt,2,278.0,24,1,1.0,1,49,1,151,4.74,48.21248,16.3357
104.0,474456233,Ottakring,Entire rental unit,Entire home/apt,2,210.0,53,1,1.0,1,162,0,4,4.75,48.21117419999999,16.3264116
105.0,50945012,Hernals,Entire rental unit,Entire home/apt,2,281.0,25,1,1.0,1,305,0,15,4.67,48.2208372,16.3285802
80.0,554403677,Favoriten,Entire rental unit,Entire home/apt,2,411.0,33,1,1.0,1,39,1,29,4.93,48.1732679,16.3643156
283.0,548869588,Leopoldstadt,Entire rental unit,Entire home/apt,6,125.0,37,2,1.0,1,213,0,8,5.0,48.21918040000001,16.4109657
71.02,6845230,Neubau,Entire rental unit,Entire home/apt,6,477.0,15,3,2.5,15,167,0,389,4.56,48.20131,16.34194
114.12,113189546,Währing,Entire rental unit,Entire home/apt,2,488.0,30,1,1.5,1,181,1,130,4.76,48.22261,16.34563
120.0,15935294,Favoriten,Entire rental unit,Entire home/apt,2,93.0,22,1,1.0,1,361,0,24,4.54,48.16924,16.34661
156.0,57365509,Brigittenau,Entire condo,Entire home/apt,3,507.0,29,1,1.0,1,179,0,4,5.0,48.23397,16.36525
93.47,8849915,Mariahilf,Entire rental unit,Entire home/apt,2,222.0,28,1,1.0,30,243,0,15,5.0,48.19803,16.35588
120.0,9403216,Favoriten,Entire rental unit,Entire home/apt,3,523.0,37,1,1.0,1,357,0,77,4.84,48.17389,16.37511
128.0,699080223,Alsergrund,Entire rental unit,Entire home/apt,4,194.0,37,1,1.0,1,121,0,29,4.76,48.22769,16.362
400.0,1820023,Leopoldstadt,Entire rental unit,Entire home/apt,5,14.0,51,2,1.0,1,317,1,267,4.79,48.21514,16.38477
88.1,4361476,Neubau,Entire rental unit,Entire home/apt,2,504.0,40,1,1.0,30,347,1,42,4.98,48.20333,16.35001
96.0,163735053,Ottakring,Entire rental unit,Entire home/apt,2,232.0,22,1,1.0,1,245,0,68,4.53,48.20848,16.32934
113.0,537086875,Simmering,Entire rental unit,Entire home/apt,2,443.0,37,1,1.0,1,67,1,82,4.79,48.1764804,16.4119695
104.0,566831684,Landstraße,Entire rental unit,Entire home/apt,4,447.0,26,1,1.0,1,327,0,66,4.8,48.18534,16.41363
98.0,566831684,Landstraße,Entire rental unit,Entire home/apt,4,447.0,27,1,1.0,1,350,0,105,4.82,48.18475662532953,16.413004475878772
116.88,385064248,Leopoldstadt,Entire rental unit,Entire home/apt,4,290.0,30,2,1.5,30,253,0,3,5.0,48.2061084,16.4301824
132.0,547677118,Simmering,Entire rental unit,Entire home/apt,4,336.0,42,1,1.0,1,15,0,176,4.84,48.17537987505055,16.40777799571377
587.0,481918816,Leopoldstadt,Entire rental unit,Entire home/apt,8,214.0,14,3,2.0,1,175,0,104,4.74,48.21701,16.38272
166.0,732583190,Penzing,Entire rental unit,Entire home/apt,4,440.0,41,2,1.0,1,336,1,10,4.9,48.19909,16.28807
94.72,455140521,Margareten,Private room in rental unit,Private room,2,401.0,41,1,1.0,1,342,0,2,5.0,48.18340924652579,16.361633999169015
156.15,22229400,Meidling,Entire rental unit,Entire home/apt,6,239.0,16,2,1.5,1,165,0,11,4.91,48.1818,16.3228
103.0,494129517,Ottakring,Entire rental unit,Entire home/apt,3,447.0,31,1,1.0,2,364,0,4,4.75,48.2069903,16.3261804
99.0,6117901,Meidling,Entire condo,Entire home/apt,2,517.0,47,1,1.0,2,137,1,35,4.97,48.16674,16.3142
251.33,87546451,Wieden,Entire rental unit,Entire home/apt,2,436.0,57,1,1.5,3,302,1,174,4.97,48.1937,16.36885
79.0,418270816,Hietzing,Entire rental unit,Entire home/apt,2,444.0,33,1,1.0,1,362,0,8,4.75,48.1864013,16.300567
154.0,432493088,Leopoldstadt,Entire rental unit,Entire home/apt,4,429.0,18,2,1.0,1,123,0,16,4.56,48.21926,16.38385
205.0,190287904,Ottakring,Entire rental unit,Entire home/apt,6,364.0,53,2,1.5,1,130,1,49,4.98,48.21955,16.31573
346.0,6705503,Neubau,Entire condo,Entire home/apt,4,79.0,39,2,1.5,3,16,0,9,4.44,48.19948,16.34523
83.08,385064248,Leopoldstadt,Entire rental unit,Entire home/apt,2,267.0,26,1,1.5,30,350,0,2,5.0,48.20729,16.42916
134.0,527038417,Leopoldstadt,Entire rental unit,Entire home/apt,6,451.0,32,2,1.0,1,133,0,13,4.69,48.2245923,16.4021225
89.5,6428633,Penzing,Entire condo,Entire home/apt,2,444.0,42,1,1.0,2,104,0,7,4.71,48.1909905,16.3079559
78.5,27775775,Meidling,Entire rental unit,Entire home/apt,2,462.0,32,1,1.0,1,353,0,53,4.47,48.177562371789925,16.340106126738558
162.24,167430222,Landstraße,Entire rental unit,Entire home/apt,4,490.0,52,1,1.0,12,87,1,11,5.0,48.194824,16.41078
171.0,262049504,Leopoldstadt,Entire rental unit,Entire home/apt,3,497.0,29,1,1.0,2,262,0,106,4.75,48.22248,16.38962
106.9,385064248,Landstraße,Entire rental unit,Entire home/apt,2,267.0,27,1,1.0,30,203,0,2,5.0,48.1847231,16.39922019999999
101.0,190116430,Leopoldstadt,Entire rental unit,Entire home/apt,4,483.0,37,2,1.0,1,114,0,5,3.8,48.2206505,16.3993309
117.0,560447677,Rudolfsheim-Fünfhaus,Entire rental unit,Entire home/apt,4,257.0,31,1,1.0,3,119,0,65,4.55,48.187009428819934,16.328389837577916
101.0,713777330,Landstraße,Entire rental unit,Entire home/apt,3,446.0,35,1,1.0,1,128,1,51,4.94,48.200406572357394,16.3950103148818
123.55,66040140,Favoriten,Entire rental unit,Entire home/apt,4,460.0,44,1,1.0,1,143,0,51,4.59,48.17186,16.37403
66.4,23334772,Leopoldstadt,Entire rental unit,Entire home/apt,2,378.0,23,1,1.5,30,170,1,8,5.0,48.22528,16.39277
217.0,47644816,Favoriten,Entire rental unit,Entire home/apt,6,245.0,36,2,1.5,2,192,1,270,4.55,48.18363,16.37733
183.83,385064248,Landstraße,Entire rental unit,Entire home/apt,4,270.0,32,2,1.5,30,109,0,2,5.0,48.18468439999999,16.4138456
111.5,383835177,Döbling,Entire rental unit,Entire home/apt,4,489.0,36,1,1.0,1,341,0,21,4.86,48.25527,16.34101
294.0,189066567,Landstraße,Entire rental unit,Entire home/apt,5,532.0,51,2,1.0,2,317,1,27,4.93,48.21023579593427,16.39102630589861
149.0,403207150,Leopoldstadt,Entire rental unit,Entire home/apt,4,447.0,19,1,1.0,1,259,0,16,4.56,48.223222517581895,16.403843092684184
139.0,546914139,Meidling,Entire rental unit,Entire home/apt,7,168.0,56,2,1.0,1,302,0,77,4.82,48.18077419999999,16.3186957
157.86,29748862,Leopoldstadt,Entire rental unit,Entire home/apt,4,386.0,44,1,1.0,3,124,1,174,4.85,48.22083,16.38594
123.33,107272189,Favoriten,Entire rental unit,Entire home/apt,2,499.0,15,1,1.0,3,13,0,65,4.8,48.17857,16.37608
115.0,151869337,Hernals,Entire rental unit,Entire home/apt,2,476.0,34,1,1.0,1,359,0,8,4.63,48.22118,16.33426
131.24,513261584,Leopoldstadt,Entire rental unit,Entire home/apt,4,545.0,40,1,1.0,1,205,0,51,4.94,48.2199277,16.4042468
85.5,473779995,Favoriten,Entire serviced apartment,Entire home/apt,4,361.0,50,1,1.5,2,327,0,4,5.0,48.1626903,16.3826926
188.72,388009441,Alsergrund,Entire serviced apartment,Entire home/apt,4,421.0,52,1,1.0,1,289,0,1,5.0,48.23200225830078,16.361299514770508
109.0,657257173,Ottakring,Entire rental unit,Entire home/apt,6,332.0,33,1,1.0,1,143,0,30,4.27,48.21456736448542,16.312099664011864
206.0,753213173,Alsergrund,Entire rental unit,Entire home/apt,2,484.0,40,1,1.0,1,365,0,2,5.0,48.2183844,16.3595691
130.0,271489716,Leopoldstadt,Entire serviced apartment,Entire home/apt,2,0.0,24,1,0.0,1,358,0,3,4.67,48.2236444,16.4066264
139.0,556437691,Floridsdorf,Entire rental unit,Entire home/apt,3,485.0,48,2,1.5,2,340,1,17,4.94,48.25542,16.39062
156.0,313830783,Favoriten,Entire rental unit,Entire home/apt,2,59.0,29,1,1.0,1,55,0,8,4.38,48.18007831179997,16.377040783886248
153.0,725168913,Hernals,Entire rental unit,Entire home/apt,4,280.0,40,1,1.0,1,356,0,1,2.0,48.22103144655682,16.33371031078894
80.55,473779995,Favoriten,Entire serviced apartment,Entire home/apt,2,356.0,57,1,1.0,2,356,0,51,4.75,48.17386361789932,16.356942565132563
213.0,483565974,Favoriten,Entire rental unit,Entire home/apt,4,461.0,29,2,1.0,1,362,0,174,4.68,48.14150805580109,16.395440873966113
110.0,473364085,Penzing,Entire rental unit,Entire home/apt,2,379.0,51,1,1.0,1,335,0,24,4.08,48.195097624905685,16.300044034385852
133.86,315922488,Hernals,Entire rental unit,Entire home/apt,4,378.0,42,1,1.5,2,333,0,27,4.96,48.21733,16.32481
119.82,13883422,Favoriten,Entire rental unit,Entire home/apt,4,394.0,41,1,1.0,3,30,1,129,4.92,48.175066282793765,16.374078099096494
103.82,516360514,Penzing,Entire rental unit,Entire home/apt,4,421.0,43,1,1.0,2,111,1,74,4.82,48.19634435156742,16.305693150761183
124.8,351699321,Landstraße,Entire rental unit,Entire home/apt,4,48.0,39,1,1.0,1,171,0,133,4.76,48.20963,16.39493
124.0,371746643,Favoriten,Entire serviced apartment,Entire home/apt,2,449.0,30,1,1.0,1,146,0,17,4.41,48.181599,16.373732
81.9,277960616,Alsergrund,Entire rental unit,Entire home/apt,4,499.0,47,1,1.0,1,29,0,7,5.0,48.22472,16.3546
93.67,524602231,Leopoldstadt,Entire rental unit,Entire home/apt,4,171.0,37,1,1.0,2,96,0,96,4.81,48.21815958847368,16.38180747628212
114.0,729906494,Währing,Entire rental unit,Entire home/apt,5,433.0,20,1,1.0,1,125,0,5,4.6,48.22302,16.34318
123.67,83459141,Favoriten,Private room in rental unit,Private room,6,454.0,57,2,1.0,3,69,1,247,4.89,48.17505,16.37553
180.4,225902841,Favoriten,Entire rental unit,Entire home/apt,4,495.0,28,2,1.0,4,165,1,69,4.99,48.17915,16.37741
131.25,37553167,Ottakring,Entire rental unit,Entire home/apt,2,489.0,25,1,1.0,1,55,1,68,4.96,48.2066,16.33134
114.33,165764641,Landstraße,Entire rental unit,Entire home/apt,4,406.0,24,1,1.0,3,351,0,59,4.78,48.207171143494776,16.391991993322744
60.9,13336646,Penzing,Room in hotel,Private room,1,420.0,2,1,0.0,1,361,0,1,5.0,48.19633969557032,16.29069615115558
158.0,540236834,Favoriten,Entire rental unit,Entire home/apt,4,59.0,32,1,1.0,1,234,0,1,5.0,48.17273,16.36528
36.0,510070724,Penzing,Private room in rental unit,Private room,1,495.0,26,1,1.0,1,297,0,16,4.19,48.2093327,16.2126695
141.47,162761604,Donaustadt,Entire condo,Entire home/apt,6,479.0,13,2,1.0,31,78,0,3,5.0,48.22788,16.52072
104.67,510637886,Liesing,Entire serviced apartment,Entire home/apt,3,353.0,58,1,1.0,3,226,0,55,4.91,48.15836,16.30328
51.11,207390443,Hietzing,Entire condo,Entire home/apt,4,431.0,37,1,1.0,30,247,1,16,4.88,48.19263,16.25907
101.5,129960877,Leopoldstadt,Entire rental unit,Entire home/apt,2,262.0,39,1,1.0,2,300,0,155,4.79,48.22269,16.38171
159.0,15935294,Favoriten,Entire rental unit,Entire home/apt,4,93.0,21,1,1.0,1,339,0,10,4.9,48.16764902187795,16.344793467431153
104.0,432981693,Rudolfsheim-Fünfhaus,Room in hotel,Private room,2,435.0,40,1,1.0,1,364,0,7,4.57,48.19766,16.32309
115.0,1853977,Donaustadt,Entire rental unit,Entire home/apt,2,128.0,58,1,1.0,1,355,0,3,4.0,48.2266055,16.5103267
97.92,385064248,Penzing,Entire rental unit,Entire home/apt,2,258.0,24,1,1.5,30,233,0,1,5.0,48.1984608,16.3100092
161.0,713978343,Liesing,Entire rental unit,Entire home/apt,4,497.0,46,1,1.0,3,130,0,5,5.0,48.1407316,16.2715617
120.0,23448349,Mariahilf,Entire rental unit,Entire home/apt,2,434.0,21,1,1.0,3,192,0,43,4.98,48.19159,16.34848
85.0,750211945,Ottakring,Entire rental unit,Entire home/apt,3,390.0,9,1,1.0,1,291,0,14,4.71,48.2090928,16.325441
124.0,23443905,Penzing,Entire rental unit,Entire home/apt,4,335.0,28,1,1.0,1,220,0,3,4.67,48.2032049,16.2452988
44.6,425722814,Penzing,Entire condo,Entire home/apt,2,446.0,19,1,1.0,10,251,1,52,4.94,48.2096,16.21478
68.0,1669625964995668822,Währing,Entire rental unit,Entire home/apt,3,293.0,24,1,1.0,1,355,0,1,5.0,48.22113,16.34188
100.0,704489850,Leopoldstadt,Entire rental unit,Entire home/apt,3,378.0,8,2,1.0,1,302,0,1,5.0,48.20604264247474,16.399635070450714
109.0,569024287,Favoriten,Entire rental unit,Entire home/apt,2,530.0,49,1,1.0,1,357,0,32,4.66,48.16706,16.34863
114.25,106634851,Landstraße,Entire rental unit,Entire home/apt,3,367.0,43,1,1.5,1,224,0,202,4.94,48.20867250000001,16.3940658
98.29,152433712,Favoriten,Entire serviced apartment,Entire home/apt,2,305.0,33,1,1.0,1,363,0,2,4.5,48.18333,16.37715
157.33,717556527,Hietzing,Entire rental unit,Entire home/apt,3,524.0,45,1,1.0,3,364,0,8,5.0,48.18296,16.26621
262.0,5107079,Hietzing,Entire home,Entire home/apt,4,382.0,7,1,1.0,2,364,0,1,5.0,48.19306376682456,16.26195322612277
138.0,22574909,Neubau,Room in hotel,Private room,3,254.0,18,1,1.0,1,272,0,1,2.0,48.2061,16.35537
132.5,297724426,Penzing,Entire rental unit,Entire home/apt,2,440.0,45,1,1.0,2,341,0,26,4.77,48.20316502034209,16.258886866271496
144.0,16541872,Leopoldstadt,Entire rental unit,Entire home/apt,2,32.0,12,1,1.0,2,323,0,83,4.45,48.22245,16.3863
289.67,42766333,Favoriten,Entire rental unit,Entire home/apt,8,399.0,34,4,1.5,3,228,1,215,4.86,48.1785,16.37496
40.0,510070724,Penzing,Private room in rental unit,Private room,2,495.0,25,1,1.0,1,287,0,7,3.14,48.20933,16.21267
66.0,229428537,Leopoldstadt,Entire rental unit,Entire home/apt,4,535.0,24,1,1.0,1,345,0,35,4.4,48.21963,16.39979
137.0,154936803,Liesing,Entire rental unit,Entire home/apt,5,482.0,32,2,1.0,2,269,1,60,4.82,48.13709,16.26648
79.88,560639052,Alsergrund,Entire rental unit,Entire home/apt,5,373.0,41,2,1.0,1,129,0,32,4.56,48.22603166864833,16.349664353993486
57.17,152433712,Favoriten,Entire serviced apartment,Entire home/apt,1,305.0,34,1,1.0,29,343,0,34,4.76,48.18335,16.37709
147.85,479326531,Meidling,Entire condo,Entire home/apt,4,509.0,38,1,1.5,2,365,0,41,4.71,48.17786,16.33674
161.0,36590968,Meidling,Entire rental unit,Entire home/apt,4,530.0,51,1,1.5,1,278,0,23,4.83,48.17983,16.33239
167.0,227323697,Hernals,Entire rental unit,Entire home/apt,2,419.0,48,1,1.0,1,336,0,2,4.5,48.21573,16.32292
171.18,674125553,Meidling,Entire rental unit,Entire home/apt,3,421.0,42,2,1.0,20,365,0,1,5.0,48.178283,16.321627
267.0,463094166,Ottakring,Entire rental unit,Entire home/apt,6,538.0,33,2,1.0,2,202,0,2,4.5,48.21911,16.32016
126.0,577464912,Favoriten,Entire rental unit,Entire home/apt,4,48.0,23,1,1.0,1,72,0,1,5.0,48.16974624334634,16.373902245842633
150.0,15935294,Favoriten,Entire rental unit,Entire home/apt,4,93.0,21,1,1.0,1,352,0,13,4.54,48.16728990423714,16.344654238846378
183.0,743234084,Landstraße,Entire rental unit,Entire home/apt,4,441.0,39,1,1.0,1,229,1,12,4.58,48.20944,16.39023
235.5,6480145,Wieden,Entire rental unit,Entire home/apt,4,539.0,38,2,3.0,4,110,0,12,5.0,48.18834080758474,16.368507220220025
143.0,720292812,Donaustadt,Entire serviced apartment,Entire home/apt,4,277.0,40,1,1.0,1,317,0,117,4.77,48.22797,16.42191
144.0,15935294,Favoriten,Entire rental unit,Entire home/apt,4,93.0,22,1,1.0,1,357,0,3,4.67,48.16924,16.34643
66.0,713120295,Leopoldstadt,Entire rental unit,Entire home/apt,3,77.0,24,1,1.0,1,327,0,36,3.86,48.22003,16.39684
98.1,473779995,Alsergrund,Entire serviced apartment,Entire home/apt,2,370.0,55,1,1.0,2,337,0,152,4.69,48.21948,16.34306
176.33,7147147,Döbling,Entire rental unit,Entire home/apt,5,144.0,32,2,1.0,1,154,0,5,4.4,48.27538,16.35513
178.0,732259910,Neubau,Entire rental unit,Entire home/apt,5,384.0,43,1,1.5,1,340,0,4,4.75,48.20731,16.3396
153.0,543968304,Brigittenau,Entire rental unit,Entire home/apt,6,447.0,55,2,1.5,2,176,0,165,4.84,48.23258,16.38826
55.0,561630754,Josefstadt,Private room in rental unit,Private room,1,305.0,23,1,4.0,1,142,0,4,4.75,48.21104,16.34793
154.0,9190665,Döbling,Entire condo,Entire home/apt,4,495.0,29,2,1.0,9,360,0,3,5.0,48.25113,16.34298
141.0,8632750,Alsergrund,Entire serviced apartment,Entire home/apt,2,426.0,29,1,1.0,1,300,0,11,4.55,48.227328979547,16.35689100205725
102.0,383835177,Döbling,Entire rental unit,Entire home/apt,2,478.0,36,1,1.0,2,357,0,22,4.68,48.25524,16.3408
134.33,33777292,Margareten,Entire rental unit,Entire home/apt,4,244.0,30,1,1.5,3,270,0,88,4.89,48.19582,16.35765
87.0,418270816,Alsergrund,Entire rental unit,Entire home/apt,2,444.0,28,1,1.0,1,294,0,19,4.58,48.222393,16.366995
112.0,429229028,Leopoldstadt,Entire rental unit,Entire home/apt,4,450.0,38,1,1.0,1,347,0,62,4.55,48.23014242243928,16.388762279450926
112.0,432493088,Favoriten,Entire rental unit,Entire home/apt,2,498.0,11,1,1.0,1,242,0,55,4.8,48.16841304769868,16.371965670447228
159.0,748225738,Margareten,Entire rental unit,Entire home/apt,5,400.0,24,1,1.0,1,232,0,17,5.0,48.1850137,16.3649282
125.5,15935294,Favoriten,Entire rental unit,Entire home/apt,4,93.0,21,1,1.0,1,342,0,27,4.89,48.16930248509233,16.34521107388988
248.99,657257173,Floridsdorf,Entire rental unit,Entire home/apt,10,212.0,30,3,1.0,1,141,0,16,4.31,48.28050910506409,16.4075769014052
124.5,62775472,Rudolfsheim-Fünfhaus,Entire rental unit,Entire home/apt,4,544.0,49,1,1.0,2,200,1,30,4.9,48.20409,16.32659
118.3,66040140,Favoriten,Entire rental unit,Entire home/apt,3,460.0,33,1,1.0,1,340,0,61,4.64,48.17801,16.36672
196.0,597459611,Ottakring,Entire rental unit,Entire home/apt,4,382.0,25,2,1.0,1,219,0,5,4.8,48.20563,16.33243
98.0,745194895,Meidling,Entire rental unit,Entire home/apt,2,451.0,42,1,1.0,1,306,0,4,4.0,48.17940556897052,16.33034763959286
101.0,342487988,Wieden,Entire rental unit,Entire home/apt,2,344.0,21,1,1.0,1,282,0,2,5.0,48.19027588231063,16.374308683971748
113.0,204455189,Rudolfsheim-Fünfhaus,Entire rental unit,Entire home/apt,4,548.0,45,2,1.0,1,240,1,27,4.85,48.2027703,16.3365994
115.33,755086295,Rudolfsheim-Fünfhaus,Entire rental unit,Entire home/apt,4,389.0,31,2,1.0,3,69,0,8,3.88,48.20139,16.3248
154.33,507367102,Wieden,Entire rental unit,Entire home/apt,2,514.0,35,1,1.0,2,281,1,122,4.96,48.18633883719642,16.3716628618366
240.0,83723548,Neubau,Private room in rental unit,Private room,2,473.0,18,1,1.0,2,260,0,5,5.0,48.20539,16.35299
131.5,4331202,Meidling,Entire rental unit,Entire home/apt,6,335.0,25,2,2.0,2,346,0,2,4.5,48.18334155356132,16.336182334063476
141.67,727788236,Landstraße,Entire rental unit,Entire home/apt,2,385.0,27,1,1.0,3,266,1,24,5.0,48.20366,16.38672
147.14,493494,Innere Stadt,Entire rental unit,Entire home/apt,2,479.0,28,1,1.0,2,50,0,4,5.0,48.2083,16.36563
150.3,189066567,Margareten,Entire serviced apartment,Entire home/apt,2,494.0,47,1,1.5,10,180,1,3,5.0,48.18611,16.35983
175.5,4860716,Leopoldstadt,Entire rental unit,Entire home/apt,8,375.0,43,3,2.0,2,304,1,81,4.77,48.22346,16.38656
103.0,11197669,Ottakring,Entire rental unit,Entire home/apt,3,0.0,32,1,1.0,2,357,1,12,4.92,48.205912,16.3291497
74.26,433540510,Wieden,Entire rental unit,Entire home/apt,2,354.0,21,1,1.5,30,242,1,12,4.92,48.19437,16.37065
80.0,67871206,Margareten,Entire rental unit,Entire home/apt,2,323.0,33,1,1.0,3,32,0,2,5.0,48.18360128779129,16.35540682822466
142.0,15935294,Favoriten,Entire rental unit,Entire home/apt,4,93.0,21,2,1.0,1,359,0,13,4.15,48.16758,16.34632
145.0,15935294,Favoriten,Entire rental unit,Entire home/apt,4,93.0,23,2,1.0,1,360,0,2,4.0,48.1693244616499,16.345053314857132
115.43,432165658,Wieden,Entire rental unit,Entire home/apt,4,412.0,21,1,1.5,30,336,0,20,4.8,48.19526,16.37233
140.0,372022409,Rudolfsheim-Fünfhaus,Entire condo,Entire home/apt,2,477.0,42,1,1.5,1,260,1,35,4.91,48.19053,16.33668
177.0,455439081,Landstraße,Entire rental unit,Entire home/apt,4,532.0,51,1,1.0,1,157,1,9,4.89,48.2105687,16.3907143
174.5,474095930,Neubau,Entire rental unit,Entire home/apt,4,27.0,27,2,1.0,2,89,0,179,4.49,48.20589,16.3494
137.0,418270816,Brigittenau,Entire rental unit,Entire home/apt,5,444.0,30,2,1.0,1,213,0,7,4.43,48.2290847,16.373511
124.0,1547126,Neubau,Entire serviced apartment,Entire home/apt,4,104.0,43,1,1.0,1,362,1,2,5.0,48.19786425520772,16.345721732402048
78.21,9118606,Leopoldstadt,Entire rental unit,Entire home/apt,5,334.0,36,3,1.0,30,180,1,1,5.0,48.22362,16.40277
154.0,503019853,Landstraße,Entire rental unit,Entire home/apt,2,413.0,32,1,2.0,1,304,0,49,4.59,48.21134,16.3879
58.0,311151517,Mariahilf,Entire rental unit,Entire home/apt,2,448.0,29,1,1.0,1,353,0,157,4.5,48.19567,16.34604
116.0,689417785,Rudolfsheim-Fünfhaus,Entire rental unit,Entire home/apt,4,353.0,8,1,1.0,1,177,0,3,5.0,48.1976192,16.3144092
190.0,151869337,Rudolfsheim-Fünfhaus,Entire rental unit,Entire home/apt,6,436.0,36,2,1.5,1,353,0,3,4.33,48.19113,16.32823
394.0,72306907,Innere Stadt,Entire rental unit,Entire home/apt,4,494.0,44,2,1.5,1,289,0,20,4.55,48.21109648921664,16.36933210142829
204.0,551661125,Alsergrund,Entire rental unit,Entire home/apt,6,54.0,25,2,1.0,3,236,0,53,4.68,48.2308968,16.3529876
107.0,147093175,Alsergrund,Entire rental unit,Entire home/apt,2,505.0,7,1,0.5,1,9,0,3,5.0,48.22968,16.3607
129.0,351699321,Wieden,Entire rental unit,Entire home/apt,2,467.0,34,1,1.0,1,179,0,112,4.77,48.1876676,16.3678825
111.7,5462314,Ottakring,Entire rental unit,Entire home/apt,3,456.0,27,1,1.5,2,25,0,2,5.0,48.20974,16.335
197.0,27775775,Neubau,Entire rental unit,Entire home/apt,2,502.0,35,1,1.5,1,227,0,39,4.82,48.19867,16.34439
132.5,278892619,Rudolfsheim-Fünfhaus,Entire rental unit,Entire home/apt,7,491.0,38,2,1.5,1,303,1,15,4.87,48.19407,16.32976
534.0,189066567,Neubau,Entire rental unit,Entire home/apt,8,546.0,44,3,2.0,2,330,1,4,5.0,48.19903,16.34933
110.0,580471127,Innere Stadt,Entire rental unit,Entire home/apt,4,346.0,15,1,1.0,1,336,0,39,4.21,48.20717808356619,16.367287297874253
97.0,64601861,Ottakring,Entire rental unit,Entire home/apt,2,352.0,45,1,1.5,4,151,1,7,5.0,48.20663677835205,16.334764547646046
134.0,712746304,Meidling,Entire rental unit,Entire home/apt,5,438.0,41,2,1.0,1,283,1,23,4.96,48.18390244248533,16.34435905579192
53.0,547677118,Margareten,Room in boutique hotel,Private room,2,289.0,27,1,1.0,1,365,0,602,4.58,48.18422,16.35133
136.0,123148011,Ottakring,Entire rental unit,Entire home/apt,4,435.0,64,2,1.0,1,194,0,192,4.88,48.20740041709285,16.336119393578777
58.0,311151517,Mariahilf,Entire rental unit,Entire home/apt,3,444.0,29,1,1.0,1,348,0,56,4.36,48.19587,16.34448
55.39,476964404,Favoriten,Entire rental unit,Entire home/apt,2,386.0,42,1,1.0,30,108,1,41,4.98,48.18164,16.37513
139.68,349129614,Wieden,Entire rental unit,Entire home/apt,5,513.0,20,1,1.0,1,66,0,75,4.85,48.191986,16.365089
98.55,473779995,Ottakring,Entire serviced apartment,Entire home/apt,3,414.0,53,1,1.5,2,344,0,193,4.83,48.20899117840508,16.329358202038176
108.0,222345303,Meidling,Entire rental unit,Entire home/apt,4,354.0,26,1,1.0,1,356,0,83,4.72,48.18238,16.33082
133.5,129960877,Leopoldstadt,Entire rental unit,Entire home/apt,6,245.0,42,2,1.0,1,283,0,46,4.83,48.21795,16.38352
76.27,205401852,Rudolfsheim-Fünfhaus,Entire rental unit,Entire home/apt,2,267.0,22,1,1.0,14,344,0,20,4.65,48.1972,16.33218
274.0,286858807,Rudolfsheim-Fünfhaus,Entire rental unit,Entire home/apt,4,496.0,50,2,1.0,3,363,0,24,4.96,48.1916389667518,16.32759892721865
78.0,495691871,Liesing,Entire rental unit,Entire home/apt,4,512.0,45,2,2.0,15,323,0,1,5.0,48.146937661475086,16.315233277917663
89.25,3015701,Margareten,Entire rental unit,Entire home/apt,2,487.0,16,1,1.0,10,75,0,7,5.0,48.18799,16.35088
224.81,207485285,Rudolfsheim-Fünfhaus,Entire rental unit,Entire home/apt,7,445.0,20,2,1.5,2,41,0,11,4.91,48.196864,16.3287442
179.0,706263647,Simmering,Entire rental unit,Entire home/apt,3,475.0,7,2,2.0,1,207,0,7,4.71,48.18367694782942,16.407202243377263
84.0,418270816,Hietzing,Entire rental unit,Entire home/apt,2,444.0,33,1,1.0,1,348,0,2,5.0,48.1864013,16.300567
117.54,53138278,Ottakring,Entire rental unit,Entire home/apt,2,252.0,73,1,1.5,2,233,1,610,4.97,48.20619,16.30289
270.0,271489716,Leopoldstadt,Entire serviced apartment,Entire home/apt,4,0.0,22,2,0.0,1,354,0,1,5.0,48.2236444,16.4066264
110.0,704489850,Leopoldstadt,Entire rental unit,Entire home/apt,4,284.0,8,2,1.0,1,336,0,8,4.75,48.20429,16.39956
97.0,41170091,Alsergrund,Entire rental unit,Entire home/apt,2,216.0,18,1,1.0,1,95,0,529,4.76,48.22709,16.36435
121.0,473364085,Penzing,Entire rental unit,Entire home/apt,2,368.0,48,1,1.0,1,329,0,31,4.23,48.193739541897294,16.300214497178672
74.39,418270816,Meidling,Entire serviced apartment,Entire home/apt,3,444.0,32,1,1.0,28,362,0,1,3.0,48.175371,16.331714
152.35,287064802,Penzing,Entire rental unit,Entire home/apt,6,437.0,44,2,1.5,2,97,1,39,4.85,48.19174,16.31558
271.03,666499011,Innere Stadt,Entire rental unit,Entire home/apt,2,411.0,36,1,1.5,2,8,0,18,5.0,48.20158740572823,16.372741342656663
182.0,47034279,Wieden,Entire rental unit,Entire home/apt,3,400.0,60,1,1.5,1,305,1,231,4.85,48.19907,16.36659
167.67,388183655,Leopoldstadt,Entire rental unit,Entire home/apt,4,252.0,37,2,1.0,3,207,1,178,4.83,48.21874,16.37764
156.0,1675517301549309114,Wieden,Entire rental unit,Entire home/apt,4,395.0,48,1,1.5,1,93,0,4,4.75,48.18522,16.37354
234.0,15935294,Josefstadt,Entire rental unit,Entire home/apt,2,434.0,29,1,1.5,1,316,0,5,4.4,48.21024,16.3543
183.0,551661125,Josefstadt,Entire rental unit,Entire home/apt,4,42.0,25,1,1.0,3,347,0,28,4.79,48.20951645227629,16.344422646042073
97.0,503019853,Landstraße,Entire rental unit,Entire home/apt,2,411.0,39,1,1.0,1,337,0,81,4.67,48.209247340983865,16.388216079746236
69.0,126676491,Neubau,Private room in rental unit,Private room,1,93.0,15,1,1.0,1,287,0,1,5.0,48.20287,16.35406
57.0,511689935,Leopoldstadt,Private room in hostel,Private room,2,403.0,25,1,5.0,1,139,0,72,4.5,48.2259643,16.3871199
384.33,501108372,Rudolfsheim-Fünfhaus,Entire loft,Entire home/apt,8,544.0,23,4,1.5,3,49,0,1,5.0,48.19289,16.3167
146.5,687946617,Leopoldstadt,Entire rental unit,Entire home/apt,4,411.0,28,3,1.0,1,174,0,3,4.33,48.22235,16.38743
115.27,99654630,Neubau,Entire rental unit,Entire home/apt,2,372.0,9,1,1.0,30,153,1,6,4.83,48.20263,16.35701
95.0,105541717,Ottakring,Entire condo,Entire home/apt,4,397.0,4,1,1.0,3,338,0,31,5.0,48.21345,16.33492
110.0,473779995,Ottakring,Entire serviced apartment,Entire home/apt,4,391.0,54,1,1.5,2,361,0,103,4.83,48.20846120719268,16.330673276135595
102.0,95006153,Donaustadt,Entire rental unit,Entire home/apt,2,0.0,30,1,1.0,2,233,1,98,4.95,48.222083,16.4504419
104.0,580384692,Donaustadt,Entire rental unit,Entire home/apt,5,60.0,11,1,1.0,1,225,0,16,4.81,48.2593794,16.4435934
61.27,8632750,Floridsdorf,Entire serviced apartment,Entire home/apt,4,330.0,33,1,1.5,28,279,0,6,4.5,48.26482,16.45267
97.0,545712919,Liesing,Entire rental unit,Entire home/apt,2,372.0,26,1,1.0,1,350,0,48,4.81,48.14525,16.30105
144.0,175343322,Liesing,Entire rental unit,Entire home/apt,2,396.0,34,1,1.0,2,259,0,3,5.0,48.137793082297016,16.317181208733746
132.0,728123544,Favoriten,Entire rental unit,Entire home/apt,4,442.0,36,1,1.5,2,253,1,14,4.79,48.1796,16.3683
114.5,529630142,Mariahilf,Entire rental unit,Entire home/apt,4,531.0,39,1,1.0,2,63,0,26,4.85,48.19553342447298,16.34715746931153
134.0,473364085,Penzing,Entire rental unit,Entire home/apt,2,461.0,54,1,1.0,1,327,0,29,4.28,48.19369,16.29865
124.2,257543717,Donaustadt,Entire rental unit,Entire home/apt,4,352.0,25,1,1.0,1,232,1,8,5.0,48.24055,16.42796
99.0,473779995,Favoriten,Entire serviced apartment,Entire home/apt,3,361.0,53,1,1.0,2,352,0,4,5.0,48.1626903,16.3826926
116.33,448481739,Hernals,Entire rental unit,Entire home/apt,3,467.0,12,1,1.0,1,88,0,4,4.25,48.2214649,16.320771
99.57,663811959,Favoriten,Entire rental unit,Entire home/apt,3,533.0,28,2,1.0,2,129,0,8,4.5,48.13945,16.39525
89.55,473779995,Favoriten,Entire serviced apartment,Entire home/apt,4,360.0,52,1,1.0,2,345,0,2,5.0,48.1626903,16.3826926
99.5,473779995,Favoriten,Entire serviced apartment,Entire home/apt,4,361.0,52,1,1.0,2,342,0,1,5.0,48.1626903,16.3826926
139.0,227232876,Leopoldstadt,Entire rental unit,Entire home/apt,2,444.0,7,1,1.0,1,220,1,3,5.0,48.1940685,16.4493435
95.0,222345303,Donaustadt,Entire rental unit,Entire home/apt,2,452.0,36,1,1.0,1,36,0,74,4.36,48.24752,16.43928
136.0,661955262,Hernals,Entire rental unit,Entire home/apt,6,249.0,44,2,1.5,1,320,0,3,4.67,48.23799244813271,16.287932873792254
124.0,87802256,Döbling,Entire rental unit,Entire home/apt,3,186.0,49,2,1.0,4,274,1,86,4.97,48.25292,16.29587
231.0,265140657,Hernals,Entire loft,Entire home/apt,6,521.0,54,3,1.5,1,250,1,152,4.83,48.22296499999999,16.3158116
340.0,715871011,Penzing,Entire rental unit,Entire home/apt,6,377.0,32,2,1.0,1,182,0,6,5.0,48.1938,16.29378
311.0,125293596,Liesing,Entire rental unit,Entire home/apt,6,354.0,46,2,1.5,2,255,0,9,4.89,48.15590194110869,16.291579722078346
169.0,12721782,Leopoldstadt,Entire rental unit,Entire home/apt,4,497.0,23,1,1.5,1,258,0,22,4.45,48.2060635,16.4300894
208.0,257543717,Donaustadt,Entire rental unit,Entire home/apt,4,365.0,25,1,1.0,1,235,1,11,4.91,48.23845,16.42805
199.0,58957522,Penzing,Entire rental unit,Entire home/apt,6,441.0,56,2,1.0,2,57,0,15,5.0,48.190483,16.296537
139.0,518644,Margareten,Entire rental unit,Entire home/apt,5,505.0,59,1,1.0,1,364,0,59,4.52,48.19554,16.35863
116.0,95125368,Rudolfsheim-Fünfhaus,Entire rental unit,Entire home/apt,4,383.0,51,2,1.0,2,36,0,104,4.73,48.1957016,16.327468
26.0,396597805,Rudolfsheim-Fünfhaus,Shared room in hostel,Shared room,1,385.0,37,1,1.0,1,325,0,474,4.79,48.196735,16.337521
51.01,13336646,Penzing,Entire rental unit,Entire home/apt,6,95.0,5,2,1.0,1,319,0,16,4.5,48.1969,16.28869
63.0,6923062,Neubau,Entire rental unit,Entire home/apt,2,60.0,29,1,1.0,2,18,0,32,4.59,48.20112,16.34699
107.0,4524119,Neubau,Entire condo,Entire home/apt,4,303.0,4,1,1.0,4,5,0,3,5.0,48.20602,16.34882
479.15,300246929,Innere Stadt,Entire rental unit,Entire home/apt,4,398.0,45,1,1.0,31,202,0,2,5.0,48.21026,16.37114
132.95,515940133,Leopoldstadt,Entire rental unit,Entire home/apt,2,504.0,34,1,1.0,2,259,0,42,4.9,48.2161135,16.3904491
11.38,109659350,Rudolfsheim-Fünfhaus,Entire rental unit,Entire home/apt,1,425.0,42,1,1.5,93,240,0,8,4.75,48.18958,16.3235
63.0,697790471,Wieden,Private room in rental unit,Private room,1,60.0,19,3,1.5,3,321,0,5,4.2,48.19265,16.36626
124.25,52520734,Margareten,Entire rental unit,Entire home/apt,2,486.0,33,1,1.0,3,11,0,11,4.91,48.18725229914553,16.344260908663273
46.91,809077,Margareten,Entire rental unit,Entire home/apt,5,370.0,42,2,1.0,56,221,1,29,4.86,48.1946151,16.3595559
160.0,809077,Wieden,Entire rental unit,Entire home/apt,4,428.0,42,1,1.5,1,265,1,34,4.91,48.19554,16.36365
12.72,11030178,Donaustadt,Entire condo,Entire home/apt,2,365.0,37,1,1.0,90,255,0,3,4.67,48.22708,16.42224
45.88,5874520,Innere Stadt,Entire rental unit,Entire home/apt,1,0.0,19,1,1.0,35,358,0,41,4.63,48.20425,16.37145
267.79,4053187,Josefstadt,Entire rental unit,Entire home/apt,10,511.0,60,6,3.0,31,228,1,51,4.71,48.2085,16.35024
103.0,11549356,Döbling,Entire condo,Entire home/apt,4,459.0,41,1,1.0,1,64,0,115,4.83,48.2452,16.34
93.0,539870211,Hernals,Entire rental unit,Entire home/apt,2,437.0,38,1,1.0,1,362,1,63,4.89,48.2207641,16.3363057
80.0,520712627,Favoriten,Entire rental unit,Entire home/apt,2,422.0,3,1,1.0,1,346,0,8,4.75,48.17551,16.36404
114.33,75917205,Währing,Entire rental unit,Entire home/apt,4,373.0,42,1,1.0,3,153,0,41,4.93,48.22129873169708,16.337581662332816
299.0,14216524,Josefstadt,Entire rental unit,Entire home/apt,9,102.0,27,2,1.5,2,337,0,59,4.83,48.21002,16.35385
148.0,182825194,Leopoldstadt,Entire rental unit,Entire home/apt,4,169.0,51,2,1.5,1,39,1,402,4.87,48.2191,16.4036
103.0,705032383,Brigittenau,Entire rental unit,Entire home/apt,2,245.0,25,1,1.0,1,88,1,10,4.6,48.22994,16.37179
141.9,451388163,Meidling,Entire rental unit,Entire home/apt,3,420.0,52,1,1.5,1,203,0,48,4.81,48.1831033704852,16.339776001496453
145.47,689417785,Rudolfsheim-Fünfhaus,Entire rental unit,Entire home/apt,4,353.0,7,2,1.0,1,177,0,6,5.0,48.1976192,16.3144092
114.0,407417015,Favoriten,Entire condo,Entire home/apt,4,500.0,41,1,1.0,1,204,1,262,4.96,48.17276,16.36515
61.98,8885198,Landstraße,Entire rental unit,Entire home/apt,4,138.0,22,1,1.0,30,364,0,43,4.95,48.19407,16.38888
146.0,15935294,Favoriten,Entire rental unit,Entire home/apt,4,93.0,23,1,1.0,1,363,0,4,5.0,48.16865,16.34453
105.33,37906727,Liesing,Entire rental unit,Entire home/apt,4,396.0,53,1,1.0,3,364,1,14,4.79,48.14217,16.27163
157.0,249583292,Leopoldstadt,Entire rental unit,Entire home/apt,2,417.0,29,1,1.0,1,349,0,15,4.47,48.22128047678444,16.376150263338477
280.0,15935294,Leopoldstadt,Entire rental unit,Entire home/apt,5,61.0,26,2,1.5,1,323,0,8,4.75,48.21829944340165,16.402941768227738
92.0,383835177,Döbling,Entire rental unit,Entire home/apt,2,484.0,38,1,1.5,2,355,0,5,5.0,48.26062,16.33471
134.33,710752525,Josefstadt,Entire rental unit,Entire home/apt,4,493.0,38,1,1.5,2,221,1,19,4.95,48.2116278,16.3485023
126.0,462546700,Donaustadt,Entire rental unit,Entire home/apt,2,48.0,33,1,1.0,1,161,1,42,4.74,48.22369071410807,16.449926318348155
227.33,20154547,Simmering,Entire rental unit,Entire home/apt,4,281.0,39,2,1.0,2,66,1,11,4.91,48.1792,16.41053
56.0,662948152,Meidling,Entire rental unit,Entire home/apt,3,480.0,30,1,1.0,1,280,0,89,4.4,48.17839,16.33592
207.0,530403818,Landstraße,Entire rental unit,Entire home/apt,8,494.0,50,3,1.5,1,128,1,102,4.71,48.19344,16.39159
182.67,723613349,Favoriten,Entire rental unit,Entire home/apt,4,390.0,17,2,1.5,3,179,0,1,5.0,48.16872,16.36771
99.0,545712919,Liesing,Entire rental unit,Entire home/apt,5,372.0,41,2,1.0,2,307,0,12,4.58,48.1458918,16.3001761
103.0,490559455,Brigittenau,Entire rental unit,Entire home/apt,3,443.0,22,1,1.0,2,52,0,7,5.0,48.2306683,16.3693182
92.0,745194895,Meidling,Entire rental unit,Entire home/apt,2,451.0,40,1,1.0,1,330,0,2,4.5,48.17932069733331,16.33205838761086
116.06,15935294,Alsergrund,Entire rental unit,Entire home/apt,4,233.0,23,2,1.5,30,157,0,9,4.78,48.22279,16.36519
97.0,735307984,Meidling,Entire rental unit,Entire home/apt,4,259.0,11,1,1.0,2,13,0,1,5.0,48.18600967382522,16.342721100518787
122.0,231965547,Rudolfsheim-Fünfhaus,Entire rental unit,Entire home/apt,4,428.0,42,1,1.0,3,322,0,17,4.88,48.19951,16.3247
265.0,1547126,Neubau,Entire serviced apartment,Entire home/apt,4,136.0,40,1,1.5,1,351,1,5,5.0,48.20301916037693,16.352006696155744
88.0,566831684,Hernals,Entire rental unit,Entire home/apt,3,364.0,26,1,1.0,1,335,0,6,4.67,48.21899,16.33394
429.5,189066567,Neubau,Entire rental unit,Entire home/apt,6,504.0,43,2,2.0,2,349,1,2,5.0,48.19962,16.3493
101.86,2418146,Brigittenau,Entire rental unit,Entire home/apt,4,151.0,51,2,1.0,3,55,1,123,4.63,48.22851,16.3731
259.0,530403818,Margareten,Entire rental unit,Entire home/apt,6,434.0,45,2,1.5,1,68,1,188,4.89,48.19337,16.36027
181.2,16038716,Währing,Entire rental unit,Entire home/apt,4,480.0,29,1,1.0,2,131,1,26,4.69,48.23272,16.32441
68.47,71256995,Penzing,Entire rental unit,Entire home/apt,2,274.0,33,1,1.0,3,256,1,52,4.71,48.19034,16.29393
184.0,248795805,Ottakring,Entire rental unit,Entire home/apt,4,521.0,12,1,3.0,1,92,0,6,5.0,48.21240020246218,16.338054230718996
139.5,45377364,Favoriten,Entire rental unit,Entire home/apt,3,442.0,48,1,1.5,2,147,1,192,4.96,48.17677,16.37159
84.0,189398194,Ottakring,Entire rental unit,Entire home/apt,3,528.0,51,1,1.0,1,261,1,179,4.76,48.207584,16.337202
59.0,547677118,Leopoldstadt,Room in boutique hotel,Private room,3,358.0,23,1,1.0,1,353,0,146,4.49,48.21724395819676,16.388575048563034
191.0,732259910,Neubau,Entire rental unit,Entire home/apt,6,384.0,45,2,1.5,1,338,0,3,5.0,48.20715,16.33798
172.0,480714242,Donaustadt,Entire rental unit,Entire home/apt,4,396.0,46,1,1.0,2,79,0,3,5.0,48.2334304,16.4224687
98.5,4034068,Leopoldstadt,Entire rental unit,Entire home/apt,4,437.0,37,1,1.0,2,72,0,18,4.56,48.22049,16.40904
43.13,182541302,Alsergrund,Entire rental unit,Entire home/apt,3,422.0,24,1,1.5,31,98,0,107,4.64,48.2165,16.34224
172.33,100352737,Leopoldstadt,Entire rental unit,Entire home/apt,4,483.0,57,2,1.0,6,116,0,6,4.83,48.21546835859436,16.383073191871055
132.0,257543717,Donaustadt,Entire rental unit,Entire home/apt,4,453.0,25,1,1.0,1,276,1,5,4.8,48.239252278703255,16.428482292590335
156.14,385064248,Innere Stadt,Entire rental unit,Entire home/apt,4,227.0,25,2,1.0,30,112,0,1,5.0,48.2079728,16.3783731
116.0,589598935,Rudolfsheim-Fünfhaus,Entire rental unit,Entire home/apt,9,475.0,35,4,3.0,1,273,0,7,4.29,48.19439280718309,16.33079497513882
90.0,579965958,Favoriten,Entire rental unit,Entire home/apt,4,399.0,17,1,1.0,1,153,0,49,4.45,48.1764754,16.3564033
117.0,146750922,Währing,Entire rental unit,Entire home/apt,4,476.0,35,2,1.0,2,230,0,50,4.76,48.22361552160676,16.33811871522827
175.0,151869337,Alsergrund,Entire rental unit,Entire home/apt,5,502.0,36,2,1.0,1,7,0,43,4.81,48.23137948165566,16.35406053989245
182.0,158525648,Alsergrund,Entire rental unit,Entire home/apt,6,402.0,44,2,1.5,1,59,1,30,4.9,48.21622,16.34176
82.0,2054304,Alsergrund,Entire home,Entire home/apt,4,539.0,7,1,1.0,2,45,0,1,5.0,48.21819,16.34366
178.0,588115225,Margareten,Entire rental unit,Entire home/apt,2,424.0,49,1,1.5,1,365,1,33,4.88,48.1820375,16.3544219
128.0,500209781,Meidling,Entire rental unit,Entire home/apt,4,497.0,36,2,1.0,2,342,0,32,4.72,48.17872286723336,16.333502136031814
125.53,114204359,Leopoldstadt,Entire rental unit,Entire home/apt,4,443.0,35,1,1.0,1,219,1,96,4.81,48.22370101379441,16.38375615974527
78.0,129960877,Wieden,Entire rental unit,Entire home/apt,2,339.0,33,1,1.0,1,130,0,3,4.67,48.19098490109771,16.377960264383784
1044.33,32734970,Innere Stadt,Entire serviced apartment,Entire home/apt,12,498.0,65,4,4.5,3,345,1,23,5.0,48.2175,16.36946
137.0,79783186,Ottakring,Entire rental unit,Entire home/apt,2,376.0,25,1,1.0,6,63,0,2,5.0,48.2051003418144,16.329218513537334
53.26,546955734,Ottakring,Entire rental unit,Entire home/apt,2,416.0,34,1,1.5,30,244,0,7,4.43,48.2093,16.32498
152.0,151926955,Rudolfsheim-Fünfhaus,Entire rental unit,Entire home/apt,4,491.0,31,2,1.5,1,326,0,131,4.6,48.19489,16.33758
54.02,408097901,Margareten,Private room in rental unit,Private room,1,521.0,5,1,1.0,3,33,0,5,4.8,48.18788255813224,16.35145761770021
71.0,97275819,Ottakring,Entire rental unit,Entire home/apt,8,562.0,44,2,1.5,1,354,0,125,4.33,48.21328,16.33807
134.8,155062501,Margareten,Entire rental unit,Entire home/apt,2,478.0,42,1,1.0,2,295,1,43,4.91,48.19636,16.35796
60.0,480282551,Favoriten,Entire rental unit,Entire home/apt,2,387.0,19,1,1.0,1,321,0,49,4.18,48.17947,16.3789
113.0,131604463,Leopoldstadt,Entire rental unit,Entire home/apt,2,512.0,10,1,1.0,1,25,0,22,4.86,48.222023242736185,16.385255120694637
76.5,571387667,Favoriten,Room in hotel,Private room,1,453.0,21,1,1.0,1,125,0,27,4.85,48.179016664259535,16.374688265143554
105.33,178445577,Brigittenau,Entire rental unit,Entire home/apt,5,175.0,37,2,1.0,1,152,0,49,4.82,48.22811,16.37142
173.6,687946617,Leopoldstadt,Entire rental unit,Entire home/apt,4,453.0,28,1,1.0,1,203,0,126,4.63,48.21854,16.38159
755.4,47278964,Leopoldstadt,Entire rental unit,Entire home/apt,12,488.0,54,4,5.5,1,264,1,17,4.82,48.21385,16.38565
188.0,21494548,Favoriten,Entire rental unit,Entire home/apt,3,458.0,4,1,1.0,1,90,0,4,5.0,48.17197478979765,16.376797629049733
164.3,697816608,Ottakring,Entire rental unit,Entire home/apt,4,219.0,34,2,1.0,1,319,0,9,4.0,48.20639,16.32871
134.0,505723548,Leopoldstadt,Entire serviced apartment,Entire home/apt,3,376.0,40,1,1.0,1,65,0,20,4.75,48.2241533,16.3833527
22.23,683590184,Ottakring,Entire rental unit,Entire home/apt,3,435.0,40,1,1.0,61,193,1,8,4.88,48.20465,16.33655
226.33,672066855,Margareten,Entire rental unit,Entire home/apt,5,470.0,13,2,1.0,3,361,1,2,5.0,48.184908646968886,16.366829135461217
83.0,517345385,Meidling,Entire rental unit,Entire home/apt,2,390.0,15,1,1.0,1,364,0,149,4.62,48.17976,16.33533
188.0,20258021,Wieden,Entire rental unit,Entire home/apt,4,0.0,36,2,1.0,1,100,1,24,5.0,48.19021,16.36578
157.0,27775775,Wieden,Entire rental unit,Entire home/apt,4,560.0,33,1,1.0,1,203,0,43,4.95,48.18934,16.36734
63.56,222345303,Alsergrund,Entire rental unit,Entire home/apt,6,409.0,43,2,1.0,30,304,0,6,4.83,48.22039353726197,16.366507252846404
85.59,149721870,Margareten,Entire rental unit,Entire home/apt,4,443.0,31,1,1.0,3,22,1,97,4.94,48.18502,16.36409
85.0,235195974,Meidling,Entire rental unit,Entire home/apt,2,451.0,25,1,1.0,1,204,1,238,4.82,48.18395,16.3424
310.0,426015944,Margareten,Entire rental unit,Entire home/apt,6,265.0,52,3,1.5,1,113,1,6,4.83,48.18397166614207,16.353328671344062
224.0,448227459,Margareten,Entire rental unit,Entire home/apt,5,458.0,36,2,1.0,2,158,0,17,4.65,48.1854,16.36429
120.0,22574909,Neubau,Room in hotel,Private room,2,245.0,21,1,1.0,1,295,0,13,4.69,48.20387,16.35592
105.0,95519429,Rudolfsheim-Fünfhaus,Entire rental unit,Entire home/apt,2,313.0,40,1,1.5,2,53,1,74,4.82,48.18697772984186,16.32818514603272
120.41,16038716,Margareten,Entire rental unit,Entire home/apt,4,498.0,16,1,1.0,2,179,1,16,4.63,48.18364,16.35992
201.0,2418146,Brigittenau,Entire rental unit,Entire home/apt,5,362.0,56,3,1.5,1,209,1,21,5.0,48.2287824,16.3718969
77.98,15935294,Landstraße,Entire rental unit,Entire home/apt,2,152.0,26,1,1.5,30,364,0,5,5.0,48.19946,16.39511
148.0,475251181,Innere Stadt,Private room in pension,Private room,3,103.0,14,1,1.0,1,283,0,1,5.0,48.2122754,16.3726261
226.71,749485772,Rudolfsheim-Fünfhaus,Entire rental unit,Entire home/apt,2,499.0,8,2,1.0,6,170,0,4,5.0,48.19457,16.33422
204.0,546279003,Favoriten,Entire rental unit,Entire home/apt,4,442.0,49,2,1.5,3,327,0,56,4.68,48.17178,16.37756
46.51,95007570,Favoriten,Entire rental unit,Entire home/apt,4,487.0,21,1,1.0,30,132,0,28,4.71,48.17758,16.36793
70.0,391685367,Leopoldstadt,Entire rental unit,Entire home/apt,6,451.0,30,2,1.0,1,235,0,282,4.27,48.21948831387411,16.3855085986598
136.0,12923922,Neubau,Entire rental unit,Entire home/apt,2,318.0,31,1,1.0,3,328,1,86,4.87,48.20167246144524,16.352874352987026
416.53,12507320,Neubau,Entire condo,Entire home/apt,6,480.0,39,3,2.0,1,55,0,252,4.79,48.20380880700422,16.356605105102062
100.0,15935294,Favoriten,Entire rental unit,Entire home/apt,2,93.0,21,1,1.0,1,359,0,18,4.72,48.16768432771374,16.346130689646472
92.0,469665768,Landstraße,Entire rental unit,Entire home/apt,4,465.0,25,1,1.0,1,159,0,112,4.65,48.19110269999999,16.3857165
234.0,131677242,Rudolfsheim-Fünfhaus,Entire serviced apartment,Entire home/apt,5,382.0,58,2,2.0,2,300,1,22,5.0,48.19491558689867,16.338022211639405
330.0,383107369,Leopoldstadt,Room in hotel,Private room,5,498.0,21,1,1.0,1,186,1,2,5.0,48.21678,16.40259
141.0,1811895,Josefstadt,Entire rental unit,Entire home/apt,4,265.0,43,1,1.0,3,66,1,309,4.92,48.21234,16.34664
88.0,455356284,Brigittenau,Entire rental unit,Entire home/apt,4,74.0,11,1,1.0,1,16,0,1,5.0,48.23123,16.37613
149.0,267195821,Döbling,Entire rental unit,Entire home/apt,4,42.0,19,1,1.0,1,195,0,4,4.75,48.25496900090979,16.361080588470344
34.0,571387667,Favoriten,Shared room in hotel,Shared room,1,477.0,15,1,1.0,1,173,0,24,4.75,48.18014429999999,16.3744278
131.5,16943315,Favoriten,Entire rental unit,Entire home/apt,4,455.0,41,2,1.0,2,364,0,239,4.62,48.17859,16.37859
144.0,566831684,Alsergrund,Entire rental unit,Entire home/apt,6,508.0,32,1,1.0,1,331,0,10,4.3,48.22865,16.35031
205.0,265140657,Hernals,Entire condo,Entire home/apt,8,515.0,48,3,1.5,1,282,1,157,4.73,48.22297,16.31581
108.0,668583558,Rudolfsheim-Fünfhaus,Entire rental unit,Entire home/apt,2,576.0,50,1,1.5,1,329,0,3,5.0,48.20346,16.33589
75.0,575253843,Brigittenau,Entire rental unit,Entire home/apt,2,469.0,58,1,1.0,2,360,1,39,4.85,48.231715508183285,16.37298500220725
70.73,99975650,Floridsdorf,Entire rental unit,Entire home/apt,8,407.0,39,2,1.5,31,72,1,20,4.7,48.25936,16.41449
113.0,342487988,Wieden,Entire serviced apartment,Entire home/apt,2,0.0,16,1,0.0,1,348,0,16,4.56,48.18896,16.3765
123.0,518644,Wieden,Entire rental unit,Entire home/apt,5,556.0,47,1,1.0,1,332,0,76,4.57,48.19567,16.3603
95.0,752681220,Rudolfsheim-Fünfhaus,Entire rental unit,Entire home/apt,2,478.0,32,1,1.0,1,342,0,3,5.0,48.19131096564036,16.332648284733295
106.0,313423785,Leopoldstadt,Entire rental unit,Entire home/apt,3,520.0,42,1,1.0,1,296,1,135,4.81,48.217522763432285,16.402333589638946
86.1,13336646,Penzing,Room in hotel,Private room,4,369.0,5,1,1.0,1,360,0,1,3.0,48.19619,16.29075
156.0,33283839,Favoriten,Entire condo,Entire home/apt,4,363.0,47,1,1.0,1,110,1,167,4.9,48.17144,16.37256
153.0,28281613,Ottakring,Entire rental unit,Entire home/apt,2,491.0,26,2,1.0,1,9,1,34,5.0,48.21065,16.32846
59.58,69597964,Rudolfsheim-Fünfhaus,Entire rental unit,Entire home/apt,3,250.0,37,2,1.0,19,48,0,31,4.58,48.19807,16.33325
68.0,578769046,Favoriten,Entire rental unit,Entire home/apt,2,87.0,2,1,1.0,1,336,0,12,4.25,48.172770544142686,16.371242862456786
130.5,18579257,Meidling,Entire rental unit,Entire home/apt,2,364.0,40,2,1.0,2,153,0,59,4.53,48.1717,16.32916
57.38,222345303,Alsergrund,Entire rental unit,Entire home/apt,4,467.0,42,1,1.0,30,295,0,118,4.76,48.22263,16.3664
75.0,342114669,Döbling,Entire serviced apartment,Entire home/apt,2,366.0,38,1,1.0,14,315,0,19,4.79,48.24587,16.34192
185.0,657257173,Donaustadt,Entire rental unit,Entire home/apt,6,563.0,43,1,1.0,1,150,0,30,4.4,48.2567211591953,16.44608952327882
13.12,109659350,Ottakring,Entire rental unit,Entire home/apt,2,412.0,40,1,1.0,93,262,0,10,4.6,48.20666,16.33085
238.67,20154547,Simmering,Entire rental unit,Entire home/apt,4,244.0,33,2,1.5,3,67,1,25,4.92,48.17733,16.4126
91.33,14415540,Simmering,Entire rental unit,Entire home/apt,7,485.0,49,2,1.0,3,111,0,58,4.66,48.17487,16.4249
143.8,357653711,Simmering,Entire rental unit,Entire home/apt,2,239.0,6,1,1.0,5,268,0,1,5.0,48.18484771940509,16.419641361376936
73.5,188003043,Leopoldstadt,Entire rental unit,Entire home/apt,1,496.0,21,1,1.0,2,330,0,1,4.0,48.21587340467816,16.41187090463844
137.17,575051460,Ottakring,Entire rental unit,Entire home/apt,4,0.0,48,1,1.0,1,302,1,124,4.95,48.20990709489032,16.337210115344234
106.81,658719327,Simmering,Entire rental unit,Entire home/apt,3,333.0,8,1,1.0,1,361,0,1,5.0,48.18324,16.41
104.67,32883725,Brigittenau,Entire rental unit,Entire home/apt,2,501.0,37,1,1.5,2,150,1,169,4.93,48.23876,16.38417
68.0,592306097,Landstraße,Entire rental unit,Entire home/apt,2,468.0,9,1,1.0,1,87,0,4,4.5,48.18966285407312,16.397391126983628
126.0,473779995,Meidling,Entire serviced apartment,Entire home/apt,4,310.0,46,2,1.5,2,290,0,56,4.8,48.17657,16.32476
115.33,388183655,Alsergrund,Entire rental unit,Entire home/apt,3,346.0,36,1,1.5,3,151,1,109,4.86,48.23189309883315,16.35649565542763
90.0,175343322,Liesing,Entire rental unit,Entire home/apt,2,59.0,35,1,1.0,2,267,0,3,3.67,48.13769935877633,16.317109615314063
76.25,9118606,Leopoldstadt,Entire rental unit,Entire home/apt,4,314.0,34,2,1.5,30,184,1,2,5.0,48.22298,16.40213
134.33,26989755,Ottakring,Entire rental unit,Entire home/apt,4,503.0,40,2,1.5,2,158,1,107,4.81,48.2095402,16.3074547
183.0,90496312,Ottakring,Entire condo,Entire home/apt,4,437.0,75,1,1.0,2,305,1,129,4.98,48.20992,16.30929
260.5,189066567,Landstraße,Entire rental unit,Entire home/apt,4,548.0,54,1,1.0,2,355,1,444,4.91,48.21125,16.3906
113.0,420123502,Landstraße,Entire rental unit,Entire home/apt,3,503.0,38,2,1.0,2,187,1,191,4.83,48.19344,16.38803
234.0,59773276,Penzing,Entire rental unit,Entire home/apt,4,417.0,36,2,1.0,3,314,1,114,4.93,48.19028,16.30656
120.0,401222234,Landstraße,Entire condo,Entire home/apt,2,487.0,30,1,1.0,2,18,0,80,4.75,48.19599,16.39457
106.33,148801775,Leopoldstadt,Entire rental unit,Entire home/apt,2,454.0,38,1,1.0,3,69,1,89,4.83,48.22385,16.40157
139.0,315018926,Brigittenau,Entire rental unit,Entire home/apt,3,440.0,50,1,1.0,3,153,1,55,4.78,48.23843,16.37548
97.2,539870211,Währing,Entire rental unit,Entire home/apt,2,394.0,29,1,1.0,1,364,1,46,4.89,48.22101961167859,16.336235404014587
128.0,311948487,Brigittenau,Entire serviced apartment,Entire home/apt,4,35.0,32,1,1.0,1,360,0,3,5.0,48.22876,16.38029
129.94,1666125169478435636,Meidling,Entire rental unit,Entire home/apt,3,385.0,28,1,1.0,3,358,0,1,4.0,48.1673769,16.311445
486.0,153915560,Donaustadt,Entire home,Entire home/apt,4,196.0,17,2,1.5,1,323,0,7,3.86,48.22481,16.44141
265.0,518608127,Alsergrund,Entire rental unit,Entire home/apt,4,493.0,26,2,2.0,2,152,0,29,4.79,48.22117758433995,16.367323642327886
33.2,266502971,Meidling,Entire rental unit,Entire home/apt,2,475.0,5,1,1.0,30,210,0,1,5.0,48.16628,16.30128
79.5,720292417,Meidling,Entire rental unit,Entire home/apt,4,405.0,22,1,1.0,2,207,0,6,4.0,48.17343,16.3129
97.33,131671188,Alsergrund,Entire rental unit,Entire home/apt,4,531.0,37,2,1.5,3,202,0,113,4.74,48.225758,16.350128
354.0,65184642,Hernals,Entire rental unit,Entire home/apt,6,251.0,19,2,1.0,1,109,0,10,4.7,48.22414,16.31132
169.0,271081497,Alsergrund,Private room in rental unit,Private room,7,507.0,22,3,1.0,2,360,0,14,4.0,48.2267306332361,16.349954199754762
248.0,191665321,Leopoldstadt,Entire rental unit,Entire home/apt,4,352.0,62,1,1.5,2,159,1,77,5.0,48.2115,16.39732
69.0,545861056,Favoriten,Entire rental unit,Entire home/apt,3,451.0,34,1,1.0,1,111,1,78,4.92,48.1732624,16.3643307
126.0,70553298,Meidling,Entire rental unit,Entire home/apt,2,556.0,56,1,1.0,3,126,1,60,4.88,48.1745,16.33377
100.5,554191791,Penzing,Entire guesthouse,Entire home/apt,4,242.0,40,1,1.0,1,243,1,3,4.67,48.19018,16.30904
105.67,26989755,Ottakring,Entire rental unit,Entire home/apt,2,505.0,43,1,1.5,3,20,1,70,4.73,48.209466,16.307357
68.05,302458787,Ottakring,Entire rental unit,Entire home/apt,2,426.0,25,1,1.0,21,337,1,18,5.0,48.21182,16.308
84.45,92979273,Leopoldstadt,Entire rental unit,Entire home/apt,2,43.0,20,1,1.0,3,332,1,135,4.79,48.22389,16.39952
59.0,566831684,Döbling,Room in boutique hotel,Private room,5,477.0,17,1,1.0,1,333,0,4,4.25,48.250426442336384,16.299861638926505
235.0,54441651,Hernals,Entire rental unit,Entire home/apt,8,249.0,18,3,2.0,1,296,0,24,4.17,48.22143,16.32947
177.67,6435647,Hernals,Entire condo,Entire home/apt,4,0.0,73,2,1.0,1,205,1,44,4.98,48.21579928404324,16.32554122595514
74.01,667351629,Landstraße,Entire rental unit,Entire home/apt,2,559.0,18,1,1.0,1,233,1,24,4.83,48.1994047,16.3999093
191.0,567949683,Donaustadt,Entire rental unit,Entire home/apt,5,360.0,59,2,1.5,1,308,0,5,4.8,48.2347559,16.4660554
268.18,66610090,Hernals,Entire rental unit,Entire home/apt,5,381.0,23,1,2.0,1,89,0,2,3.5,48.2216,16.3319
90.0,222345303,Donaustadt,Entire rental unit,Entire home/apt,4,438.0,30,1,1.0,1,343,0,13,4.31,48.25764,16.45107
76.93,8632750,Döbling,Entire serviced apartment,Entire home/apt,2,474.0,34,1,1.0,28,170,0,35,4.69,48.24505,16.3586
276.5,723613349,Favoriten,Entire rental unit,Entire home/apt,4,397.0,18,2,1.0,2,185,0,2,5.0,48.17282,16.39279
103.0,25064870,Alsergrund,Entire rental unit,Entire home/apt,2,370.0,28,1,1.0,1,170,0,194,4.72,48.22207,16.3449
181.0,567949683,Donaustadt,Entire rental unit,Entire home/apt,4,425.0,59,1,1.0,1,326,0,4,5.0,48.2347559,16.4660554
133.5,743398,Rudolfsheim-Fünfhaus,Entire rental unit,Entire home/apt,4,410.0,27,1,1.0,2,40,0,17,4.35,48.19744,16.31868
229.0,31974659,Währing,Entire rental unit,Entire home/apt,3,222.0,21,1,1.0,1,365,0,74,4.88,48.2246,16.34636
81.58,46938364,Favoriten,Entire serviced apartment,Entire home/apt,4,501.0,26,2,1.0,30,364,0,15,4.73,48.18254,16.38126
82.5,260773582,Ottakring,Entire rental unit,Entire home/apt,2,491.0,50,1,1.0,2,284,1,64,4.88,48.21723,16.31393
118.8,29494065,Hernals,Entire rental unit,Entire home/apt,4,413.0,16,2,1.0,5,170,0,26,4.62,48.22136,16.32926
149.0,527063261,Währing,Entire rental unit,Entire home/apt,4,207.0,48,2,1.0,1,133,0,64,4.91,48.22543176813533,16.332256842035598
107.8,66040140,Favoriten,Entire condo,Entire home/apt,3,460.0,32,1,1.0,1,171,0,40,4.65,48.17368,16.3926
107.0,554191791,Penzing,Entire guesthouse,Entire home/apt,4,242.0,41,1,1.0,1,267,1,2,5.0,48.19215,16.30905
37.0,754484813,Liesing,Private room in rental unit,Private room,2,385.0,28,1,1.0,1,47,0,2,4.0,48.14658,16.29737
186.67,53178880,Brigittenau,Entire rental unit,Entire home/apt,4,60.0,43,2,1.0,1,241,0,114,4.51,48.2306055,16.3660552
154.2,220732926,Landstraße,Entire rental unit,Entire home/apt,5,357.0,22,2,1.5,4,17,1,46,4.89,48.19751,16.39543
270.0,726435511,Währing,Entire rental unit,Entire home/apt,4,444.0,41,1,1.0,3,293,1,1,5.0,48.24376679139178,16.307684213399
735.49,253581144,Landstraße,Entire rental unit,Entire home/apt,16,411.0,41,5,3.0,1,295,1,239,4.92,48.2067,16.39426
98.71,306422133,Leopoldstadt,Entire rental unit,Entire home/apt,7,364.0,25,3,1.5,31,139,1,4,5.0,48.21936521946717,16.410670392215252
105.6,22229400,Meidling,Entire rental unit,Entire home/apt,4,311.0,48,1,1.0,1,163,0,11,4.64,48.1820371,16.3216362
99.0,270804594,Meidling,Entire rental unit,Entire home/apt,3,350.0,38,1,1.0,1,233,0,394,4.68,48.17323,16.32074
79.88,8060786,Josefstadt,Entire rental unit,Entire home/apt,4,118.0,44,1,1.0,2,178,1,202,4.85,48.21002,16.34094
109.0,32819484,Leopoldstadt,Entire rental unit,Entire home/apt,3,314.0,44,1,1.0,3,139,1,269,4.61,48.2199,16.40119
111.5,35459423,Josefstadt,Entire rental unit,Entire home/apt,2,90.0,28,1,1.5,2,340,1,138,4.86,48.20917,16.345817
154.0,39281105,Josefstadt,Entire rental unit,Entire home/apt,3,276.0,29,1,1.0,1,292,0,2,5.0,48.21398,16.34557
151.21,314982213,Neubau,Entire condo,Entire home/apt,4,356.0,40,1,1.5,1,100,1,303,4.82,48.20748,16.3436
142.0,38456970,Alsergrund,Entire rental unit,Entire home/apt,2,435.0,46,1,1.0,1,354,1,171,4.95,48.22967,16.35257
151.5,10629509,Döbling,Entire rental unit,Entire home/apt,4,352.0,34,1,1.0,2,170,1,8,4.88,48.24674,16.36088
75.0,252955210,Rudolfsheim-Fünfhaus,Entire rental unit,Entire home/apt,4,475.0,18,1,1.5,2,194,0,210,4.65,48.19836,16.32114
54.78,31564926,Brigittenau,Entire condo,Entire home/apt,2,496.0,18,1,1.0,7,155,0,1,5.0,48.2410827,16.365807
180.33,1743816,Landstraße,Entire rental unit,Entire home/apt,2,432.0,35,1,1.5,1,121,0,23,4.91,48.2056897,16.3867003
118.0,388500446,Penzing,Entire rental unit,Entire home/apt,2,438.0,44,1,1.0,1,38,1,80,4.9,48.20082421254324,16.313471635551842
104.5,4331202,Penzing,Entire rental unit,Entire home/apt,2,225.0,20,1,1.0,2,356,0,11,4.82,48.18853,16.30523
167.0,269780920,Alsergrund,Entire loft,Entire home/apt,5,288.0,40,1,1.0,1,339,0,227,4.5,48.22708,16.3636
236.67,19791851,Leopoldstadt,Entire rental unit,Entire home/apt,4,498.0,25,3,1.5,2,93,0,19,4.95,48.222786,16.4047377
119.82,288328438,Leopoldstadt,Entire rental unit,Entire home/apt,6,247.0,21,2,1.0,1,334,0,18,4.5,48.22298554761348,16.39937963336706
129.0,1672559220295526397,Favoriten,Entire rental unit,Entire home/apt,2,313.0,42,1,1.0,1,356,0,1,5.0,48.1682202,16.3482141
112.0,571632714,Penzing,Entire rental unit,Entire home/apt,6,296.0,46,1,1.0,1,161,1,107,4.79,48.19596,16.30597
184.0,26940706,Josefstadt,Entire rental unit,Entire home/apt,2,258.0,16,1,1.0,2,360,0,49,4.8,48.20774,16.35358
56.0,754484813,Liesing,Private room in rental unit,Private room,2,429.0,28,1,1.0,1,33,0,4,3.5,48.14742,16.29564
418.81,455597430,Innere Stadt,Entire condo,Entire home/apt,6,497.0,42,3,2.0,1,303,1,17,4.76,48.2047821,16.3705158
330.0,731838360,Margareten,Entire rental unit,Entire home/apt,8,361.0,29,2,3.0,1,80,0,2,5.0,48.18477,16.35985
92.91,675182,Hernals,Entire condo,Entire home/apt,5,238.0,54,2,1.0,31,266,0,1,4.0,48.22248,16.31644
342.0,585612326,Favoriten,Entire rental unit,Entire home/apt,2,498.0,41,1,1.0,1,269,0,1,5.0,48.17667,16.35511
295.0,25025173,Währing,Entire rental unit,Entire home/apt,5,486.0,23,2,2.0,1,102,0,3,4.67,48.23049208265669,16.330443173646927
113.5,11292979,Favoriten,Entire rental unit,Entire home/apt,4,397.0,12,2,2.0,1,269,0,2,4.0,48.17303,16.36334
95.0,47034279,Wieden,Entire rental unit,Entire home/apt,3,301.0,51,1,1.5,1,313,1,569,4.91,48.19741,16.36618
105.0,571632714,Penzing,Entire rental unit,Entire home/apt,6,328.0,46,1,1.0,1,151,1,93,4.75,48.196273375316494,16.30600332882378
339.0,47034279,Wieden,Entire rental unit,Entire home/apt,5,469.0,57,2,1.5,1,295,1,347,4.89,48.1985,16.36741
274.0,16967490,Innere Stadt,Entire rental unit,Entire home/apt,4,478.0,46,1,1.0,1,65,1,92,4.75,48.20253,16.37143
145.0,749299086,Donaustadt,Entire rental unit,Entire home/apt,7,69.0,11,1,1.0,1,121,0,1,4.0,48.2564290390844,16.445298746351096
135.5,148542688,Liesing,Entire rental unit,Entire home/apt,4,545.0,42,1,1.0,2,349,0,5,4.6,48.14316,16.31184
128.67,8915472,Leopoldstadt,Entire rental unit,Entire home/apt,3,467.0,43,1,1.0,2,330,0,58,4.79,48.2198,16.39609
156.0,14029358,Alsergrund,Entire rental unit,Entire home/apt,8,241.0,20,1,1.0,1,272,0,11,4.36,48.22136,16.34491
109.0,251790359,Landstraße,Entire rental unit,Entire home/apt,2,441.0,27,1,1.5,1,139,0,245,4.84,48.19614,16.40661
143.0,40143674,Alsergrund,Entire rental unit,Entire home/apt,2,308.0,18,1,1.0,2,354,0,4,5.0,48.21990287234475,16.36205669492483
155.0,535783654,Landstraße,Entire condo,Entire home/apt,4,470.0,53,1,1.0,1,298,0,300,4.92,48.189445,16.3871627
113.14,95155235,Alsergrund,Entire rental unit,Entire home/apt,2,214.0,28,1,1.0,7,244,0,9,5.0,48.2208372,16.3515241
97.0,559280277,Rudolfsheim-Fünfhaus,Entire condo,Entire home/apt,2,334.0,39,1,1.5,2,191,1,159,4.96,48.1879032,16.333636
192.29,342483308,Favoriten,Entire condo,Entire home/apt,7,446.0,53,2,2.0,2,140,0,73,4.58,48.16965,16.37022
176.88,288328438,Rudolfsheim-Fünfhaus,Entire rental unit,Entire home/apt,6,182.0,35,1,1.0,1,201,0,10,4.6,48.18983293940573,16.335487291540538
93.33,92755511,Margareten,Entire rental unit,Entire home/apt,4,395.0,26,1,1.0,1,208,1,143,4.78,48.18321,16.36117
274.0,115915838,Neubau,Room in serviced apartment,Hotel room,4,313.0,21,1,1.0,1,296,0,8,4.75,48.19884,16.34636
297.0,118516479,Neubau,Entire loft,Entire home/apt,5,450.0,37,3,1.5,2,210,1,282,4.95,48.19943,16.3452
24.71,141076697,Brigittenau,Private room in rental unit,Private room,1,394.0,35,1,1.0,30,274,0,110,4.85,48.2272,16.37071
93.0,235195974,Meidling,Entire rental unit,Entire home/apt,2,452.0,28,1,1.0,1,336,1,352,4.73,48.18462,16.34207
126.0,89732584,Leopoldstadt,Entire rental unit,Entire home/apt,3,271.0,51,1,1.0,1,245,0,46,4.65,48.21625,16.37518
200.09,15727093,Alsergrund,Entire rental unit,Entire home/apt,4,468.0,50,1,1.0,1,197,1,107,4.98,48.21742,16.36429
110.31,33018652,Meidling,Entire rental unit,Entire home/apt,4,386.0,4,1,1.0,3,137,0,2,5.0,48.18342,16.34296
88.0,518013277,Leopoldstadt,Entire rental unit,Entire home/apt,4,460.0,4,1,1.0,4,328,0,4,4.25,48.21887053801128,16.388189662831238
119.0,66040140,Rudolfsheim-Fünfhaus,Entire rental unit,Entire home/apt,3,371.0,33,1,1.0,1,337,0,138,4.63,48.1958,16.31788
205.0,483250137,Innere Stadt,Entire rental unit,Entire home/apt,4,504.0,5,1,2.0,1,303,0,1,5.0,48.21179605067088,16.374587471025738
272.0,8632750,Innere Stadt,Entire rental unit,Entire home/apt,6,274.0,31,1,1.5,1,135,0,62,4.82,48.208363187237545,16.375652158494262
134.0,24624548,Döbling,Entire condo,Entire home/apt,4,261.0,51,1,1.0,3,284,0,225,4.8,48.24854,16.36225
117.33,44287689,Brigittenau,Entire rental unit,Entire home/apt,2,186.0,38,1,1.5,2,365,1,3,4.33,48.22775,16.3692
80.5,129960877,Leopoldstadt,Entire rental unit,Entire home/apt,4,262.0,45,1,1.0,2,332,0,91,4.78,48.22061,16.38226
146.0,271233765,Mariahilf,Private room in serviced apartment,Private room,2,289.0,40,1,1.0,1,224,0,19,4.47,48.19036,16.34247
114.12,156784089,Leopoldstadt,Entire rental unit,Entire home/apt,4,283.0,44,1,1.5,1,267,0,124,4.8,48.22655720745275,16.388078268504543
48.33,51562386,Rudolfsheim-Fünfhaus,Entire rental unit,Entire home/apt,4,437.0,21,2,1.0,30,299,1,14,4.64,48.20019749704851,16.32367425607243
253.33,21843110,Neubau,Entire rental unit,Entire home/apt,8,431.0,53,3,1.0,3,258,1,165,4.93,48.20097184922329,16.345826940512477
43.53,51562386,Rudolfsheim-Fünfhaus,Entire rental unit,Entire home/apt,4,506.0,24,1,1.0,30,311,1,18,4.89,48.200588912980905,16.323388679795347
112.33,2769595,Währing,Entire rental unit,Entire home/apt,3,162.0,61,1,1.0,2,7,0,19,4.84,48.22383,16.34548
100.67,4642438,Alsergrund,Entire rental unit,Entire home/apt,4,0.0,22,1,1.0,3,120,1,162,4.69,48.21599,16.34529
73.04,49817195,Margareten,Entire rental unit,Entire home/apt,2,0.0,37,1,1.0,8,187,1,52,4.92,48.18503,16.35986
98.25,833967,Leopoldstadt,Entire condo,Entire home/apt,2,495.0,38,1,1.0,1,295,1,673,4.83,48.21619,16.37529
103.0,119564348,Rudolfsheim-Fünfhaus,Entire rental unit,Entire home/apt,4,498.0,36,2,1.0,3,90,0,159,4.48,48.20047378540039,16.326221466064453
43.17,137944719,Wieden,Private room in rental unit,Private room,2,486.0,10,2,1.0,30,83,0,10,5.0,48.18897,16.36568
102.0,2651448,Brigittenau,Entire rental unit,Entire home/apt,2,545.0,30,1,1.0,2,110,0,261,4.74,48.22771,16.36813
313.0,305673,Innere Stadt,Entire rental unit,Entire home/apt,6,257.0,18,2,1.0,3,270,0,78,4.62,48.21044,16.36529
59.0,580172276,Rudolfsheim-Fünfhaus,Room in hotel,Private room,2,471.0,6,1,1.0,1,336,0,1,3.0,48.1904494,16.3364435
72.92,137635436,Meidling,Entire rental unit,Entire home/apt,3,482.0,55,1,1.5,5,34,0,5,5.0,48.18391,16.33502
206.33,54244812,Leopoldstadt,Entire rental unit,Entire home/apt,4,500.0,47,2,1.0,3,87,1,63,4.89,48.21861,16.39672
275.4,513531447,Leopoldstadt,Entire rental unit,Entire home/apt,6,205.0,46,2,2.0,3,173,0,12,4.92,48.21887,16.3792
32.59,141076697,Leopoldstadt,Private room in rental unit,Private room,1,457.0,37,1,0.0,30,210,0,216,4.85,48.22425,16.37168
253.5,42766333,Landstraße,Entire rental unit,Entire home/apt,6,326.0,36,2,1.5,2,94,1,212,4.82,48.20938,16.39022
233.5,6132593,Innere Stadt,Entire rental unit,Entire home/apt,4,330.0,43,1,1.0,2,9,1,57,4.88,48.21695,16.36774
149.67,9158703,Alsergrund,Entire rental unit,Entire home/apt,2,356.0,40,1,1.5,2,47,1,128,4.91,48.21662,16.3577
157.67,92979273,Hernals,Entire rental unit,Entire home/apt,4,338.0,20,2,1.0,3,351,1,91,4.63,48.21638,16.34047
318.39,59777709,Leopoldstadt,Entire rental unit,Entire home/apt,6,87.0,30,3,1.0,1,264,0,18,4.22,48.21932,16.37729
188.78,6044442,Ottakring,Entire condo,Entire home/apt,4,215.0,49,2,1.0,3,63,1,42,4.81,48.21488,16.32032
141.0,665436698,Neubau,Entire rental unit,Entire home/apt,3,331.0,15,1,1.0,2,75,1,29,4.76,48.20436551266109,16.349498574538913
256.0,518644,Margareten,Entire rental unit,Entire home/apt,7,561.0,62,2,2.5,1,359,0,64,4.72,48.19469,16.35877
55.33,64601861,Ottakring,Entire rental unit,Entire home/apt,2,97.0,36,1,1.0,30,99,1,36,4.81,48.21005,16.31989
93.67,166996710,Rudolfsheim-Fünfhaus,Entire rental unit,Entire home/apt,4,482.0,43,1,1.0,3,49,1,203,4.89,48.19538,16.3349
69.0,516295468,Brigittenau,Private room in rental unit,Private room,2,59.0,44,1,1.0,1,206,1,70,4.67,48.22938140140846,16.372280940413475
63.49,6571299,Wieden,Entire condo,Entire home/apt,6,0.0,40,2,1.0,29,86,1,146,4.88,48.1949,16.3678
216.0,518644,Margareten,Entire rental unit,Entire home/apt,7,588.0,61,2,2.0,1,350,0,28,4.46,48.19519,16.35915
112.75,4361476,Rudolfsheim-Fünfhaus,Entire rental unit,Entire home/apt,3,497.0,37,1,1.0,4,364,1,4,4.75,48.19839,16.3244
126.0,9719601,Neubau,Entire rental unit,Entire home/apt,2,455.0,46,1,1.0,2,273,1,393,4.94,48.20111,16.34515
188.0,196356933,Margareten,Entire rental unit,Entire home/apt,6,496.0,33,2,1.5,2,263,1,234,4.87,48.1887,16.36011
25.81,141076697,Leopoldstadt,Private room in rental unit,Private room,1,457.0,37,1,1.0,30,248,0,137,4.82,48.22582,16.37131
122.2,6555200,Neubau,Entire rental unit,Entire home/apt,2,288.0,17,2,1.0,5,239,0,15,4.87,48.20035,16.34937
103.0,277928234,Rudolfsheim-Fünfhaus,Entire rental unit,Entire home/apt,5,460.0,28,2,1.0,1,52,1,14,4.64,48.19557,16.33265
82.74,221195882,Landstraße,Entire rental unit,Entire home/apt,2,399.0,29,1,1.0,1,45,1,436,4.83,48.2097,16.39309
72.35,480345964,Margareten,Entire rental unit,Entire home/apt,6,526.0,39,1,1.0,30,354,0,8,4.75,48.18497,16.35924
81.33,511689935,Rudolfsheim-Fünfhaus,Entire rental unit,Entire home/apt,2,400.0,29,1,1.0,1,146,0,46,4.3,48.19276,16.3372
118.0,1547126,Neubau,Entire serviced apartment,Entire home/apt,4,104.0,42,1,1.0,1,334,1,3,5.0,48.19789643656836,16.34570563914796
338.0,743398,Margareten,Entire rental unit,Entire home/apt,6,492.0,29,3,2.0,2,266,0,187,4.78,48.19179,16.35854
156.0,396597805,Rudolfsheim-Fünfhaus,Private room in hostel,Private room,6,417.0,43,1,1.0,1,279,0,8,4.88,48.196735,16.337521
115.63,371175044,Währing,Entire rental unit,Entire home/apt,4,48.0,40,1,1.0,2,364,0,25,4.68,48.22296,16.33693
86.0,24704076,Rudolfsheim-Fünfhaus,Entire rental unit,Entire home/apt,3,397.0,44,1,1.0,1,55,0,87,4.82,48.19374,16.33573
155.0,522477547,Ottakring,Entire rental unit,Entire home/apt,4,474.0,45,1,1.0,2,10,0,8,4.75,48.2097771,16.3355337
108.0,537086875,Simmering,Entire rental unit,Entire home/apt,2,409.0,37,1,1.0,1,95,1,25,4.68,48.1764804,16.4119695
126.0,560447677,Rudolfsheim-Fünfhaus,Entire rental unit,Entire home/apt,2,389.0,36,1,1.0,1,135,0,75,4.77,48.19275120423279,16.336487514113177
244.0,809077,Margareten,Entire rental unit,Entire home/apt,7,470.0,27,3,1.5,2,262,1,255,4.79,48.19469,16.35963
97.0,498742697,Brigittenau,Entire rental unit,Entire home/apt,3,227.0,40,2,1.0,1,307,0,33,4.58,48.24282024851612,16.377104282518935
142.67,392338607,Rudolfsheim-Fünfhaus,Entire condo,Entire home/apt,2,340.0,28,1,1.0,3,236,0,95,4.93,48.194183,16.334999
246.0,204679860,Innere Stadt,Entire condo,Entire home/apt,3,411.0,28,1,1.5,1,60,0,217,4.86,48.20903,16.37423
191.0,274565185,Ottakring,Entire rental unit,Entire home/apt,6,283.0,40,3,1.5,1,261,0,67,4.78,48.21418,16.33418
59.0,547677118,Leopoldstadt,Room in hotel,Private room,2,306.0,23,1,1.0,1,361,0,188,4.41,48.21806,16.38735
159.0,151869337,Margareten,Entire rental unit,Entire home/apt,7,393.0,48,2,1.5,1,269,0,16,4.06,48.1862567,16.3591739
65.0,452281710,Hernals,Entire rental unit,Entire home/apt,4,533.0,47,1,1.0,1,79,1,38,4.76,48.2189361,16.3270505
134.29,2418146,Brigittenau,Entire rental unit,Entire home/apt,6,204.0,40,3,1.0,3,152,1,141,4.77,48.22852,16.37418
262.0,581933592,Rudolfsheim-Fünfhaus,Entire rental unit,Entire home/apt,6,507.0,46,3,1.5,1,259,1,93,4.91,48.18707,16.32074
161.0,678674479,Rudolfsheim-Fünfhaus,Entire rental unit,Entire home/apt,3,504.0,32,1,1.0,1,239,1,54,4.89,48.20225,16.32978
113.0,33977675,Landstraße,Entire rental unit,Entire home/apt,2,492.0,7,1,1.0,1,331,0,4,5.0,48.19054,16.38836
131.33,26316446,Döbling,Entire rental unit,Entire home/apt,2,414.0,33,1,1.0,3,218,1,30,5.0,48.24699931089316,16.346564619049087
52.0,590778147,Mariahilf,Private room in guesthouse,Private room,1,379.0,7,1,1.0,1,356,0,2,5.0,48.19515112327268,16.35031382571622
79.5,473779995,Meidling,Entire serviced apartment,Entire home/apt,2,306.0,46,1,1.5,2,331,0,36,4.75,48.17866399301703,16.323546849352184
120.0,70515734,Penzing,Entire rental unit,Entire home/apt,4,530.0,20,2,1.0,5,22,0,1,5.0,48.19022269085213,16.31007824969381
357.0,257543717,Donaustadt,Entire rental unit,Entire home/apt,6,457.0,25,2,1.0,1,230,1,18,5.0,48.23874,16.42963
104.0,396597805,Rudolfsheim-Fünfhaus,Private room in hostel,Private room,4,417.0,45,1,1.0,1,282,0,33,4.85,48.196735,16.337521
151.21,77480001,Innere Stadt,Entire rental unit,Entire home/apt,4,178.0,21,1,1.5,1,31,0,294,4.6,48.21173,16.37717
121.0,301309133,Brigittenau,Entire rental unit,Entire home/apt,4,501.0,24,1,1.0,1,345,0,30,4.77,48.23907,16.38692
46.7,695246045,Donaustadt,Entire serviced apartment,Entire home/apt,3,284.0,35,1,1.0,31,144,0,59,4.73,48.22577320788057,16.42289232476072
169.0,274565185,Brigittenau,Entire rental unit,Entire home/apt,2,484.0,36,1,1.5,1,343,0,9,4.78,48.2297,16.37225
115.0,738594828,Hernals,Entire rental unit,Entire home/apt,4,409.0,35,2,1.0,2,262,0,1,5.0,48.2154211,16.3261043
122.5,301309133,Brigittenau,Entire rental unit,Entire home/apt,4,523.0,26,1,1.0,1,309,0,53,4.74,48.23889,16.38719
131.4,745200398,Penzing,Entire rental unit,Entire home/apt,4,440.0,56,1,1.0,2,212,0,4,5.0,48.19070929427799,16.297619792619997
425.0,730338264,Ottakring,Entire rental unit,Entire home/apt,8,528.0,39,3,1.0,2,331,0,5,5.0,48.2069972,16.3368567
127.25,10755504,Mariahilf,Entire rental unit,Entire home/apt,4,321.0,53,1,1.5,4,13,0,42,4.57,48.19344,16.34528
43.25,27775775,Hernals,Entire condo,Entire home/apt,5,489.0,32,2,1.0,30,62,0,2,4.5,48.21932,16.32955
88.0,270804594,Meidling,Entire rental unit,Entire home/apt,3,353.0,31,1,1.0,1,261,0,293,4.62,48.17171,16.32035
127.0,9403216,Ottakring,Entire rental unit,Entire home/apt,3,473.0,39,1,1.0,1,294,0,43,4.77,48.21401,16.33354
126.0,21452892,Ottakring,Entire rental unit,Entire home/apt,2,315.0,20,2,1.5,1,363,0,48,4.73,48.20866,16.33806
190.0,129829780,Innere Stadt,Room in serviced apartment,Hotel room,2,171.0,25,1,1.0,1,350,0,110,4.52,48.2092,16.37689
180.5,243331985,Rudolfsheim-Fünfhaus,Entire rental unit,Entire home/apt,6,173.0,25,1,1.5,2,40,0,22,4.77,48.19719610158095,16.32890995591879
147.0,27775775,Margareten,Entire rental unit,Entire home/apt,4,427.0,47,1,1.0,1,227,0,457,4.86,48.19213,16.35666
77.0,523634144,Favoriten,Entire rental unit,Entire home/apt,2,532.0,39,1,1.0,1,353,1,35,4.8,48.17318,16.38012
368.75,76079204,Mariahilf,Entire rental unit,Entire home/apt,3,420.0,14,2,2.5,4,76,0,17,4.94,48.1981,16.36289
119.0,418270816,Meidling,Entire serviced apartment,Entire home/apt,3,444.0,30,1,1.0,1,362,0,2,5.0,48.175371,16.331714
79.88,405760182,Favoriten,Entire rental unit,Entire home/apt,2,438.0,33,1,1.0,1,70,0,43,4.53,48.17335,16.38382
193.67,7147147,Innere Stadt,Entire rental unit,Entire home/apt,5,131.0,36,2,1.0,1,156,0,138,4.28,48.20736,16.37042
114.67,178445577,Brigittenau,Entire rental unit,Entire home/apt,5,175.0,45,2,1.0,1,154,0,36,4.81,48.22747,16.37124
148.64,29748862,Leopoldstadt,Entire rental unit,Entire home/apt,5,523.0,42,2,1.5,2,120,1,113,4.88,48.2224037,16.3846738
94.5,521566852,Favoriten,Entire rental unit,Entire home/apt,2,388.0,40,1,1.0,1,84,0,21,4.57,48.16782266616321,16.380455971861647
287.67,20068276,Hernals,Entire serviced apartment,Entire home/apt,4,302.0,71,2,1.5,3,308,1,1,5.0,48.2123188,16.338766
112.0,249583292,Leopoldstadt,Entire rental unit,Entire home/apt,4,441.0,30,1,1.0,1,340,0,1,3.0,48.22158793084479,16.37463040164152
74.5,117168507,Mariahilf,Entire rental unit,Entire home/apt,2,365.0,27,1,1.0,4,23,0,168,4.66,48.19214,16.3423
196.0,265140657,Rudolfsheim-Fünfhaus,Entire condo,Entire home/apt,5,425.0,41,2,1.0,1,277,1,100,4.76,48.1933,16.33038
73.0,540236834,Penzing,Entire rental unit,Entire home/apt,2,401.0,33,1,1.0,1,177,0,4,3.75,48.19701478717101,16.28041912094626
73.68,88891510,Landstraße,Entire rental unit,Entire home/apt,2,213.0,33,1,1.0,31,201,0,126,4.89,48.19318,16.40529
117.86,60702410,Ottakring,Entire rental unit,Entire home/apt,2,168.0,21,1,1.5,6,236,0,4,5.0,48.20533,16.33422
148.0,720292812,Rudolfsheim-Fünfhaus,Entire rental unit,Entire home/apt,5,161.0,41,2,1.0,1,327,0,257,4.75,48.19339,16.33433
232.5,4353508,Ottakring,Entire rental unit,Entire home/apt,3,269.0,28,2,1.0,1,21,0,307,4.63,48.20952,16.33609
59.0,30478249,Landstraße,Entire rental unit,Entire home/apt,3,348.0,35,1,1.0,30,361,0,41,4.78,48.20995,16.39178
159.0,676004801,Innere Stadt,Room in hotel,Private room,3,365.0,30,1,1.0,1,159,1,23,4.96,48.2062884,16.3677519
138.0,15935294,Leopoldstadt,Entire rental unit,Entire home/apt,2,160.0,30,1,1.0,1,301,0,8,4.75,48.20745,16.42867
221.67,26066113,Leopoldstadt,Entire rental unit,Entire home/apt,5,513.0,24,2,1.0,3,307,0,5,5.0,48.22813,16.40091
255.0,115915838,Neubau,Entire serviced apartment,Entire home/apt,6,399.0,20,2,1.0,1,304,0,32,4.38,48.19837,16.34817
99.43,140047,Leopoldstadt,Entire condo,Entire home/apt,3,279.0,11,2,1.5,30,89,0,1,5.0,48.224926371389245,16.37057543936955
171.36,723821006,Meidling,Entire rental unit,Entire home/apt,6,423.0,50,2,1.0,1,170,1,54,4.96,48.17322311440622,16.329947733665293
105.75,473779995,Meidling,Entire serviced apartment,Entire home/apt,4,309.0,45,2,1.5,2,307,0,20,4.6,48.17863685861389,16.32507676385998
290.5,24311838,Mariahilf,Entire rental unit,Entire home/apt,5,357.0,14,2,1.0,2,279,0,215,4.7,48.1923,16.34888
245.5,15935294,Leopoldstadt,Entire rental unit,Entire home/apt,2,158.0,31,1,1.0,1,262,0,13,4.54,48.20717,16.42953
247.0,18098284,Leopoldstadt,Entire rental unit,Entire home/apt,4,113.0,39,1,1.0,1,168,0,10,4.9,48.21235891807652,16.41347903743437
151.5,827692,Rudolfsheim-Fünfhaus,Entire rental unit,Entire home/apt,2,569.0,11,1,1.0,2,56,0,7,4.86,48.18759490125913,16.331118832892802
90.0,175343322,Penzing,Entire rental unit,Entire home/apt,4,59.0,29,1,1.0,1,171,0,2,3.0,48.1970224732419,16.278487435329072
48.0,590778147,Mariahilf,Private room in guesthouse,Private room,1,379.0,7,1,1.0,1,340,0,8,4.38,48.19498335428478,16.350955491494176
97.0,33859232,Rudolfsheim-Fünfhaus,Entire rental unit,Entire home/apt,2,502.0,30,1,1.0,2,104,0,22,4.5,48.1953,16.33737
49.75,1651453,Rudolfsheim-Fünfhaus,Entire rental unit,Entire home/apt,2,0.0,39,1,1.0,3,228,1,329,4.99,48.19849,16.33423
134.33,14100054,Rudolfsheim-Fünfhaus,Entire rental unit,Entire home/apt,3,204.0,33,1,1.0,3,258,1,13,4.92,48.19394,16.33655
112.75,371175044,Hernals,Entire rental unit,Entire home/apt,8,433.0,32,2,1.0,2,83,0,88,4.7,48.22231,16.33658
153.0,175131,Rudolfsheim-Fünfhaus,Entire rental unit,Entire home/apt,6,455.0,54,1,1.0,1,20,1,69,4.9,48.18498,16.32731
179.0,115915838,Neubau,Room in boutique hotel,Private room,3,498.0,18,1,1.0,1,342,0,6,4.33,48.19805,16.34833
116.55,473779995,Meidling,Entire serviced apartment,Entire home/apt,6,299.0,45,2,1.0,2,304,0,32,4.59,48.17873215070624,16.323313865192002
114.0,662845914,Ottakring,Entire rental unit,Entire home/apt,4,416.0,40,1,1.0,1,335,0,15,4.67,48.20873,16.32967
102.71,560639052,Währing,Entire rental unit,Entire home/apt,5,86.0,45,2,1.0,2,113,0,20,4.5,48.2230848490863,16.3381681876969
141.0,4331202,Penzing,Entire rental unit,Entire home/apt,4,225.0,46,2,1.0,2,316,0,5,5.0,48.18817866618353,16.305171051628005
50.5,519255014,Penzing,Private room in rental unit,Private room,3,256.0,7,1,1.0,2,66,0,1,5.0,48.1976252626658,16.28238113465878
100.0,713777330,Landstraße,Entire rental unit,Entire home/apt,3,482.0,36,1,1.0,1,115,1,61,4.93,48.20102,16.39414
171.86,7368567,Ottakring,Entire rental unit,Entire home/apt,4,230.0,43,1,1.5,2,218,1,204,4.98,48.21096,16.32708
136.04,350655474,Mariahilf,Entire rental unit,Entire home/apt,2,184.0,54,1,1.0,9,335,0,31,5.0,48.19094,16.35003
190.0,136698196,Hernals,Entire rental unit,Entire home/apt,5,518.0,42,1,1.5,2,122,1,51,4.9,48.2219401789275,16.333774326611604
87.0,704489850,Leopoldstadt,Entire rental unit,Entire home/apt,2,314.0,10,1,1.0,1,337,0,3,5.0,48.20520339999999,16.3992408
131.2,22229400,Meidling,Entire rental unit,Entire home/apt,6,412.0,59,2,1.0,1,172,0,9,4.44,48.18092,16.32258
141.0,478154396,Meidling,Entire rental unit,Entire home/apt,4,328.0,42,1,1.0,2,228,0,21,4.76,48.17956,16.32015
137.0,534278192,Wieden,Entire rental unit,Entire home/apt,2,472.0,28,1,1.0,2,177,1,12,5.0,48.19276818090085,16.365774120281813
123.0,521999221,Währing,Entire rental unit,Entire home/apt,6,496.0,50,2,1.0,1,296,0,75,4.56,48.226985466705074,16.34720833011332
101.9,369764263,Penzing,Entire rental unit,Entire home/apt,3,486.0,42,1,1.0,1,355,1,1,5.0,48.19587219336015,16.30656273209234
120.0,656907271,Penzing,Entire rental unit,Entire home/apt,4,506.0,44,1,1.0,1,55,0,9,4.78,48.19354,16.29939
147.0,518644,Margareten,Entire rental unit,Entire home/apt,4,526.0,37,1,1.0,1,270,0,18,4.39,48.1935,16.36043
106.75,106634851,Landstraße,Entire rental unit,Entire home/apt,3,0.0,32,1,1.0,1,247,0,105,4.9,48.20492,16.39338
90.0,473779995,Favoriten,Entire serviced apartment,Entire home/apt,2,353.0,57,1,1.0,2,362,0,45,4.82,48.17499986587876,16.354914036557325
71.0,561630754,Landstraße,Private room in rental unit,Private room,2,399.0,21,1,2.0,1,141,0,7,3.14,48.20313,16.39484
119.0,449036112,Leopoldstadt,Entire serviced apartment,Entire home/apt,2,439.0,43,1,1.0,1,196,0,2,4.0,48.2173609,16.3805124
108.99,540236834,Mariahilf,Entire rental unit,Entire home/apt,4,201.0,34,1,1.0,1,161,0,17,4.53,48.19476,16.34086
91.0,453292738,Leopoldstadt,Entire serviced apartment,Entire home/apt,2,523.0,41,1,1.0,1,119,1,36,4.92,48.219665,16.38288
91.0,310708951,Leopoldstadt,Entire rental unit,Entire home/apt,4,311.0,38,1,1.0,2,297,1,186,4.82,48.2163,16.38392
84.08,468133069,Neubau,Entire rental unit,Entire home/apt,4,420.0,28,1,1.0,14,63,0,9,4.89,48.20477372669787,16.351763002995714
69.61,695246045,Favoriten,Entire serviced apartment,Entire home/apt,2,354.0,39,1,1.5,31,329,0,4,5.0,48.17734077362931,16.365400584101387
155.0,106352266,Innere Stadt,Entire rental unit,Entire home/apt,2,396.0,29,1,1.0,1,117,1,380,4.87,48.20691,16.36909
128.33,451388163,Leopoldstadt,Entire condo,Entire home/apt,4,59.0,54,2,1.0,1,183,0,12,4.58,48.21837,16.38836
150.75,385064248,Leopoldstadt,Entire rental unit,Entire home/apt,4,289.0,30,2,1.5,30,264,0,1,5.0,48.2061084,16.4301824
105.23,385064248,Landstraße,Entire rental unit,Entire home/apt,2,309.0,30,1,1.5,30,356,0,2,5.0,48.1890812,16.3977556
152.43,385064248,Leopoldstadt,Entire rental unit,Entire home/apt,4,290.0,30,2,1.5,30,143,0,1,1.0,48.2061084,16.4301824
44.12,6149645,Währing,Entire rental unit,Entire home/apt,3,491.0,26,1,1.0,28,319,1,8,5.0,48.2247382296805,16.34448387995606
264.0,483250137,Leopoldstadt,Entire rental unit,Entire home/apt,5,403.0,39,2,2.0,1,306,0,3,5.0,48.21638673412552,16.3807992310618
195.0,727678146,Ottakring,Entire rental unit,Entire home/apt,4,447.0,36,2,1.5,1,354,0,3,5.0,48.21336,16.31763
130.67,12994990,Leopoldstadt,Entire rental unit,Entire home/apt,4,184.0,38,1,1.0,3,316,1,39,4.9,48.2224125,16.3833418
336.5,483250137,Leopoldstadt,Entire rental unit,Entire home/apt,8,384.0,32,2,2.0,2,282,0,1,5.0,48.21575,16.38173
342.5,260630987,Alsergrund,Entire condo,Entire home/apt,4,427.0,64,2,2.0,2,38,0,3,5.0,48.21874,16.35541
202.0,9158703,Währing,Entire rental unit,Entire home/apt,4,368.0,31,2,1.5,2,30,1,28,5.0,48.2273153,16.3387172
117.67,551661125,Josefstadt,Entire rental unit,Entire home/apt,2,70.0,23,1,1.0,3,326,0,20,4.55,48.20896739216917,16.344130703141484
77.05,485863636,Neubau,Entire rental unit,Entire home/apt,2,0.0,23,1,1.0,11,291,0,4,5.0,48.204313,16.3506426
95.0,50945012,Hernals,Entire rental unit,Entire home/apt,2,339.0,25,1,1.0,1,314,0,4,4.75,48.2208372,16.3285802
175.5,385064248,Leopoldstadt,Entire rental unit,Entire home/apt,4,271.0,31,2,1.5,30,231,0,1,5.0,48.2065631,16.4305972
114.12,668228631,Döbling,Entire rental unit,Entire home/apt,2,156.0,27,1,1.0,2,119,1,27,4.96,48.25953,16.36414
202.0,72805133,Ottakring,Entire rental unit,Entire home/apt,2,503.0,22,1,1.0,1,283,0,6,4.67,48.21263,16.32883
208.0,15935294,Josefstadt,Entire rental unit,Entire home/apt,2,434.0,29,1,1.5,1,246,0,29,4.52,48.20795,16.35372
134.67,92979273,Leopoldstadt,Entire rental unit,Entire home/apt,5,196.0,40,1,1.0,3,346,1,135,4.61,48.22312,16.39926
168.0,520985618,Wieden,Entire rental unit,Entire home/apt,3,502.0,44,1,1.0,1,222,1,6,4.83,48.191811,16.3770086
435.67,518751311,Donaustadt,Entire rental unit,Entire home/apt,2,431.0,43,1,1.0,3,245,1,28,4.86,48.24990835488038,16.44926596666038
158.0,106634851,Landstraße,Entire loft,Entire home/apt,3,274.0,34,1,1.0,1,223,0,221,4.89,48.20867250000001,16.3940658
119.95,385064248,Währing,Entire rental unit,Entire home/apt,4,277.0,28,2,1.5,30,115,0,1,3.0,48.227986,16.3355949
210.0,388009441,Alsergrund,Entire serviced apartment,Entire home/apt,4,436.0,51,2,1.0,1,265,0,9,4.89,48.232,16.3613
72.0,383835177,Hernals,Room in hotel,Private room,2,280.0,22,1,1.0,1,364,0,21,4.48,48.2177295,16.3224577
121.0,15935294,Favoriten,Entire rental unit,Entire home/apt,2,93.0,22,1,1.0,1,352,0,23,4.78,48.16750785527329,16.34589612754738
88.0,480282551,Favoriten,Entire rental unit,Entire home/apt,4,366.0,36,1,1.5,1,353,0,165,4.59,48.17985909999999,16.3778861
116.0,42477948,Favoriten,Entire loft,Entire home/apt,4,179.0,27,1,1.5,1,245,0,63,4.79,48.18307,16.37811
121.0,276873466,Simmering,Entire rental unit,Entire home/apt,3,423.0,31,1,1.5,3,137,1,116,4.93,48.17046,16.41598
124.0,750657326,Rudolfsheim-Fünfhaus,Entire rental unit,Entire home/apt,4,572.0,40,1,1.5,1,261,0,10,4.9,48.20258,16.31405
159.0,116849625,Floridsdorf,Entire rental unit,Entire home/apt,6,474.0,33,2,1.5,1,345,0,28,4.14,48.2784402,16.3877818
131.0,153864304,Leopoldstadt,Entire rental unit,Entire home/apt,4,286.0,10,1,1.0,1,326,0,16,4.81,48.2188076,16.3833432
95.0,704489850,Leopoldstadt,Entire rental unit,Entire home/apt,2,284.0,8,1,1.0,1,351,0,6,4.33,48.20520339999999,16.3992408
237.0,388009441,Alsergrund,Entire serviced apartment,Entire home/apt,6,318.0,55,3,1.5,1,280,0,40,4.7,48.23200225830078,16.361299514770508
83.0,132593931,Rudolfsheim-Fünfhaus,Entire rental unit,Entire home/apt,4,491.0,45,1,1.5,1,110,1,26,4.81,48.20292,16.31467
118.68,726942304,Rudolfsheim-Fünfhaus,Entire rental unit,Entire home/apt,4,119.0,32,2,1.0,1,277,0,4,5.0,48.19654025134231,16.324210603801678
205.5,2633820,Alsergrund,Entire rental unit,Entire home/apt,4,461.0,26,2,1.5,2,192,1,106,4.94,48.22737,16.35468
74.5,458785756,Rudolfsheim-Fünfhaus,Entire condo,Entire home/apt,3,380.0,31,2,1.0,2,140,0,1,4.0,48.19769,16.32392
532.0,151922918,Wieden,Entire rental unit,Entire home/apt,4,464.0,55,2,2.0,1,188,0,46,4.93,48.19659,16.36921
309.0,512934400,Alsergrund,Entire rental unit,Entire home/apt,7,386.0,41,3,1.0,1,123,0,48,4.69,48.22739832617674,16.34997745461926
70.0,664114247,Brigittenau,Entire rental unit,Entire home/apt,2,413.0,25,1,1.0,2,265,0,68,4.69,48.22966130059133,16.386866182788914
134.8,500439451,Simmering,Entire rental unit,Entire home/apt,4,46.0,26,2,1.0,2,154,1,22,4.5,48.1597671,16.4636097
143.0,34338920,Döbling,Entire rental unit,Entire home/apt,6,144.0,42,2,1.5,1,25,0,109,4.56,48.233902228421215,16.34880797417109
327.0,222345303,Ottakring,Entire rental unit,Entire home/apt,16,459.0,34,5,1.0,1,300,0,16,4.88,48.21594,16.3177
137.0,28851771,Wieden,Entire rental unit,Entire home/apt,2,226.0,30,1,1.0,2,25,1,245,4.84,48.19755,16.36504
165.0,483943564,Ottakring,Entire rental unit,Entire home/apt,4,463.0,32,1,1.5,2,331,0,67,4.66,48.21055487018054,16.32367849156807
167.0,27775775,Rudolfsheim-Fünfhaus,Entire rental unit,Entire home/apt,5,492.0,34,2,1.0,1,317,0,7,5.0,48.18959413008639,16.336255590669495
128.57,11815423,Hietzing,Entire rental unit,Entire home/apt,4,0.0,27,2,1.0,7,344,0,18,4.78,48.16958,16.2602
138.0,511685862,Ottakring,Entire rental unit,Entire home/apt,7,368.0,31,1,1.5,1,270,0,17,4.35,48.21756,16.31248
189.0,175343322,Floridsdorf,Entire rental unit,Entire home/apt,10,59.0,34,2,1.0,1,165,0,1,5.0,48.29403374291057,16.38937695509274
90.0,23500770,Floridsdorf,Entire rental unit,Entire home/apt,4,414.0,11,1,1.0,1,48,0,5,5.0,48.29405808494633,16.411980869653558
102.33,560447677,Rudolfsheim-Fünfhaus,Entire rental unit,Entire home/apt,4,258.0,30,1,1.0,3,143,0,51,4.51,48.18487823043051,16.32782836141418
162.0,720292812,Brigittenau,Entire serviced apartment,Entire home/apt,4,220.0,33,1,1.0,1,320,0,36,4.58,48.22981019043336,16.38651256117654
365.0,15935294,Leopoldstadt,Entire rental unit,Entire home/apt,5,61.0,26,2,1.5,1,312,0,5,5.0,48.21778377622972,16.404577105226792
95.0,473779995,Favoriten,Entire serviced apartment,Entire home/apt,2,370.0,53,1,1.0,2,347,0,2,5.0,48.1626903,16.3826926
156.0,15935294,Favoriten,Entire rental unit,Entire home/apt,4,93.0,23,1,1.0,1,362,0,5,4.4,48.16871990709238,16.344411153297052
118.5,16013247,Brigittenau,Entire rental unit,Entire home/apt,4,501.0,42,1,1.0,2,250,0,158,4.66,48.23153034292641,16.372791483277506
154.25,684626345,Hietzing,Entire rental unit,Entire home/apt,4,522.0,35,1,1.0,4,175,0,8,4.88,48.17608269999999,16.2849595
362.31,575632090,Meidling,Entire rental unit,Entire home/apt,13,443.0,48,4,1.5,1,121,0,88,4.74,48.18299635905745,16.331944540143013
112.03,13700645,Favoriten,Entire condo,Entire home/apt,4,242.0,40,2,1.0,31,112,0,43,4.56,48.1746428,16.3797061
72.0,383835177,Hernals,Room in hotel,Private room,2,273.0,31,1,1.0,1,360,0,67,4.3,48.2177295,16.3224577
151.5,15935294,Favoriten,Entire rental unit,Entire home/apt,4,93.0,22,2,1.0,1,323,0,18,4.5,48.16733,16.34664
196.5,405376355,Wieden,Entire rental unit,Entire home/apt,3,101.0,38,2,1.5,1,77,0,1,5.0,48.18683,16.36884
167.0,222345303,Meidling,Entire rental unit,Entire home/apt,6,390.0,19,3,1.5,1,327,0,10,4.8,48.18014046772501,16.333437998202363
356.05,32734970,Innere Stadt,Entire serviced apartment,Entire home/apt,2,529.0,62,1,1.0,5,365,1,12,4.83,48.21739,16.36935
87.3,1315010,Brigittenau,Entire rental unit,Entire home/apt,2,510.0,38,1,1.5,2,314,1,171,4.85,48.2318409477784,16.37240798589935
47.67,407937258,Alsergrund,Entire rental unit,Entire home/apt,2,585.0,41,1,1.0,28,323,1,5,5.0,48.22202,16.34891
594.0,551661125,Josefstadt,Entire rental unit,Entire home/apt,10,87.0,23,4,2.0,3,311,0,7,5.0,48.21019737524228,16.34947851753464
109.0,15935294,Favoriten,Entire rental unit,Entire home/apt,2,93.0,21,1,1.0,1,351,0,3,4.33,48.16747052333547,16.3458333782635
207.0,15935294,Leopoldstadt,Entire rental unit,Entire home/apt,3,61.0,25,1,1.0,1,354,0,15,4.73,48.21760636418026,16.40485061096306
207.5,529234632,Josefstadt,Entire rental unit,Entire home/apt,6,222.0,33,3,2.0,1,262,0,4,5.0,48.20889,16.34424
119.0,481918816,Leopoldstadt,Entire rental unit,Entire home/apt,6,60.0,3,2,1.0,1,354,0,11,4.09,48.226106137283466,16.385796876778397
123.5,116811441,Währing,Entire rental unit,Entire home/apt,4,411.0,25,1,1.0,2,235,0,24,4.71,48.21802,16.33995
203.89,102927900,Innere Stadt,Entire rental unit,Entire home/apt,6,75.0,41,2,1.0,1,217,1,103,4.92,48.209165647623855,16.377031467854977
198.67,492978145,Brigittenau,Entire rental unit,Entire home/apt,2,263.0,44,1,1.0,3,127,1,26,5.0,48.23097568451286,16.37365621534425
81.8,121787668,Döbling,Private room in rental unit,Private room,2,509.0,8,1,1.0,3,364,0,1,5.0,48.2336996,16.3534751
170.04,99266217,Innere Stadt,Entire rental unit,Entire home/apt,4,205.0,45,1,1.0,1,49,1,111,4.94,48.212865,16.373167
125.53,700217761,Brigittenau,Entire rental unit,Entire home/apt,6,34.0,38,2,1.0,2,92,0,2,5.0,48.23076982318497,16.38051139042396
86.0,235195974,Meidling,Entire rental unit,Entire home/apt,3,386.0,24,1,1.0,1,101,1,241,4.73,48.18585554133031,16.342181489000343
65.0,561630754,Landstraße,Private room in rental unit,Private room,2,362.0,21,1,3.0,1,147,0,59,4.76,48.19344,16.38782
226.71,413913082,Ottakring,Entire rental unit,Entire home/apt,4,505.0,27,2,1.0,5,30,0,2,5.0,48.21280380159987,16.336156134178623
182.0,50945012,Landstraße,Entire rental unit,Entire home/apt,6,268.0,30,2,2.5,1,306,0,24,4.83,48.20429966009986,16.383522288361974
357.0,575770548,Innere Stadt,Entire rental unit,Entire home/apt,9,0.0,43,3,1.0,1,134,1,51,4.86,48.20842,16.3722
109.0,500862081,Favoriten,Entire rental unit,Entire home/apt,3,430.0,40,1,1.5,1,337,0,8,4.38,48.17851,16.37063
79.0,97275819,Ottakring,Entire rental unit,Entire home/apt,8,86.0,42,2,1.5,1,332,0,31,4.55,48.21145,16.33797
145.5,95519429,Meidling,Entire rental unit,Entire home/apt,3,490.0,44,2,1.0,2,59,1,58,4.79,48.1773874,16.3270133
79.5,684280440,Meidling,Entire rental unit,Entire home/apt,2,424.0,21,1,1.0,1,182,0,41,4.44,48.186416943118175,16.339649960180175
98.33,511689935,Favoriten,Entire rental unit,Entire home/apt,6,234.0,21,2,1.0,1,147,0,2,1.5,48.1766177,16.3779795
51.74,1873971,Favoriten,Entire condo,Entire home/apt,4,488.0,39,2,1.0,1,122,0,26,4.62,48.1721756,16.3739286
235.0,15935294,Innere Stadt,Entire rental unit,Entire home/apt,4,120.0,24,2,1.0,30,263,0,2,4.0,48.20272,16.37002
51.0,156404033,Favoriten,Entire rental unit,Entire home/apt,2,524.0,26,1,1.0,1,364,0,41,4.41,48.18066,16.37339
71.71,682285627,Landstraße,Entire rental unit,Entire home/apt,4,528.0,29,1,1.0,21,262,0,1,5.0,48.19484737250048,16.389855143959203
156.33,560447677,Rudolfsheim-Fünfhaus,Entire rental unit,Entire home/apt,7,431.0,28,2,1.0,3,101,0,61,4.61,48.18703276231543,16.329258779662577
202.0,567949683,Ottakring,Entire loft,Entire home/apt,6,365.0,57,2,1.5,1,327,0,35,4.77,48.206922097438806,16.32972098095092
64.0,435048046,Rudolfsheim-Fünfhaus,Private room in guesthouse,Private room,1,285.0,35,1,1.0,1,17,1,57,4.98,48.18953443417451,16.331874283735043
215.0,436366702,Mariahilf,Entire rental unit,Entire home/apt,4,377.0,8,2,1.0,1,365,0,1,5.0,48.19369789431097,16.350833090066693
134.0,706635852,Favoriten,Room in hotel,Private room,3,277.0,15,1,1.0,1,362,0,14,4.71,48.17745,16.37792
193.5,655005251,Favoriten,Entire rental unit,Entire home/apt,4,454.0,29,1,1.5,2,365,0,2,4.5,48.17981924357973,16.377621767358715
98.55,417932004,Simmering,Entire condo,Entire home/apt,2,502.0,44,1,1.0,1,71,0,86,4.81,48.18603,16.42078
135.0,271489716,Leopoldstadt,Entire serviced apartment,Entire home/apt,2,0.0,21,1,0.0,1,267,0,3,4.67,48.22442,16.40553
104.75,144445476,Penzing,Entire rental unit,Entire home/apt,4,415.0,33,1,1.0,4,37,0,15,4.73,48.19786,16.30418
104.99,38793387,Landstraße,Private room in rental unit,Private room,2,253.0,4,1,1.0,1,352,0,1,5.0,48.19927972361053,16.384133373418038
160.0,484867969,Landstraße,Entire rental unit,Entire home/apt,2,459.0,8,1,1.0,2,130,1,14,5.0,48.20877911106914,16.391601044988526
110.5,15935294,Favoriten,Entire rental unit,Entire home/apt,4,93.0,21,1,1.0,1,342,0,3,4.0,48.1695162741727,16.346233266283228
128.0,500209781,Meidling,Entire rental unit,Entire home/apt,5,76.0,31,3,1.0,2,340,0,11,4.45,48.17991,16.33253
127.0,448227459,Margareten,Entire rental unit,Entire home/apt,2,498.0,15,1,1.0,2,365,0,10,5.0,48.18661,16.36486
54.94,222345303,Alsergrund,Entire rental unit,Entire home/apt,4,539.0,42,1,1.0,30,356,0,52,4.5,48.22061,16.36633
121.1,367491211,Margareten,Entire rental unit,Entire home/apt,4,497.0,51,1,1.0,2,296,1,81,4.88,48.188768,16.3511978
120.0,575253843,Brigittenau,Entire rental unit,Entire home/apt,2,457.0,47,1,1.0,1,336,1,38,4.95,48.23052033170459,16.372635342918773
148.5,47278964,Leopoldstadt,Entire rental unit,Entire home/apt,5,351.0,50,1,2.0,1,303,1,21,4.95,48.21417,16.38382
83.33,87917189,Donaustadt,Entire rental unit,Entire home/apt,2,407.0,40,1,1.0,30,311,1,1,5.0,48.2497891,16.4382014
71.5,430830900,Favoriten,Entire rental unit,Entire home/apt,2,314.0,3,1,1.0,2,363,0,1,5.0,48.15388,16.39349
51.32,188320967,Alsergrund,Entire rental unit,Entire home/apt,4,424.0,42,1,1.0,31,251,1,310,4.9,48.22472,16.36237
112.66,475674189,Hernals,Entire villa,Entire home/apt,6,414.0,55,3,1.5,2,246,1,98,4.78,48.23107,16.29648
142.65,20390194,Liesing,Entire rental unit,Entire home/apt,2,106.0,46,1,1.0,1,29,1,17,4.88,48.153908841210985,16.302522427086785
120.0,571382581,Margareten,Entire rental unit,Entire home/apt,2,0.0,19,1,0.0,1,337,1,4,4.75,48.18793910038404,16.363123309155746
104.0,755451811,Liesing,Entire rental unit,Entire home/apt,2,59.0,29,1,1.0,2,260,0,1,4.0,48.13776,16.31895
159.5,523864733,Liesing,Entire rental unit,Entire home/apt,4,468.0,50,1,1.5,2,139,1,61,4.79,48.14242246233467,16.290763859084574
146.0,253048870,Liesing,Entire rental unit,Entire home/apt,3,467.0,43,1,1.0,1,357,1,3,5.0,48.15194,16.33276
84.0,175343322,Liesing,Entire rental unit,Entire home/apt,2,519.0,26,1,1.0,1,171,0,4,4.5,48.14549,16.35339
94.5,473779995,Favoriten,Entire serviced apartment,Entire home/apt,2,370.0,53,1,1.0,2,343,0,3,4.67,48.1626903,16.3826926
93.07,88962982,Donaustadt,Entire rental unit,Entire home/apt,4,264.0,34,2,1.0,29,149,1,1,5.0,48.2429066,16.4696748
80.0,684280440,Meidling,Entire rental unit,Entire home/apt,4,550.0,29,1,1.0,1,274,0,12,4.42,48.18557435008029,16.341618946848772
64.0,4708938,Donaustadt,Entire rental unit,Entire home/apt,2,172.0,27,1,1.0,8,232,0,31,4.9,48.23455,16.43888
120.96,47644816,Hernals,Entire condo,Entire home/apt,2,439.0,43,1,1.0,1,320,1,5,5.0,48.22410379168208,16.286346273483996
106.0,440121334,Meidling,Entire rental unit,Entire home/apt,4,476.0,35,2,1.0,1,328,0,110,4.71,48.18313183145241,16.339476471813686
118.0,40057324,Donaustadt,Entire rental unit,Entire home/apt,3,330.0,12,1,1.0,1,182,0,22,4.68,48.23273,16.44824
115.5,508815451,Donaustadt,Entire rental unit,Entire home/apt,6,326.0,42,2,1.0,1,72,1,49,4.78,48.24976734326293,16.448578878499514
172.33,724300647,Hietzing,Entire rental unit,Entire home/apt,3,159.0,35,1,1.0,2,269,0,5,5.0,48.17922742785868,16.281660949737567
316.0,3548611,Ottakring,Entire villa,Entire home/apt,6,284.0,56,3,2.5,3,155,0,8,5.0,48.21587,16.28903
93.0,545712919,Liesing,Entire rental unit,Entire home/apt,2,372.0,27,1,1.0,1,337,0,63,4.76,48.1464,16.299
154.0,257543717,Donaustadt,Entire rental unit,Entire home/apt,4,402.0,25,1,1.0,1,287,1,1,5.0,48.23839,16.42769
197.0,743398,Margareten,Entire rental unit,Entire home/apt,4,466.0,27,1,1.0,2,314,0,149,4.7,48.19193,16.35722
98.14,2262994,Rudolfsheim-Fünfhaus,Entire rental unit,Entire home/apt,8,407.0,42,2,1.0,1,183,1,968,4.85,48.19864,16.33727
131.0,169511666,Döbling,Entire rental unit,Entire home/apt,2,561.0,13,1,1.5,1,86,0,43,4.81,48.24952,16.32508
170.25,503853597,Mariahilf,Entire rental unit,Entire home/apt,4,407.0,44,2,1.0,2,179,1,13,4.62,48.1980349,16.3505166
143.0,504123266,Meidling,Entire rental unit,Entire home/apt,5,414.0,5,2,3.0,1,1,0,7,4.57,48.1775635,16.3227905
129.0,370203054,Landstraße,Entire rental unit,Entire home/apt,4,498.0,54,1,1.0,2,9,0,101,4.94,48.2019303,16.4008084
42.14,96995679,Ottakring,Entire rental unit,Entire home/apt,2,77.0,34,1,1.0,14,32,0,7,4.29,48.20942429999999,16.3267265
68.0,104886729,Hernals,Entire rental unit,Entire home/apt,2,630.0,29,1,1.5,2,42,0,22,4.64,48.2172466,16.3272307
122.29,169116832,Leopoldstadt,Entire rental unit,Entire home/apt,2,0.0,29,1,1.0,7,131,0,16,4.44,48.22289,16.40009
127.33,71133268,Brigittenau,Entire rental unit,Entire home/apt,2,473.0,55,1,1.0,3,297,0,77,4.96,48.24095,16.37765
468.0,113526336,Innere Stadt,Entire rental unit,Entire home/apt,5,485.0,16,3,2.5,4,74,0,62,4.97,48.20745,16.35991
74.13,2978327,Neubau,Entire loft,Entire home/apt,2,238.0,16,1,1.0,30,262,0,15,4.87,48.2063,16.3539
141.0,520987562,Margareten,Entire rental unit,Entire home/apt,2,63.0,23,1,1.0,4,58,1,71,4.86,48.187183,16.3586542
170.0,86735971,Hernals,Entire rental unit,Entire home/apt,3,80.0,13,1,1.0,1,200,1,2,5.0,48.215111661794246,16.334866518018817
160.0,86735971,Ottakring,Entire rental unit,Entire home/apt,2,178.0,14,1,1.0,1,187,1,3,5.0,48.21381844126872,16.334446807380207
148.0,47784262,Hernals,Entire rental unit,Entire home/apt,4,487.0,31,1,1.0,2,108,1,94,4.78,48.21660614013672,16.33045768737793
109.0,593143259,Donaustadt,Entire home,Entire home/apt,4,379.0,56,1,1.0,1,171,0,30,4.6,48.22590292546335,16.53220932930708
98.33,20076579,Hietzing,Entire rental unit,Entire home/apt,2,102.0,29,1,1.0,3,346,0,8,4.63,48.19134,16.26957
331.0,592146722,Rudolfsheim-Fünfhaus,Entire rental unit,Entire home/apt,9,51.0,66,3,1.5,1,365,0,1,5.0,48.19741583086117,16.324922630189352
139.0,162241892,Neubau,Entire rental unit,Entire home/apt,2,398.0,31,1,1.0,1,273,1,137,4.84,48.2072045473183,16.342418901622295
40.0,222207822,Leopoldstadt,Private room in rental unit,Private room,1,60.0,31,1,0.5,1,154,0,10,4.5,48.21997201989616,16.406346178822957
193.0,222345303,Floridsdorf,Entire rental unit,Entire home/apt,8,200.0,30,3,2.0,1,33,0,13,4.69,48.27631,16.40699
194.0,15463976,Hietzing,Entire rental unit,Entire home/apt,4,399.0,28,2,1.0,1,51,0,6,4.5,48.1839175,16.2958743
1149.0,489835105,Brigittenau,Entire rental unit,Entire home/apt,5,363.0,6,2,1.0,1,273,0,5,4.4,48.23020128852878,16.37897419341281
570.67,10081730,Leopoldstadt,Entire rental unit,Entire home/apt,6,387.0,33,3,2.0,2,157,1,22,4.95,48.22087,16.37177
133.5,54301002,Favoriten,Entire rental unit,Entire home/apt,6,372.0,25,1,1.0,2,343,0,6,5.0,48.16919,16.36859
404.0,9158703,Mariahilf,Entire rental unit,Entire home/apt,6,501.0,40,3,2.5,2,131,1,166,4.97,48.19998,16.35805
90.5,84301420,Ottakring,Entire rental unit,Entire home/apt,1,490.0,28,1,1.0,2,82,0,2,3.0,48.2186208,16.3168448
53.64,408097901,Margareten,Private room in rental unit,Private room,1,522.0,5,1,1.5,3,33,0,3,4.67,48.18913,16.35237
140.0,129829780,Innere Stadt,Entire rental unit,Entire home/apt,2,77.0,6,1,1.0,1,338,0,38,4.92,48.20814,16.37278
336.5,560635744,Margareten,Entire rental unit,Entire home/apt,9,472.0,33,5,1.5,2,245,0,31,4.52,48.18567,16.35068
141.58,22229400,Meidling,Entire rental unit,Entire home/apt,6,485.0,54,2,1.5,1,174,0,74,4.76,48.1846321,16.3424127
64.45,222345303,Alsergrund,Entire rental unit,Entire home/apt,6,508.0,41,1,1.0,30,310,0,38,4.53,48.22187,16.36489
918.5,311151517,Mariahilf,Entire rental unit,Entire home/apt,16,481.0,29,9,9.0,1,312,0,2,4.0,48.195758794521645,16.344559850223302
182.67,9719601,Neubau,Entire loft,Entire home/apt,2,452.0,47,1,1.0,2,292,1,518,4.95,48.20195,16.34392
109.0,351713831,Leopoldstadt,Entire rental unit,Entire home/apt,3,423.0,38,2,1.0,12,148,0,2,5.0,48.228713485851074,16.37691164977316
213.17,5905672,Leopoldstadt,Entire condo,Entire home/apt,3,59.0,47,1,1.0,4,271,0,49,4.94,48.21739,16.38894
110.69,1643928,Favoriten,Entire rental unit,Entire home/apt,6,59.0,32,3,1.5,1,321,0,72,4.19,48.18078,16.37828
124.0,1547126,Neubau,Entire serviced apartment,Entire home/apt,4,104.0,43,1,1.0,1,351,1,1,5.0,48.19789,16.3457
130.0,31077018,Leopoldstadt,Entire serviced apartment,Entire home/apt,4,456.0,18,1,1.0,1,315,0,156,4.73,48.21563,16.38514
117.0,31077018,Leopoldstadt,Entire serviced apartment,Entire home/apt,4,384.0,33,1,1.0,1,298,0,156,4.69,48.21575,16.38376
160.0,57760343,Hietzing,Entire rental unit,Entire home/apt,2,539.0,28,1,1.0,1,133,0,8,4.88,48.18987,16.26988
52.0,595673115,Simmering,Private room in rental unit,Private room,4,396.0,16,1,1.0,1,3,0,23,4.3,48.18353,16.42212
44.98,977695,Ottakring,Entire rental unit,Entire home/apt,2,270.0,25,1,1.0,31,60,0,20,4.47,48.21256,16.33523
140.0,15935294,Leopoldstadt,Entire rental unit,Entire home/apt,3,61.0,24,1,1.0,1,352,0,8,4.75,48.21766055643647,16.404553441527618
163.0,559988321,Leopoldstadt,Entire serviced apartment,Entire home/apt,5,291.0,33,1,1.0,1,140,0,151,4.82,48.22498,16.36941
137.0,9677686,Alsergrund,Entire rental unit,Entire home/apt,4,303.0,22,1,1.0,3,243,1,8,4.88,48.22130496515791,16.36365916764225
110.0,146020503,Meidling,Entire rental unit,Entire home/apt,4,439.0,37,1,1.0,1,325,0,141,4.55,48.18301033473506,16.34005579485469
60.0,511689935,Meidling,Private room in hostel,Private room,2,424.0,21,1,4.0,1,142,0,1,4.0,48.18187,16.3320194
130.43,375520839,Leopoldstadt,Room in aparthotel,Entire home/apt,2,472.0,67,1,1.0,7,362,1,2,5.0,48.21598,16.40168
105.6,753723653,Ottakring,Entire rental unit,Entire home/apt,4,472.0,48,1,1.0,1,265,0,4,5.0,48.20849,16.32555
114.69,29748862,Leopoldstadt,Entire rental unit,Entire home/apt,3,478.0,44,1,1.0,2,99,1,63,4.9,48.22104,16.38532
21.55,95007570,Hernals,Private room in rental unit,Private room,2,158.0,20,1,1.5,30,198,0,3,5.0,48.21832048665237,16.329895130020525
110.3,547189506,Favoriten,Entire rental unit,Entire home/apt,5,500.0,50,2,1.5,30,269,1,7,5.0,48.17992306441928,16.37725844745844
123.01,385064248,Mariahilf,Entire rental unit,Entire home/apt,2,300.0,29,1,1.5,30,301,0,1,5.0,48.1939494,16.3464798
166.74,385064248,Mariahilf,Entire rental unit,Entire home/apt,4,272.0,29,2,1.5,30,356,0,1,5.0,48.1905542,16.3451506
110.0,547677118,Favoriten,Entire rental unit,Entire home/apt,4,488.0,28,1,1.0,1,48,0,1,5.0,48.18317,16.37491
164.0,123148011,Favoriten,Entire rental unit,Entire home/apt,4,478.0,52,1,1.0,1,140,0,19,4.95,48.179051727228845,16.378082596732252
128.0,360157922,Rudolfsheim-Fünfhaus,Entire rental unit,Entire home/apt,2,434.0,50,1,1.0,1,11,1,81,4.96,48.19833,16.3276
29.83,100940593,Donaustadt,Entire rental unit,Entire home/apt,2,311.0,13,1,1.0,60,308,1,2,5.0,48.2303965,16.414693
87.3,515940133,Leopoldstadt,Entire rental unit,Entire home/apt,2,504.0,34,1,1.0,2,328,0,30,4.7,48.2161135,16.3904491
191.5,32330981,Meidling,Entire rental unit,Entire home/apt,6,75.0,36,2,1.0,2,274,1,26,4.92,48.1810985,16.3440866
70.0,682285627,Landstraße,Entire rental unit,Entire home/apt,4,505.0,25,1,1.0,1,321,0,26,4.27,48.19531,16.38975
177.0,50945012,Landstraße,Entire rental unit,Entire home/apt,4,206.0,28,1,1.0,1,330,0,1,3.0,48.2035493718468,16.385265317992967
133.75,725433052,Margareten,Entire rental unit,Entire home/apt,3,500.0,29,1,1.0,2,47,0,4,5.0,48.18814,16.36046
140.5,196356933,Wieden,Entire rental unit,Entire home/apt,4,482.0,24,1,1.0,2,361,1,124,4.85,48.19231,16.36388
83.0,727161689,Wieden,Entire rental unit,Entire home/apt,2,309.0,18,1,1.0,1,18,0,8,4.63,48.18837,16.37488
65.85,506695159,Wieden,Entire rental unit,Entire home/apt,2,418.0,54,1,1.0,1,160,1,21,5.0,48.19875283679856,16.366731966974708
253.0,164241591,Innere Stadt,Entire rental unit,Entire home/apt,6,63.0,36,2,1.0,1,342,1,72,4.83,48.201134,16.37145
268.9,367491211,Mariahilf,Entire rental unit,Entire home/apt,6,398.0,53,2,2.0,2,243,1,69,4.94,48.20081634036472,16.359706617773504
291.0,710752525,Josefstadt,Entire rental unit,Entire home/apt,6,478.0,41,2,2.5,2,174,1,17,4.82,48.211627814717325,16.34850215166807
152.0,328095771,Alsergrund,Entire rental unit,Entire home/apt,2,414.0,21,1,1.5,3,82,0,5,4.8,48.21717,16.34755
137.2,2418146,Leopoldstadt,Entire rental unit,Entire home/apt,4,38.0,50,2,1.5,10,267,1,2,5.0,48.22771,16.37457
116.0,24314237,Favoriten,Private room in rental unit,Private room,2,585.0,17,1,0.5,1,365,0,2,3.0,48.1757310556259,16.37557670972736
88.44,83109185,Favoriten,Entire rental unit,Entire home/apt,4,383.0,30,1,1.0,2,75,0,30,4.83,48.17541024047767,16.37551422617176
77.0,480282551,Favoriten,Entire rental unit,Entire home/apt,2,294.0,23,1,1.0,1,352,0,35,4.26,48.18013,16.37885
283.0,509699715,Leopoldstadt,Entire rental unit,Entire home/apt,7,471.0,45,2,1.0,1,313,1,6,5.0,48.21679,16.38394
192.17,697816608,Ottakring,Entire rental unit,Entire home/apt,4,355.0,34,2,1.5,1,292,0,16,4.69,48.2074182,16.3297158
45.45,23646477,Wieden,Entire rental unit,Entire home/apt,3,493.0,13,2,1.0,60,358,0,1,5.0,48.18923,16.36366
86.0,156404033,Ottakring,Entire rental unit,Entire home/apt,6,538.0,34,2,1.0,1,206,0,14,4.14,48.20512,16.32856
130.0,249583292,Leopoldstadt,Entire rental unit,Entire home/apt,4,435.0,29,1,1.0,1,347,0,13,4.85,48.22021,16.37587
101.6,625807,Neubau,Entire condo,Entire home/apt,2,323.0,22,1,1.0,5,66,0,2,5.0,48.19915016738539,16.338596950268762
142.65,218763927,Brigittenau,Entire rental unit,Entire home/apt,4,311.0,51,1,1.5,2,337,0,54,4.85,48.22948,16.37189
67.33,513410438,Landstraße,Entire rental unit,Entire home/apt,2,188.0,5,1,1.0,3,217,0,64,4.61,48.1926398581228,16.385610452226754
181.5,715984165,Brigittenau,Entire home,Entire home/apt,6,43.0,33,3,1.5,2,161,1,4,5.0,48.23108632988547,16.375851162961702
103.0,35326863,Brigittenau,Entire rental unit,Entire home/apt,3,501.0,52,1,1.0,2,42,0,13,4.31,48.2314055470535,16.369578452593643
96.64,445998714,Margareten,Entire condo,Entire home/apt,4,531.0,59,2,1.0,4,221,1,44,5.0,48.19072366710407,16.358251183719915
57.31,222345303,Alsergrund,Entire rental unit,Entire home/apt,4,483.0,42,1,1.0,30,317,0,99,4.85,48.22045,16.36621
240.0,676004801,Innere Stadt,Entire rental unit,Entire home/apt,5,409.0,37,1,1.0,1,169,1,22,4.86,48.20616,16.36782
185.0,489440831,Brigittenau,Entire rental unit,Entire home/apt,2,492.0,53,1,1.0,3,145,1,49,4.98,48.22972,16.37487
94.0,156404033,Mariahilf,Entire rental unit,Entire home/apt,2,437.0,24,1,1.0,1,347,0,93,4.58,48.19707,16.3469
98.0,667444153,Mariahilf,Entire rental unit,Entire home/apt,3,485.0,37,1,1.0,2,234,0,28,4.64,48.19358179826261,16.3519067583026
138.0,116849625,Mariahilf,Entire rental unit,Entire home/apt,4,510.0,30,1,1.0,1,140,0,84,4.77,48.19196,16.35245
307.78,712373106,Innere Stadt,Entire rental unit,Entire home/apt,4,489.0,40,2,1.0,1,293,0,16,5.0,48.207690499030825,16.372720991711947
129.0,300246929,Leopoldstadt,Entire rental unit,Entire home/apt,3,283.0,41,1,1.0,1,223,0,146,4.54,48.2161687,16.3877506
68.15,682285627,Landstraße,Entire rental unit,Entire home/apt,4,497.0,28,1,1.0,21,273,0,1,5.0,48.19536,16.38902
199.25,16038716,Neubau,Entire rental unit,Entire home/apt,2,438.0,11,1,1.0,2,109,1,67,4.91,48.20234,16.35069
92.0,749111800,Brigittenau,Entire rental unit,Entire home/apt,4,89.0,30,1,1.0,1,161,0,2,5.0,48.22976,16.37181
60.0,97275819,Ottakring,Entire rental unit,Entire home/apt,7,589.0,38,2,1.0,1,323,0,119,4.29,48.21155,16.3386
129.33,25800731,Mariahilf,Entire condo,Entire home/apt,3,54.0,33,1,1.5,1,198,1,85,4.71,48.19129,16.34676
94.0,700460743,Favoriten,Entire rental unit,Entire home/apt,4,371.0,35,1,1.0,1,178,0,5,5.0,48.14316,16.40676
198.0,448227459,Alsergrund,Entire rental unit,Entire home/apt,5,500.0,31,2,1.0,2,153,0,14,4.57,48.22655,16.36535
193.5,461303306,Landstraße,Entire rental unit,Entire home/apt,5,256.0,22,3,1.0,2,177,0,33,4.42,48.19533,16.39289
137.0,42102939,Innere Stadt,Entire rental unit,Entire home/apt,4,165.0,11,1,1.0,1,259,0,90,4.72,48.21068664851812,16.361735224900592
140.0,687946617,Leopoldstadt,Entire rental unit,Entire home/apt,4,430.0,4,1,1.0,1,203,0,17,4.53,48.22445702064967,16.388926564231205
57.0,97275819,Ottakring,Entire rental unit,Entire home/apt,5,70.0,33,2,1.0,1,330,0,40,4.1,48.21171,16.33813
99.0,473779995,Favoriten,Entire serviced apartment,Entire home/apt,3,362.0,53,1,1.0,2,356,0,1,5.0,48.1626903,16.3826926
137.0,313607073,Brigittenau,Entire rental unit,Entire home/apt,4,468.0,48,1,1.5,2,60,1,31,4.97,48.2350763924417,16.37236646560668
74.5,482153295,Rudolfsheim-Fünfhaus,Entire rental unit,Entire home/apt,5,94.0,29,2,1.0,2,9,0,24,4.63,48.19121,16.32931
166.5,304352290,Neubau,Entire rental unit,Entire home/apt,3,486.0,13,1,1.0,2,22,1,22,5.0,48.20104,16.34904
66.9,28490863,Margareten,Entire rental unit,Entire home/apt,2,285.0,12,1,1.0,28,36,1,17,4.94,48.18754,16.35343
203.29,150628787,Innere Stadt,Entire rental unit,Entire home/apt,3,506.0,34,1,1.0,14,151,0,54,4.91,48.2101,16.35834
107.0,369764263,Simmering,Entire loft,Entire home/apt,4,462.0,53,1,1.0,1,353,1,95,4.76,48.18102,16.41396
114.0,18448514,Meidling,Entire rental unit,Entire home/apt,4,481.0,57,1,1.0,1,32,1,132,4.89,48.18097,16.32052
444.13,127842548,Innere Stadt,Entire rental unit,Entire home/apt,6,367.0,11,2,1.0,30,90,0,11,4.73,48.21306,16.37036
133.0,15935294,Favoriten,Entire rental unit,Entire home/apt,4,93.0,21,1,1.0,1,360,0,17,4.76,48.16889649751277,16.346382243420933
132.64,833967,Rudolfsheim-Fünfhaus,Entire condo,Entire home/apt,2,466.0,36,1,1.0,1,329,1,217,4.88,48.201309,16.316046
149.0,175343322,Floridsdorf,Entire rental unit,Entire home/apt,8,59.0,32,2,1.0,1,168,0,1,3.0,48.294367737820885,16.38777950109462
110.0,504997811,Meidling,Entire rental unit,Entire home/apt,4,338.0,18,1,1.0,1,344,0,4,4.75,48.1641784,16.3155445
103.0,113189546,Währing,Entire rental unit,Entire home/apt,2,254.0,19,1,1.0,1,104,1,168,4.74,48.22355,16.34545
97.55,66040140,Favoriten,Entire condo,Entire home/apt,2,423.0,34,1,1.0,1,346,0,56,4.55,48.17278,16.39401
126.5,497437393,Währing,Entire rental unit,Entire home/apt,3,530.0,43,1,1.0,2,79,0,7,4.71,48.22085050181192,16.33916102349758
119.0,135359251,Meidling,Entire rental unit,Entire home/apt,6,439.0,34,2,1.0,1,162,0,49,4.57,48.1803,16.32197
46.77,8908066,Brigittenau,Entire rental unit,Entire home/apt,3,231.0,25,1,1.5,30,235,1,18,5.0,48.23537,16.38289
210.16,83843720,Meidling,Entire rental unit,Entire home/apt,6,484.0,46,2,1.0,1,327,0,9,4.78,48.18032,16.34284
152.0,69333245,Brigittenau,Entire rental unit,Entire home/apt,2,289.0,13,1,1.0,1,354,0,23,4.91,48.2273,16.36962
103.0,131671188,Alsergrund,Entire rental unit,Entire home/apt,6,491.0,40,2,1.5,3,92,0,86,4.65,48.225765,16.35009
52.0,51562386,Rudolfsheim-Fünfhaus,Entire rental unit,Entire home/apt,4,418.0,19,2,1.0,30,351,1,13,4.85,48.20051,16.32318
146.0,94003490,Landstraße,Entire condo,Entire home/apt,2,275.0,28,1,1.5,3,250,1,309,4.88,48.20513,16.39255
318.39,59777709,Leopoldstadt,Entire rental unit,Entire home/apt,6,365.0,23,3,1.0,1,261,0,47,4.43,48.21932,16.379
120.0,587443418,Margareten,Entire rental unit,Entire home/apt,4,235.0,9,2,1.0,2,235,1,75,4.84,48.19124314390543,16.357951240324446
120.0,511233246,Innere Stadt,Entire condo,Entire home/apt,2,242.0,21,1,1.0,2,206,0,157,4.65,48.21354,16.37409
152.5,429229028,Leopoldstadt,Entire rental unit,Entire home/apt,4,462.0,31,1,1.0,1,314,0,209,4.66,48.21643,16.37949
254.0,50437533,Floridsdorf,Entire rental unit,Entire home/apt,8,411.0,47,3,2.5,1,255,1,31,4.84,48.24609239999999,16.4254574
162.5,743398,Margareten,Entire rental unit,Entire home/apt,4,486.0,28,1,1.0,2,334,0,117,4.83,48.19222,16.35852
260.1,393807464,Innere Stadt,Room in aparthotel,Entire home/apt,3,416.0,24,2,1.0,1,107,1,24,4.83,48.2072249,16.3764629
162.33,16541872,Leopoldstadt,Entire rental unit,Entire home/apt,4,40.0,12,2,1.0,3,336,0,132,4.55,48.22212,16.38552
103.24,570543984,Brigittenau,Entire condo,Entire home/apt,6,560.0,61,3,1.5,2,226,0,88,4.95,48.23626410685717,16.38056527520526
63.58,6053251,Ottakring,Entire rental unit,Entire home/apt,4,515.0,45,1,1.0,4,148,1,118,4.97,48.20751,16.33368
75.0,732144249,Penzing,Entire rental unit,Entire home/apt,4,476.0,31,2,1.0,1,91,0,39,4.59,48.18888,16.31217
199.0,50945012,Margareten,Entire rental unit,Entire home/apt,4,338.0,41,2,1.5,1,334,0,3,4.33,48.19172,16.35419
115.2,523852970,Leopoldstadt,Entire rental unit,Entire home/apt,1,269.0,46,1,1.0,10,324,1,7,5.0,48.2131323647558,16.41279838789353
92.69,151062999,Favoriten,Entire rental unit,Entire home/apt,5,480.0,32,2,1.0,32,268,0,1,5.0,48.17949234096576,16.38281781789696
113.0,69176180,Ottakring,Entire rental unit,Entire home/apt,4,369.0,31,1,1.0,1,257,0,11,4.55,48.20601,16.32962
123.25,207141804,Donaustadt,Entire rental unit,Entire home/apt,2,468.0,33,1,1.0,7,320,1,6,5.0,48.248912976152646,16.439053256742163
125.0,1853977,Donaustadt,Entire rental unit,Entire home/apt,2,174.0,59,1,1.0,1,348,0,2,4.5,48.2266055,16.5103267
103.0,15935294,Favoriten,Entire rental unit,Entire home/apt,2,93.0,23,1,1.0,1,364,0,8,4.63,48.16893,16.34648
172.0,724933544,Währing,Entire rental unit,Entire home/apt,3,524.0,18,1,1.0,1,364,0,6,4.5,48.22033693917405,16.339918437455093
113.0,704489850,Alsergrund,Private room in serviced apartment,Private room,4,381.0,21,2,1.0,1,234,0,15,4.87,48.2186507,16.3563946
124.0,371746643,Favoriten,Entire serviced apartment,Entire home/apt,4,449.0,29,1,1.0,1,153,0,20,4.6,48.18132,16.37287
114.12,429565698,Innere Stadt,Entire rental unit,Entire home/apt,3,343.0,30,1,1.0,1,27,0,185,4.61,48.2110108,16.372887
25.16,182134299,Währing,Entire rental unit,Entire home/apt,4,499.0,41,1,1.0,1,184,0,1,5.0,48.227878574347145,16.334137896496966
223.0,27775775,Leopoldstadt,Entire condo,Entire home/apt,4,427.0,39,1,1.5,1,341,0,100,4.63,48.21803,16.38352
76.0,383835177,Hernals,Room in hotel,Private room,3,278.0,30,1,1.0,1,353,0,16,4.44,48.2177295,16.3224577
222.33,459526456,Innere Stadt,Entire rental unit,Entire home/apt,2,373.0,41,1,1.5,3,257,1,84,4.86,48.20761,16.38059
262.0,107997171,Leopoldstadt,Entire rental unit,Entire home/apt,8,446.0,38,2,1.5,2,341,1,79,4.96,48.22092,16.40621
89.0,473779995,Favoriten,Entire serviced apartment,Entire home/apt,2,373.0,56,1,1.5,2,364,0,69,4.86,48.17334,16.35631
241.3,367491211,Mariahilf,Entire rental unit,Entire home/apt,6,480.0,53,2,1.5,1,276,1,184,4.97,48.1928454,16.3527712
161.67,60967145,Margareten,Entire condo,Entire home/apt,4,355.0,34,1,1.0,3,307,1,152,4.91,48.18831,16.35229
263.0,503019853,Landstraße,Entire rental unit,Entire home/apt,4,438.0,40,1,1.0,1,308,0,68,4.84,48.21120023582135,16.38718388390023
91.8,571387667,Favoriten,Room in hotel,Private room,3,453.0,21,1,1.0,1,152,0,11,4.64,48.18125,16.37346
76.98,407937258,Donaustadt,Entire rental unit,Entire home/apt,2,615.0,48,1,1.0,3,224,1,7,5.0,48.23103,16.41421
160.0,672661224,Hietzing,Entire rental unit,Entire home/apt,4,451.0,32,1,1.0,1,88,0,14,4.64,48.1882127,16.267047
124.39,347011505,Alsergrund,Entire rental unit,Entire home/apt,3,529.0,34,1,1.0,1,87,1,31,4.65,48.23071849999999,16.3557863
90.0,473779995,Favoriten,Entire serviced apartment,Entire home/apt,4,360.0,50,1,1.0,2,302,0,3,5.0,48.1626903,16.3826926
148.0,106634851,Landstraße,Entire rental unit,Entire home/apt,4,372.0,39,1,1.0,1,185,0,268,4.89,48.20867250000001,16.3940658
257.0,388009441,Alsergrund,Entire serviced apartment,Entire home/apt,6,318.0,53,3,2.0,1,188,0,48,4.85,48.2320015,16.3612999
124.0,66040140,Favoriten,Entire rental unit,Entire home/apt,3,460.0,45,1,1.0,1,161,0,6,4.83,48.15542,16.39155
50.0,526737372,Ottakring,Private room in rental unit,Private room,1,287.0,40,1,1.0,1,318,0,20,4.85,48.21278580651936,16.319209076464176
136.0,15935294,Leopoldstadt,Entire rental unit,Entire home/apt,3,61.0,25,1,1.0,1,323,0,6,4.33,48.21931693716177,16.403290614355647
53.23,547189506,Favoriten,Entire rental unit,Entire home/apt,3,496.0,38,1,1.0,29,228,1,21,5.0,48.17974875467901,16.377377269567805
102.0,4331202,Favoriten,Entire rental unit,Entire home/apt,4,385.0,35,1,1.0,2,350,0,16,4.5,48.18019,16.37699
570.59,659760282,Innere Stadt,Entire rental unit,Entire home/apt,5,523.0,7,2,2.0,1,362,0,6,4.33,48.20438,16.37275
77.67,82251909,Simmering,Entire condo,Entire home/apt,2,182.0,40,1,1.0,3,175,0,109,4.63,48.15977,16.4682
115.67,37906727,Liesing,Entire condo,Entire home/apt,4,497.0,50,1,1.5,3,344,1,71,4.96,48.141273,16.272435
142.0,492726929,Döbling,Entire rental unit,Entire home/apt,4,40.0,29,1,1.0,1,46,0,9,4.89,48.25521697978321,16.36299032867065
97.0,745194895,Meidling,Entire rental unit,Entire home/apt,2,320.0,41,1,1.0,1,312,0,8,4.63,48.1787,16.33091
158.0,106634851,Landstraße,Entire loft,Entire home/apt,2,240.0,31,1,1.0,1,190,0,291,4.88,48.207482504431496,16.39455168715721
77.07,222345303,Alsergrund,Entire rental unit,Entire home/apt,6,509.0,47,2,1.0,30,261,0,7,4.57,48.22265,16.36518
162.0,538581003,Leopoldstadt,Entire rental unit,Entire home/apt,4,237.0,32,1,1.0,1,200,0,4,4.25,48.2193252,16.4000106
222.0,308688308,Innere Stadt,Entire rental unit,Entire home/apt,3,491.0,22,1,1.0,1,290,0,64,4.89,48.20779044185565,16.378778399828118
141.0,90230565,Alsergrund,Entire rental unit,Entire home/apt,4,515.0,54,1,1.0,2,104,1,204,4.88,48.22522,16.35716
38.76,156404033,Landstraße,Entire rental unit,Entire home/apt,3,532.0,32,1,1.0,30,219,0,7,4.0,48.20042325150756,16.398400443425
114.5,5447562,Rudolfsheim-Fünfhaus,Entire rental unit,Entire home/apt,3,255.0,29,1,1.0,2,54,0,2,4.5,48.19541,16.32818
64.0,229428537,Favoriten,Entire rental unit,Entire home/apt,3,413.0,31,1,1.0,1,358,0,44,4.18,48.1769,16.37585
113.0,706014304,Favoriten,Entire rental unit,Entire home/apt,4,494.0,50,1,1.0,1,320,1,13,4.46,48.174237,16.3755678
97.06,15935294,Landstraße,Entire rental unit,Entire home/apt,2,71.0,28,1,1.0,30,364,0,7,4.43,48.19372,16.41157
135.0,566831684,Hernals,Entire rental unit,Entire home/apt,2,414.0,27,1,1.0,1,321,0,7,4.86,48.221762361616015,16.333876212145583
52.0,51562386,Rudolfsheim-Fünfhaus,Entire rental unit,Entire home/apt,4,417.0,19,2,1.0,30,309,1,3,4.33,48.19829,16.32492
104.0,721613340,Donaustadt,Entire rental unit,Entire home/apt,7,422.0,45,3,1.5,30,304,1,1,5.0,48.23428,16.46692
99.0,462546700,Donaustadt,Entire condo,Entire home/apt,2,189.0,33,1,1.0,1,77,1,59,4.75,48.22204,16.45132
86.5,507887966,Liesing,Entire rental unit,Entire home/apt,3,470.0,43,1,1.0,2,209,1,19,4.84,48.149251877239394,16.282138389413433
170.33,560447677,Rudolfsheim-Fünfhaus,Entire rental unit,Entire home/apt,6,442.0,30,2,2.0,3,139,0,38,4.87,48.18865,16.33101
69.0,159612514,Josefstadt,Entire rental unit,Entire home/apt,2,460.0,17,1,1.5,1,348,0,1,4.0,48.21247,16.3447
126.5,728123544,Favoriten,Entire rental unit,Entire home/apt,4,371.0,37,1,1.5,2,211,1,10,5.0,48.18014,16.36856
53.0,566831684,Döbling,Room in boutique hotel,Private room,3,447.0,20,1,1.0,1,363,0,36,4.53,48.250321254930505,16.29899787323935
360.0,265140657,Hernals,Entire condo,Entire home/apt,8,379.0,44,4,2.0,1,259,1,178,4.79,48.22295,16.3158
76.0,175343322,Liesing,Entire rental unit,Entire home/apt,2,493.0,27,1,1.0,1,178,0,2,2.5,48.14709,16.35261
625.0,909601,Leopoldstadt,Entire rental unit,Entire home/apt,6,447.0,48,3,2.5,2,272,1,90,4.93,48.21817,16.40788
210.5,189066567,Landstraße,Entire serviced apartment,Entire home/apt,3,467.0,43,1,1.0,1,291,1,21,5.0,48.21235583824304,16.3918689895444
91.0,156404033,Landstraße,Entire rental unit,Entire home/apt,5,481.0,33,1,1.0,1,353,0,52,4.42,48.19512926830045,16.38783504655577
191.0,503019853,Landstraße,Entire rental unit,Entire home/apt,3,439.0,41,1,1.0,1,290,0,98,4.81,48.20915,16.38698
186.58,9190665,Döbling,Entire condo,Entire home/apt,6,487.0,29,2,1.0,8,360,0,9,4.89,48.25083,16.34301
102.0,732562956,Rudolfsheim-Fünfhaus,Entire rental unit,Entire home/apt,5,343.0,12,1,1.0,2,78,0,5,4.8,48.19846,16.31885
94.0,681853741,Landstraße,Entire rental unit,Entire home/apt,6,463.0,33,2,1.5,1,341,0,28,4.25,48.1938,16.38977
388.0,71074913,Neubau,Entire rental unit,Entire home/apt,6,535.0,37,3,2.0,2,234,0,144,4.87,48.20614,16.35376
171.25,11169555,Margareten,Entire place,Entire home/apt,2,487.0,26,1,1.0,4,327,0,8,4.75,48.18453,16.36219
111.45,169667289,Mariahilf,Entire rental unit,Entire home/apt,4,494.0,47,2,1.0,3,30,0,135,4.84,48.19032,16.33802
120.0,151274765,Landstraße,Entire serviced apartment,Entire home/apt,4,497.0,37,1,1.0,2,354,0,26,4.77,48.19238,16.39315
114.67,12412491,Ottakring,Entire rental unit,Entire home/apt,4,497.0,46,1,1.5,3,22,1,31,4.97,48.21081494574602,16.327696169311526
87.33,12208505,Leopoldstadt,Entire rental unit,Entire home/apt,2,533.0,23,1,1.0,1,169,1,74,4.85,48.22381,16.37091
84.0,523634144,Favoriten,Entire rental unit,Entire home/apt,4,510.0,39,1,1.0,1,352,1,28,4.64,48.173520254446224,16.379571473890305
306.5,189066567,Landstraße,Entire rental unit,Entire home/apt,2,550.0,15,1,1.0,1,334,1,11,5.0,48.21226,16.39156
144.67,382292462,Meidling,Entire rental unit,Entire home/apt,2,415.0,50,1,1.0,3,57,1,61,4.97,48.17691710340631,16.341160275042057
132.15,488199367,Leopoldstadt,Entire rental unit,Entire home/apt,4,280.0,44,1,1.5,31,33,0,3,5.0,48.21676,16.37338
1555.0,732583190,Penzing,Entire townhouse,Entire home/apt,16,422.0,54,9,9.0,1,256,1,1,5.0,48.2001749,16.286878
110.0,157500977,Meidling,Entire rental unit,Entire home/apt,4,435.0,28,1,1.0,1,335,0,2,4.5,48.18037915559072,16.342098555993275
94.0,406937496,Rudolfsheim-Fünfhaus,Room in aparthotel,Entire home/apt,2,466.0,50,1,1.0,1,339,0,95,4.65,48.18595,16.32541
106.0,545712919,Liesing,Entire rental unit,Entire home/apt,5,372.0,37,2,1.0,2,324,0,20,4.7,48.14639,16.30111
99.28,8681803,Margareten,Entire condo,Entire home/apt,3,475.0,28,1,1.0,1,327,1,173,4.73,48.18563,16.36622
129.0,168914712,Innere Stadt,Entire rental unit,Entire home/apt,2,420.0,7,1,1.0,1,81,0,2,5.0,48.2115206,16.3724841
87.5,664114247,Brigittenau,Entire rental unit,Entire home/apt,2,48.0,26,1,1.0,2,248,0,16,4.5,48.227499457457725,16.38696091169094
143.0,508815451,Alsergrund,Entire rental unit,Entire home/apt,3,164.0,53,1,1.0,2,76,1,83,4.77,48.21767897500455,16.360477918198995
273.88,1036543,Landstraße,Entire rental unit,Entire home/apt,4,491.0,54,2,1.5,3,198,1,177,4.95,48.204082,16.389229
223.0,1671710163618072484,Margareten,Entire rental unit,Entire home/apt,5,529.0,21,2,1.0,1,88,0,4,4.75,48.18422,16.35424
350.75,9110380,Neubau,Entire rental unit,Entire home/apt,4,462.0,42,2,1.0,3,29,1,34,5.0,48.2019,16.34486
360.0,393807464,Innere Stadt,Room in hotel,Private room,4,417.0,24,1,1.0,1,161,1,36,4.81,48.207153,16.376732
159.76,347011505,Donaustadt,Entire rental unit,Entire home/apt,4,528.0,12,1,2.5,1,101,1,16,4.69,48.22974,16.41573
144.0,1547126,Neubau,Entire serviced apartment,Entire home/apt,4,104.0,44,1,1.0,1,349,1,12,5.0,48.19792,16.34568
336.0,2831716,Wieden,Entire rental unit,Entire home/apt,10,336.0,32,3,2.5,1,134,1,126,4.93,48.19665,16.3649
156.0,243331985,Rudolfsheim-Fünfhaus,Entire rental unit,Entire home/apt,5,326.0,21,1,1.0,2,41,0,13,4.62,48.19629,16.32803
327.33,2418146,Brigittenau,Entire rental unit,Entire home/apt,10,378.0,55,6,4.0,3,46,1,188,4.89,48.22875,16.37405
349.0,212493078,Favoriten,Private room in rental unit,Private room,1,306.0,21,3,1.0,1,361,0,2,5.0,48.16842,16.39385
189.0,548674689,Favoriten,Entire rental unit,Entire home/apt,2,609.0,51,1,1.0,1,295,1,20,4.8,48.171791510110886,16.39090390052489
120.0,28347277,Margareten,Entire rental unit,Entire home/apt,4,0.0,50,1,1.5,2,20,1,43,4.93,48.1889016532144,16.359469868729448
72.0,396597805,Rudolfsheim-Fünfhaus,Private room in hostel,Private room,2,417.0,44,1,1.0,1,319,0,57,4.37,48.19672,16.337599
173.0,588115225,Meidling,Entire rental unit,Entire home/apt,2,309.0,54,1,1.0,1,361,1,23,4.83,48.1795832,16.3214037
212.0,44901813,Landstraße,Entire rental unit,Entire home/apt,4,60.0,37,1,1.0,1,4,0,7,5.0,48.19483020000001,16.4111739
80.0,47957880,Rudolfsheim-Fünfhaus,Entire rental unit,Entire home/apt,2,445.0,41,1,1.0,1,363,0,98,4.59,48.18856,16.33193
117.25,451388163,Leopoldstadt,Entire condo,Entire home/apt,3,457.0,49,1,1.0,1,193,0,41,4.85,48.21787244586445,16.387309487092182
154.86,487533728,Landstraße,Entire condo,Entire home/apt,2,488.0,50,1,1.0,30,141,1,58,4.95,48.20129357409689,16.380921204229733
117.33,560447677,Rudolfsheim-Fünfhaus,Entire rental unit,Entire home/apt,2,395.0,32,1,1.0,1,143,0,44,4.57,48.19276146518889,16.337371196012406
106.33,513731985,Favoriten,Entire rental unit,Entire home/apt,5,498.0,36,2,1.0,1,268,0,30,4.8,48.1792928,16.3683447
134.0,716828117,Donaustadt,Entire rental unit,Entire home/apt,6,59.0,35,1,1.0,2,70,0,10,4.9,48.2254,16.4505
157.0,523634144,Donaustadt,Entire rental unit,Entire home/apt,4,545.0,35,1,1.0,2,323,1,45,4.89,48.22687448147587,16.45494978893601
88.99,657257173,Liesing,Entire rental unit,Entire home/apt,3,562.0,14,1,1.0,1,173,0,9,4.22,48.14575247622405,16.35354865311239
172.33,147175856,Hernals,Entire chalet,Entire home/apt,4,449.0,26,2,1.0,1,15,0,75,4.83,48.23083,16.28175
92.25,129960877,Leopoldstadt,Entire rental unit,Entire home/apt,2,277.0,43,1,1.0,1,327,0,18,4.94,48.21789,16.38339
178.5,34112673,Donaustadt,Entire condo,Entire home/apt,3,434.0,59,1,1.5,4,52,1,55,4.91,48.2356554,16.4254352
153.0,455957052,Leopoldstadt,Entire rental unit,Entire home/apt,4,416.0,46,1,1.0,1,306,1,48,4.94,48.2247801,16.3835593
262.5,507367102,Wieden,Entire rental unit,Entire home/apt,4,514.0,35,2,1.0,2,251,1,101,4.94,48.18820025828728,16.372953690337983
134.1,257543717,Donaustadt,Entire rental unit,Entire home/apt,4,405.0,25,1,1.0,1,287,1,12,4.92,48.23973,16.42783
95.0,575253843,Brigittenau,Entire rental unit,Entire home/apt,2,458.0,57,1,1.0,1,332,1,62,4.81,48.2313,16.37464
204.0,257543717,Donaustadt,Entire rental unit,Entire home/apt,4,527.0,24,1,1.0,1,259,1,5,4.8,48.23822,16.42789
67.0,594507559,Ottakring,Entire rental unit,Entire home/apt,2,392.0,30,1,1.0,1,360,0,11,4.0,48.20629,16.32856
91.5,87937648,Mariahilf,Entire rental unit,Entire home/apt,2,204.0,16,1,1.0,4,145,0,6,4.67,48.19080209875253,16.342813363188085
95.67,665965991,Donaustadt,Entire rental unit,Entire home/apt,2,457.0,35,1,1.0,2,237,1,24,5.0,48.22459,16.42215
74.5,16013247,Penzing,Entire rental unit,Entire home/apt,2,515.0,35,1,1.0,2,240,0,104,4.73,48.19390929999999,16.2983415
91.0,511689935,Margareten,Room in hotel,Private room,3,337.0,28,1,1.0,1,128,0,65,4.32,48.184432501627136,16.35160399439947
310.0,426015944,Margareten,Entire rental unit,Entire home/apt,6,265.0,46,3,1.5,1,98,1,7,5.0,48.1840926308951,16.35354071520835
83.93,10049122,Wieden,Entire rental unit,Entire home/apt,4,495.0,13,2,1.5,31,310,1,2,5.0,48.18982,16.37764
92.0,1425194,Floridsdorf,Entire rental unit,Entire home/apt,4,59.0,21,2,1.0,1,331,0,10,4.6,48.26918,16.4435
108.27,451388163,Meidling,Entire condo,Entire home/apt,4,516.0,48,1,1.0,1,201,0,43,4.81,48.18121,16.33952
81.5,141076697,Liesing,Entire rental unit,Entire home/apt,6,385.0,29,2,1.0,2,208,0,5,3.8,48.13012,16.30803
136.03,755501669,Rudolfsheim-Fünfhaus,Entire rental unit,Entire home/apt,4,347.0,2,2,1.0,1,365,0,1,3.0,48.19303011606264,16.31785654110415
125.5,477249193,Neubau,Entire rental unit,Entire home/apt,2,495.0,29,1,1.0,2,311,1,28,4.75,48.20314,16.34961
80.0,26016876,Alsergrund,Entire rental unit,Entire home/apt,2,484.0,4,1,1.0,2,171,0,6,4.83,48.225027,16.365558
202.0,571387667,Favoriten,Room in hotel,Private room,6,496.0,15,1,1.0,1,168,0,5,4.6,48.18014429999999,16.3744278
136.67,3279867,Leopoldstadt,Entire rental unit,Entire home/apt,5,264.0,34,2,1.5,3,19,0,2,5.0,48.219873205026445,16.378166149227326
192.13,663472513,Landstraße,Entire rental unit,Entire home/apt,3,421.0,55,2,1.5,30,175,0,27,4.93,48.20992,16.39024
103.0,418270816,Favoriten,Entire rental unit,Entire home/apt,3,444.0,26,1,1.0,1,350,0,5,4.2,48.1812745,16.3757413
163.0,125293596,Liesing,Entire rental unit,Entire home/apt,6,437.0,45,2,1.0,2,269,0,19,4.68,48.15595,16.29162
160.5,134419291,Floridsdorf,Entire home,Entire home/apt,2,495.0,51,1,1.5,2,88,0,6,5.0,48.24357,16.40342
33.0,754484813,Liesing,Private room in rental unit,Private room,2,403.0,27,1,1.0,1,27,0,2,3.0,48.14763,16.2976
97.0,754484813,Liesing,Entire rental unit,Entire home/apt,9,463.0,21,3,1.0,1,353,0,1,2.0,48.14788,16.2973
100.2,11432878,Leopoldstadt,Entire rental unit,Entire home/apt,2,168.0,20,1,1.5,5,31,0,5,4.8,48.22444,16.39848
160.0,504997811,Meidling,Entire rental unit,Entire home/apt,6,338.0,20,2,2.0,1,335,0,10,4.4,48.1641784,16.3155445
190.0,47034279,Wieden,Entire rental unit,Entire home/apt,2,292.0,50,1,1.5,1,294,1,400,4.87,48.19797,16.36677
126.0,22560826,Margareten,Entire rental unit,Entire home/apt,4,294.0,39,1,1.5,1,95,0,417,4.69,48.18548,16.35265
182.25,9383500,Neubau,Tiny home,Entire home/apt,2,213.0,41,1,1.0,4,150,1,22,4.86,48.2060016801312,16.343289939021393
140.5,196356933,Margareten,Entire rental unit,Entire home/apt,4,474.0,30,1,1.0,2,352,1,137,4.84,48.19277,16.3627
85.45,106929746,Hietzing,Entire rental unit,Entire home/apt,4,327.0,51,1,1.0,13,117,0,25,4.76,48.18953,16.28423
111.0,750998978,Döbling,Entire rental unit,Entire home/apt,2,59.0,10,1,1.0,1,108,0,24,4.75,48.24396,16.363
101.0,151274765,Simmering,Entire serviced apartment,Entire home/apt,2,365.0,44,1,1.0,2,363,0,129,4.57,48.17749,16.40958
126.0,756981308,Favoriten,Entire rental unit,Entire home/apt,4,59.0,41,1,1.0,1,25,0,4,4.75,48.17431,16.37524
119.33,712746304,Meidling,Entire rental unit,Entire home/apt,5,438.0,42,2,1.0,1,283,1,23,5.0,48.18526,16.34238
99.5,473779995,Währing,Entire serviced apartment,Entire home/apt,2,354.0,57,1,1.5,2,305,0,212,4.75,48.22159,16.34125
569.5,71074913,Innere Stadt,Entire rental unit,Entire home/apt,11,515.0,10,6,3.5,2,213,0,22,5.0,48.21311,16.36003
274.0,546180427,Leopoldstadt,Entire rental unit,Entire home/apt,11,490.0,58,3,2.5,1,146,0,4,4.25,48.2206,16.3743
67.97,51562386,Rudolfsheim-Fünfhaus,Entire rental unit,Entire home/apt,4,522.0,21,1,1.0,30,334,1,11,4.91,48.19881089360408,16.32497300710771
120.0,14415540,Simmering,Entire home,Entire home/apt,7,485.0,47,3,1.0,3,121,0,11,4.64,48.17481,16.42493
33.19,621105,Neubau,Entire rental unit,Entire home/apt,4,239.0,11,1,1.0,30,179,0,21,4.86,48.20616,16.35473
103.5,260773582,Ottakring,Entire rental unit,Entire home/apt,6,466.0,50,2,1.0,2,263,1,18,4.83,48.21746,16.31551
229.0,65184642,Alsergrund,Entire condo,Entire home/apt,2,385.0,17,1,1.0,1,80,0,5,4.8,48.225074393215976,16.364147808850884
96.0,713777330,Landstraße,Entire rental unit,Entire home/apt,3,446.0,31,1,1.0,1,153,1,59,4.86,48.2003006,16.3949064
141.5,26799846,Währing,Entire rental unit,Entire home/apt,3,211.0,43,1,1.0,2,120,0,353,4.83,48.21885,16.34045
185.6,1547126,Innere Stadt,Entire rental unit,Entire home/apt,4,349.0,26,1,1.0,1,312,1,9,5.0,48.21386,16.36213
114.5,85244923,Neubau,Entire rental unit,Entire home/apt,2,473.0,26,1,1.0,2,181,0,3,5.0,48.20629,16.34805
88.0,270804594,Meidling,Entire rental unit,Entire home/apt,2,350.0,44,1,1.0,1,285,0,281,4.53,48.17305,16.32056
160.0,213091129,Josefstadt,Entire condo,Entire home/apt,3,0.0,34,1,1.0,1,40,1,121,4.97,48.20963164932347,16.354970271163957
496.5,245534261,Mariahilf,Entire rental unit,Entire home/apt,9,53.0,22,4,2.0,2,42,1,119,4.87,48.19956,16.35776
68.0,3604793,Rudolfsheim-Fünfhaus,Entire rental unit,Entire home/apt,2,183.0,26,1,1.0,1,16,0,23,4.74,48.19374,16.32006
246.0,175131,Rudolfsheim-Fünfhaus,Entire rental unit,Entire home/apt,6,352.0,55,2,1.0,1,109,1,129,4.9,48.18467,16.32795
206.0,142742813,Rudolfsheim-Fünfhaus,Entire rental unit,Entire home/apt,2,322.0,26,1,1.0,2,179,0,3,5.0,48.18733455409793,16.330940052866936
193.0,196356933,Margareten,Entire rental unit,Entire home/apt,4,152.0,30,2,1.0,1,325,1,57,4.88,48.1911767,16.3582617
67.5,127795382,Ottakring,Entire rental unit,Entire home/apt,3,0.0,35,1,1.0,14,41,0,13,4.54,48.21527,16.31974
108.0,156784089,Leopoldstadt,Entire rental unit,Entire home/apt,4,162.0,39,1,1.0,1,87,0,57,4.81,48.22536,16.38783
78.0,90654622,Neubau,Private room in rental unit,Private room,1,350.0,32,2,0.0,3,13,0,6,5.0,48.2027,16.35418
191.0,561630754,Innere Stadt,Entire rental unit,Entire home/apt,4,290.0,26,1,1.0,1,108,0,4,5.0,48.20553,16.37546
156.5,7147147,Innere Stadt,Entire rental unit,Entire home/apt,8,309.0,13,3,1.5,1,156,0,52,4.21,48.21379,16.37049
138.0,1547126,Neubau,Entire rental unit,Entire home/apt,4,59.0,47,1,1.0,1,340,1,49,4.94,48.20197045302592,16.35048696913653
138.33,694035313,Rudolfsheim-Fünfhaus,Entire rental unit,Entire home/apt,5,412.0,33,1,1.0,1,65,1,7,5.0,48.19569740000001,16.3158132
446.0,1391676,Innere Stadt,Entire rental unit,Entire home/apt,9,543.0,52,2,1.0,2,267,1,118,4.92,48.21103,16.36992
63.0,8443421,Meidling,Entire rental unit,Entire home/apt,2,228.0,21,1,1.0,4,197,0,38,4.76,48.18623,16.33796
313.33,20068276,Hernals,Entire serviced apartment,Entire home/apt,5,369.0,70,2,1.5,3,255,1,28,4.93,48.21238,16.33884
131.33,8443421,Meidling,Entire rental unit,Entire home/apt,4,212.0,8,1,1.0,3,323,0,18,4.76,48.18541,16.33666
170.33,267756350,Meidling,Entire condo,Entire home/apt,4,0.0,47,1,1.0,2,322,1,42,4.95,48.18764,16.34162
229.0,15935294,Leopoldstadt,Entire rental unit,Entire home/apt,2,149.0,30,1,1.0,1,261,0,29,4.76,48.20736,16.42858
177.0,368666895,Ottakring,Entire rental unit,Entire home/apt,2,392.0,7,1,1.0,1,106,0,38,4.76,48.21289,16.33823
272.01,141332922,Penzing,Entire rental unit,Entire home/apt,6,39.0,9,2,1.0,30,292,0,1,5.0,48.19660550093673,16.28717169588697
136.0,490079264,Währing,Entire rental unit,Entire home/apt,2,379.0,30,1,1.0,2,263,0,37,4.89,48.2235692,16.3402431
110.0,696198145,Penzing,Entire rental unit,Entire home/apt,3,489.0,9,1,1.0,1,183,0,12,4.17,48.19808,16.28214
81.0,571387667,Favoriten,Room in hotel,Private room,2,453.0,20,1,1.0,1,128,0,82,4.65,48.18014429999999,16.3744278
89.0,473779995,Favoriten,Entire serviced apartment,Entire home/apt,2,323.0,55,1,1.5,2,365,0,41,4.76,48.175130494236,16.35683886439784
136.33,560447677,Rudolfsheim-Fünfhaus,Entire rental unit,Entire home/apt,8,405.0,29,2,1.0,3,122,0,58,4.47,48.19244,16.33582
133.0,15935294,Favoriten,Entire rental unit,Entire home/apt,4,93.0,21,1,1.0,1,350,0,10,4.6,48.16751828899326,16.344515808221114
129.0,227232876,Favoriten,Entire rental unit,Entire home/apt,2,432.0,6,1,1.0,1,208,1,3,4.67,48.1768351,16.3567526
109.0,569024287,Favoriten,Entire rental unit,Entire home/apt,2,438.0,48,1,1.0,1,333,0,34,4.76,48.16715043289904,16.347695758210087
183.0,478212227,Favoriten,Entire serviced apartment,Entire home/apt,4,45.0,29,2,1.0,1,359,0,295,4.63,48.140115,16.4008115
82.75,1266494,Leopoldstadt,Entire rental unit,Entire home/apt,2,0.0,20,1,1.0,4,227,1,168,4.91,48.21928,16.38104
191.0,567949683,Donaustadt,Entire rental unit,Entire home/apt,6,341.0,56,2,1.5,1,314,0,11,4.55,48.2342778,16.4658638
89.88,46938364,Favoriten,Entire serviced apartment,Entire home/apt,4,501.0,23,2,1.0,30,365,0,3,5.0,48.18281,16.37912
93.33,444264417,Margareten,Entire vacation home,Entire home/apt,3,459.0,40,1,1.0,3,170,1,129,4.86,48.18545,16.34973
233.0,460664369,Landstraße,Entire rental unit,Entire home/apt,6,346.0,37,2,1.5,2,297,1,149,4.93,48.20752,16.39518
72.19,512764952,Leopoldstadt,Entire rental unit,Entire home/apt,2,470.0,38,1,1.0,30,214,1,16,4.88,48.2098612614396,16.419857277889673
138.08,385064248,Favoriten,Entire rental unit,Entire home/apt,2,286.0,31,1,1.5,30,294,0,1,5.0,48.1858267,16.3825679
168.0,467789214,Favoriten,Entire vacation home,Entire home/apt,4,492.0,36,1,1.0,2,316,1,49,4.96,48.14305,16.40517
114.0,554191791,Penzing,Entire guesthouse,Entire home/apt,4,241.0,41,1,1.0,1,220,1,2,5.0,48.19216972124471,16.309032537094968
168.5,4860716,Alsergrund,Entire rental unit,Entire home/apt,5,290.0,42,2,1.5,2,324,1,118,4.84,48.224847074983465,16.363560162571908
138.08,280514183,Landstraße,Entire condo,Entire home/apt,2,402.0,43,1,1.0,2,215,1,110,4.92,48.19704,16.4073
1025.0,484354974,Leopoldstadt,Entire rental unit,Entire home/apt,16,392.0,30,8,7.0,1,209,0,22,4.82,48.218660424642366,16.403287947177887
203.75,985132,Floridsdorf,Entire bungalow,Entire home/apt,6,419.0,30,2,1.5,4,319,1,72,4.94,48.28425,16.40319
101.0,9991820,Hietzing,Entire rental unit,Entire home/apt,4,244.0,46,1,1.0,1,230,1,548,4.89,48.18979,16.26794
173.0,520985618,Wieden,Entire rental unit,Entire home/apt,3,502.0,39,1,1.0,1,207,1,8,5.0,48.191811,16.3770086
769.5,559988321,Josefstadt,Entire serviced apartment,Entire home/apt,8,324.0,41,4,3.5,1,292,0,58,4.83,48.20909355176681,16.353716502350267
230.0,687946617,Leopoldstadt,Entire serviced apartment,Entire home/apt,8,487.0,48,2,1.0,1,172,0,7,4.57,48.2221543201624,16.38700347442963
134.33,149444280,Hietzing,Entire rental unit,Entire home/apt,4,520.0,41,1,1.0,3,295,1,32,5.0,48.19085889999999,16.2680385
95.93,152433712,Favoriten,Entire serviced apartment,Entire home/apt,2,305.0,30,1,1.0,29,343,0,1,4.0,48.18336,16.37712
130.5,15935294,Favoriten,Entire rental unit,Entire home/apt,2,93.0,22,1,1.0,1,333,0,6,5.0,48.16718149963283,16.346511990131877
129.64,188320967,Josefstadt,Entire rental unit,Entire home/apt,4,521.0,43,1,1.0,1,347,1,42,4.67,48.20943,16.34026
260.19,482181428,Ottakring,Entire home,Entire home/apt,6,388.0,13,2,1.5,2,352,0,1,5.0,48.21728,16.31259
108.0,383835177,Döbling,Entire rental unit,Entire home/apt,4,359.0,37,2,1.5,1,313,0,40,4.8,48.2572,16.34178
106.0,151274765,Simmering,Entire serviced apartment,Entire home/apt,4,476.0,39,1,1.0,2,360,0,113,4.66,48.17781,16.40853
154.5,538682831,Floridsdorf,Entire rental unit,Entire home/apt,5,53.0,39,2,2.5,2,120,0,58,4.86,48.2761372,16.4067256
118.21,169116832,Leopoldstadt,Entire rental unit,Entire home/apt,3,504.0,32,1,1.0,14,129,0,31,4.74,48.2249,16.40124
39.13,540246,Währing,Entire condo,Entire home/apt,3,331.0,47,1,1.0,31,264,0,38,4.63,48.22087090258373,16.339666221091576
90.2,1601374,Leopoldstadt,Entire rental unit,Entire home/apt,4,527.0,47,1,1.0,2,317,1,33,4.85,48.22414,16.38668
68.66,393655464,Döbling,Entire serviced apartment,Entire home/apt,2,343.0,31,1,1.0,1,364,0,11,3.91,48.2490104,16.3677339
123.67,535686159,Rudolfsheim-Fünfhaus,Entire rental unit,Entire home/apt,3,298.0,36,1,1.0,2,150,1,23,4.91,48.189403,16.3350417
123.55,66040140,Favoriten,Entire rental unit,Entire home/apt,4,460.0,45,1,1.0,1,159,0,21,4.76,48.17143403117717,16.372477021508896
113.43,2418146,Brigittenau,Entire rental unit,Entire home/apt,4,339.0,54,1,1.5,7,139,1,136,4.87,48.22875,16.37405
147.0,507593990,Mariahilf,Entire rental unit,Entire home/apt,4,484.0,21,2,1.0,1,297,0,29,4.79,48.19624088888989,16.35012213068848
216.0,271320008,Landstraße,Entire rental unit,Entire home/apt,3,493.0,31,1,1.0,1,249,1,311,4.97,48.20486,16.38544
260.0,426015944,Margareten,Entire rental unit,Entire home/apt,4,0.0,49,2,1.5,1,101,1,15,4.8,48.18389,16.35326
247.33,199011803,Simmering,Entire rental unit,Entire home/apt,3,421.0,40,1,1.0,3,132,1,29,5.0,48.1805193,16.4202566
121.9,833967,Leopoldstadt,Entire rental unit,Entire home/apt,3,354.0,31,1,1.0,1,296,1,441,4.84,48.21455,16.3794
92.0,6526595,Josefstadt,Private room in rental unit,Private room,2,76.0,18,1,1.5,1,89,0,1,5.0,48.214712008294256,16.348341502415742
209.5,55292989,Innere Stadt,Entire rental unit,Entire home/apt,2,458.0,46,1,1.0,1,22,0,28,5.0,48.21207385086322,16.373609557330937
63.07,721613340,Donaustadt,Entire rental unit,Entire home/apt,4,422.0,45,1,1.0,30,335,1,1,5.0,48.2349862950438,16.466999467900184
138.0,533410639,Donaustadt,Entire rental unit,Entire home/apt,4,405.0,16,1,1.0,1,64,0,30,4.6,48.25537,16.4336
261.5,169470847,Mariahilf,Entire loft,Entire home/apt,2,517.0,39,1,1.0,2,334,0,70,4.93,48.19722,16.35755
114.12,429565698,Innere Stadt,Entire rental unit,Entire home/apt,3,134.0,27,1,1.0,1,66,0,115,4.58,48.2111487,16.3819033
187.5,522947201,Margareten,Entire rental unit,Entire home/apt,1,60.0,32,1,1.0,4,187,0,1,5.0,48.18731856452362,16.349845715893963
56.15,97275819,Hernals,Entire rental unit,Entire home/apt,6,589.0,32,2,1.0,2,329,0,71,4.28,48.213457458453306,16.33957968006896
148.57,540246,Ottakring,Entire rental unit,Entire home/apt,10,144.0,47,4,2.0,7,305,0,52,4.75,48.21167,16.32606
93.0,235195974,Meidling,Entire rental unit,Entire home/apt,2,458.0,28,1,1.0,1,296,1,327,4.85,48.18532,16.34376
215.0,588115225,Margareten,Entire rental unit,Entire home/apt,4,449.0,56,2,1.5,1,348,1,60,4.95,48.1891434,16.351763
144.0,496808880,Leopoldstadt,Entire rental unit,Entire home/apt,6,478.0,34,1,1.0,1,203,1,366,4.88,48.22146105569656,16.387920322381785
90.0,496808880,Leopoldstadt,Entire rental unit,Entire home/apt,6,478.0,36,1,1.0,1,225,1,355,4.88,48.22148,16.38787
353.0,547677118,Leopoldstadt,Entire rental unit,Entire home/apt,8,487.0,29,3,3.0,1,284,0,9,4.89,48.21643721137957,16.38752841262111
102.0,476964404,Meidling,Entire condo,Entire home/apt,2,527.0,42,1,1.0,2,123,1,120,4.93,48.18486,16.34217
117.0,476964404,Meidling,Entire rental unit,Entire home/apt,2,521.0,42,1,1.0,2,123,1,86,4.91,48.18641309686792,16.340561473673354
164.25,9383500,Neubau,Entire rental unit,Entire home/apt,4,222.0,49,1,1.0,4,144,1,140,4.94,48.20573,16.34485
132.0,238860340,Leopoldstadt,Entire rental unit,Entire home/apt,4,60.0,40,1,1.0,2,152,0,27,4.41,48.2193694,16.4042057
180.52,83843720,Meidling,Entire rental unit,Entire home/apt,6,499.0,44,2,1.0,1,198,0,51,4.59,48.182505453548266,16.34155920240111
92.0,749111800,Brigittenau,Entire rental unit,Entire home/apt,4,69.0,33,1,1.0,1,154,0,1,5.0,48.23083,16.37156
180.0,473779995,Favoriten,Entire serviced apartment,Entire home/apt,7,373.0,52,3,1.5,2,289,0,13,4.77,48.1626903,16.3826926
102.08,77480001,Alsergrund,Entire rental unit,Entire home/apt,4,352.0,31,1,1.0,2,47,0,84,4.6,48.22421,16.35854
181.67,545712919,Liesing,Entire rental unit,Entire home/apt,2,372.0,21,1,1.0,2,170,0,11,5.0,48.1452,16.30075
79.27,497067091,Floridsdorf,Entire home,Entire home/apt,4,522.0,49,2,1.0,3,119,0,14,4.43,48.28392034184076,16.44993847118632
142.0,148542688,Liesing,Entire rental unit,Entire home/apt,2,535.0,41,1,1.0,2,356,0,10,4.8,48.1432139871516,16.313655164939682
62.44,24176349,Landstraße,Entire rental unit,Entire home/apt,4,498.0,45,1,2.0,30,360,1,3,5.0,48.19681,16.4076
148.31,9719601,Neubau,Entire rental unit,Entire home/apt,3,425.0,48,2,1.0,2,235,1,355,4.93,48.20125,16.34601
185.0,271233765,Mariahilf,Private room in serviced apartment,Private room,4,457.0,44,1,1.0,1,217,0,9,4.89,48.18956,16.34225
243.0,3681293,Wieden,Entire condo,Entire home/apt,6,325.0,55,3,1.5,1,237,0,377,4.67,48.19005,16.36544
163.5,243331985,Rudolfsheim-Fünfhaus,Entire rental unit,Entire home/apt,5,509.0,26,2,1.0,2,41,0,77,4.62,48.19721,16.32978
55.0,566831684,Döbling,Room in boutique hotel,Private room,5,467.0,19,1,1.0,1,327,0,29,4.52,48.25036,16.29994
70.5,732583190,Penzing,Room in hotel,Private room,2,271.0,38,1,1.0,1,304,1,7,5.0,48.20105,16.28794
90.0,83606537,Donaustadt,Private room in home,Private room,1,72.0,19,1,1.0,1,365,0,1,5.0,48.2127587218352,16.517820932092782
100.5,522477547,Simmering,Entire rental unit,Entire home/apt,4,478.0,33,1,1.0,2,297,0,17,4.82,48.169192,16.4157316
119.6,29494065,Hernals,Entire rental unit,Entire home/apt,6,429.0,14,3,1.0,5,170,0,47,4.28,48.21999,16.32925
310.0,9556855,Mariahilf,Entire rental unit,Entire home/apt,2,363.0,32,1,1.0,1,363,1,10,4.8,48.20015660260057,16.360641225133495
100.0,504997811,Meidling,Entire rental unit,Entire home/apt,4,338.0,18,1,1.0,1,341,0,5,4.6,48.1641784,16.3155445
269.0,432165658,Landstraße,Entire rental unit,Entire home/apt,8,517.0,30,3,1.5,1,54,0,10,4.9,48.21039,16.39102
105.0,560447677,Rudolfsheim-Fünfhaus,Entire rental unit,Entire home/apt,4,285.0,17,1,1.0,1,142,0,27,4.59,48.1859189,16.3281089
186.5,491312976,Leopoldstadt,Entire condo,Entire home/apt,8,419.0,42,3,1.5,2,140,0,100,4.52,48.22586,16.38806
115.0,51891892,Neubau,Entire rental unit,Entire home/apt,4,470.0,27,1,1.0,2,304,0,116,4.66,48.2043,16.34361
280.0,22574909,Neubau,Private room in bed and breakfast,Private room,1,243.0,11,1,1.0,1,42,0,12,4.42,48.20578,16.35544
15.51,109659350,Ottakring,Entire rental unit,Entire home/apt,2,356.0,41,2,1.0,93,149,0,6,5.0,48.21181,16.32084
159.0,227232876,Favoriten,Entire rental unit,Entire home/apt,3,432.0,18,1,1.0,1,304,1,5,4.6,48.1769444,16.3568536
21.78,223450853,Margareten,Entire rental unit,Entire home/apt,3,95.0,55,1,1.5,60,364,0,22,4.73,48.18323,16.35833
77.32,223526273,Alsergrund,Entire rental unit,Entire home/apt,4,1000.0,31,1,1.0,100,173,0,28,4.96,48.2242,16.35841
157.5,477249193,Neubau,Entire rental unit,Entire home/apt,2,496.0,37,1,1.0,2,263,1,270,4.88,48.20122,16.34982
243.33,100351711,Neubau,Entire rental unit,Entire home/apt,8,272.0,37,4,2.0,3,21,1,275,4.81,48.20354,16.34808
153.5,749299086,Donaustadt,Entire rental unit,Entire home/apt,6,471.0,11,1,1.0,1,141,0,2,5.0,48.25745777148144,16.447363605097284
125.5,13336646,Penzing,Entire rental unit,Entire home/apt,4,92.0,10,1,1.0,1,359,0,8,4.57,48.19676,16.28851
122.63,13336646,Penzing,Entire rental unit,Entire home/apt,4,319.0,12,1,1.5,1,357,0,2,4.0,48.19664,16.28921
112.1,51562386,Rudolfsheim-Fünfhaus,Private room in rental unit,Private room,1,557.0,20,1,1.0,30,213,1,21,4.9,48.1999,16.32476
20.87,2418146,Hernals,Entire rental unit,Entire home/apt,4,212.0,32,1,1.5,90,217,1,8,5.0,48.21776,16.32332
206.0,502789530,Leopoldstadt,Entire rental unit,Entire home/apt,4,475.0,39,2,1.0,2,124,0,43,4.74,48.22031,16.38725
13.87,109659350,Hernals,Entire rental unit,Entire home/apt,2,449.0,42,1,1.0,90,139,0,22,5.0,48.22098,16.32866
12.72,2700948,Margareten,Entire rental unit,Entire home/apt,3,437.0,26,1,1.0,90,259,0,40,4.85,48.18668,16.35154
97.0,38635412,Rudolfsheim-Fünfhaus,Entire condo,Entire home/apt,2,54.0,39,1,1.5,3,158,1,68,4.85,48.18726,16.33452
190.0,2975551,Rudolfsheim-Fünfhaus,Entire condo,Entire home/apt,2,321.0,22,1,1.5,3,47,0,3,5.0,48.19135,16.33056
170.0,275262911,Neubau,Private room in guesthouse,Private room,4,51.0,14,1,1.0,1,142,0,3,5.0,48.20042037963867,16.33997917175293
104.0,156784089,Leopoldstadt,Entire rental unit,Entire home/apt,4,278.0,35,1,1.5,1,251,0,191,4.6,48.22673,16.38805
22.85,2805424,Leopoldstadt,Entire rental unit,Entire home/apt,2,436.0,20,1,1.0,91,270,1,3,3.0,48.21637,16.38506
44.98,238499364,Innere Stadt,Entire rental unit,Entire home/apt,8,500.0,38,3,1.5,360,364,0,5,5.0,48.21405,16.37336
110.5,105424816,Meidling,Entire rental unit,Entire home/apt,4,388.0,41,1,1.5,2,66,1,96,4.83,48.17865,16.34379
92.3,474169875,Favoriten,Entire rental unit,Entire home/apt,4,472.0,42,1,1.0,1,219,0,139,4.78,48.17247,16.36687
72.33,560447677,Rudolfsheim-Fünfhaus,Entire rental unit,Entire home/apt,2,440.0,33,1,1.0,3,146,0,15,4.13,48.18716,16.32953
160.0,37154810,Ottakring,Entire rental unit,Entire home/apt,4,486.0,29,2,1.0,2,15,0,7,4.86,48.20649609754292,16.328090326983627
48.77,51562386,Rudolfsheim-Fünfhaus,Entire rental unit,Entire home/apt,4,530.0,22,2,1.0,30,364,1,16,4.81,48.20056,16.3237
19.35,5874520,Landstraße,Entire place,Entire home/apt,2,57.0,18,1,1.0,60,186,0,1,5.0,48.17621,16.3963
122.5,22384130,Ottakring,Entire rental unit,Entire home/apt,3,524.0,27,1,1.0,4,133,0,91,4.87,48.21292,16.33566
157.5,16038716,Leopoldstadt,Entire rental unit,Entire home/apt,4,432.0,22,1,1.0,2,171,1,43,4.77,48.216359721192994,16.387207445722222
55.1,222345303,Alsergrund,Entire rental unit,Entire home/apt,4,452.0,40,1,1.0,30,326,0,75,4.44,48.22241,16.36537
164.0,300246929,Innere Stadt,Entire rental unit,Entire home/apt,4,347.0,36,1,1.0,1,233,0,256,4.65,48.21132659912109,16.370220184326172
115.83,29748862,Leopoldstadt,Entire rental unit,Entire home/apt,4,388.0,40,1,1.0,2,114,1,112,4.86,48.22113,16.38571
299.0,733777600,Landstraße,Entire rental unit,Entire home/apt,6,400.0,41,2,1.5,1,292,1,18,4.72,48.1985732,16.3971803
140.0,116849625,Mariahilf,Entire rental unit,Entire home/apt,4,497.0,24,1,1.0,1,64,0,35,4.86,48.1928454,16.3527712
234.0,50945012,Margareten,Entire rental unit,Entire home/apt,10,339.0,41,2,1.5,1,286,0,13,4.92,48.19299,16.35614
129.0,516305119,Wieden,Entire rental unit,Entire home/apt,4,420.0,39,1,1.0,1,68,0,26,4.88,48.19617,16.36156
143.6,60078418,Donaustadt,Entire rental unit,Entire home/apt,3,465.0,45,1,1.0,1,244,1,6,5.0,48.24100193556576,16.4315454274553
259.0,530403818,Margareten,Entire rental unit,Entire home/apt,4,404.0,36,1,2.0,1,51,1,115,4.94,48.19215,16.36212
197.61,4361476,Neubau,Entire rental unit,Entire home/apt,3,375.0,42,1,1.5,2,275,1,35,4.97,48.20181,16.35367
157.94,28499192,Josefstadt,Entire rental unit,Entire home/apt,3,235.0,29,1,1.0,5,145,1,175,4.97,48.20762,16.3459
418.0,2483311,Leopoldstadt,Entire rental unit,Entire home/apt,7,371.0,49,4,1.5,7,12,0,14,4.93,48.21577,16.37863
238.09,385064248,Alsergrund,Entire rental unit,Entire home/apt,8,281.0,26,4,1.0,30,34,0,1,5.0,48.2248448,16.3520252
183.0,50945012,Margareten,Entire rental unit,Entire home/apt,6,338.0,40,2,2.5,1,247,0,202,4.54,48.19259,16.35518
431.0,125856905,Josefstadt,Entire rental unit,Entire home/apt,5,497.0,54,3,2.0,2,308,1,180,4.97,48.20776,16.34873
8.73,20076579,Hietzing,Room in serviced apartment,Hotel room,2,339.0,23,1,1.0,180,358,0,1,5.0,48.18898,16.2683
68.5,24350228,Penzing,Entire condo,Entire home/apt,2,0.0,38,1,1.0,3,146,0,53,4.72,48.19275,16.3007
26.25,173508358,Leopoldstadt,Entire rental unit,Entire home/apt,4,503.0,34,1,1.5,60,220,0,85,4.92,48.21706,16.37614
74.25,127795382,Ottakring,Entire rental unit,Entire home/apt,2,380.0,32,1,1.5,4,6,0,29,4.38,48.2186,16.30336
124.39,679725022,Währing,Entire rental unit,Entire home/apt,4,348.0,31,2,1.0,4,332,0,32,4.72,48.2299797,16.3485535
137.0,17000460,Neubau,Entire rental unit,Entire home/apt,2,272.0,24,1,1.0,2,81,0,11,5.0,48.20845,16.33847
352.33,71074913,Neubau,Entire rental unit,Entire home/apt,4,530.0,28,2,1.0,3,61,0,53,4.89,48.20456,16.35206
108.5,487855503,Ottakring,Entire condo,Entire home/apt,4,337.0,40,1,1.5,2,196,1,41,4.9,48.2175203,16.316766
232.0,743398,Alsergrund,Entire rental unit,Entire home/apt,6,432.0,28,2,1.0,2,245,0,127,4.65,48.21646,16.36264
114.14,417437918,Favoriten,Entire condo,Entire home/apt,4,512.0,51,2,1.0,7,36,0,9,4.89,48.17427,16.36998
98.5,540916454,Ottakring,Entire rental unit,Entire home/apt,2,233.0,25,1,1.0,1,239,1,32,4.84,48.2066895,16.3236275
95.47,422677925,Brigittenau,Entire serviced apartment,Entire home/apt,2,500.0,22,1,1.0,15,16,1,19,4.84,48.23179,16.38683
52.7,238326400,Landstraße,Entire rental unit,Entire home/apt,2,498.0,42,1,1.0,30,239,1,23,5.0,48.196922302246094,16.404184341430664
120.67,423553178,Landstraße,Entire condo,Entire home/apt,2,499.0,49,1,1.0,3,91,1,112,4.98,48.19734,16.40726
32.82,30483130,Hernals,Entire condo,Entire home/apt,2,425.0,35,1,1.0,50,174,1,11,5.0,48.22359,16.32915
87.5,473779995,Mariahilf,Entire serviced apartment,Entire home/apt,3,379.0,50,1,1.5,30,32,0,114,4.79,48.20045,16.35909
31.08,62520096,Leopoldstadt,Entire condo,Entire home/apt,6,518.0,39,1,1.0,60,339,0,96,4.92,48.21943,16.39936
149.0,257543717,Donaustadt,Entire rental unit,Entire home/apt,4,462.0,25,1,1.0,1,279,1,5,5.0,48.24026,16.42953
11.78,15036006,Ottakring,Entire rental unit,Entire home/apt,2,334.0,30,1,1.0,26,300,0,111,4.7,48.207311805228414,16.337178565081793
87.0,58729931,Donaustadt,Entire condo,Entire home/apt,3,442.0,39,1,1.5,3,4,0,2,5.0,48.25037,16.49469
21.12,438130869,Mariahilf,Entire rental unit,Entire home/apt,3,251.0,7,2,1.0,90,364,0,1,5.0,48.19432,16.3468
121.0,276955129,Rudolfsheim-Fünfhaus,Entire rental unit,Entire home/apt,4,469.0,36,2,1.0,1,235,1,85,4.79,48.187623442277015,16.32777545752843
246.0,26161206,Donaustadt,Entire rental unit,Entire home/apt,9,425.0,32,1,1.0,1,346,0,8,4.75,48.23846644520121,16.43009554180299
158.62,14954085,Favoriten,Entire rental unit,Entire home/apt,7,0.0,33,2,1.5,1,342,0,305,4.66,48.17412,16.37985
74.0,476929748,Favoriten,Entire condo,Entire home/apt,2,454.0,37,1,1.0,2,18,1,64,4.91,48.16457,16.38111
180.13,4224713,Neubau,Entire rental unit,Entire home/apt,4,516.0,18,2,0.0,16,23,0,6,5.0,48.20149,16.34014
204.0,257543717,Donaustadt,Entire rental unit,Entire home/apt,6,426.0,25,2,1.0,1,206,1,5,4.8,48.2396,16.42983
169.0,257543717,Donaustadt,Entire rental unit,Entire home/apt,4,401.0,24,1,1.0,1,249,1,1,5.0,48.23885,16.42954
128.33,37177703,Donaustadt,Entire condo,Entire home/apt,4,501.0,52,1,1.5,3,276,1,32,4.91,48.22552969369942,16.423905857571196
178.2,257543717,Donaustadt,Entire rental unit,Entire home/apt,4,440.0,25,1,1.0,1,258,1,6,4.83,48.23833,16.42975
164.33,196835972,Leopoldstadt,Entire rental unit,Entire home/apt,2,347.0,6,1,1.0,3,173,0,1,5.0,48.2162241,16.3916955
13.6,109659350,Rudolfsheim-Fünfhaus,Entire rental unit,Entire home/apt,2,445.0,40,1,1.0,93,120,0,15,5.0,48.1883,16.32402
58.48,385064248,Margareten,Entire rental unit,Entire home/apt,4,269.0,28,2,1.5,60,128,0,2,4.0,48.18618499999999,16.3663574
166.0,66040140,Rudolfsheim-Fünfhaus,Entire rental unit,Entire home/apt,4,460.0,41,1,1.0,1,351,0,112,4.75,48.19669,16.32958
164.91,385064248,Margareten,Entire rental unit,Entire home/apt,4,304.0,27,2,1.5,30,36,0,1,4.0,48.1905845,16.3569781
210.0,7771370,Meidling,Entire rental unit,Entire home/apt,6,455.0,34,2,1.5,3,8,0,25,5.0,48.18369,16.34181
89.33,468133069,Landstraße,Entire rental unit,Entire home/apt,2,317.0,20,1,1.0,3,151,0,59,4.69,48.19153,16.38729
20.81,23788402,Ottakring,Entire rental unit,Entire home/apt,5,541.0,56,1,1.5,91,261,0,39,4.74,48.20789,16.33369
191.0,153864304,Brigittenau,Entire vacation home,Entire home/apt,7,60.0,30,2,1.0,1,340,0,22,4.73,48.23979187011719,16.3864803314209
85.5,323853836,Rudolfsheim-Fünfhaus,Entire rental unit,Entire home/apt,3,344.0,35,1,1.5,2,74,0,197,4.7,48.19589,16.33246
36.07,30483130,Hernals,Entire condo,Entire home/apt,2,0.0,40,1,1.0,45,178,1,8,5.0,48.22024,16.32709
20.92,5874520,Leopoldstadt,Entire rental unit,Entire home/apt,2,380.0,23,1,1.0,60,358,0,4,4.75,48.21933,16.37647
103.0,567354078,Meidling,Entire rental unit,Entire home/apt,2,400.0,40,1,1.5,3,179,0,5,5.0,48.1716826,16.3322469
155.0,12042830,Donaustadt,Entire cottage,Entire home/apt,4,58.0,28,2,0.5,1,145,0,12,4.75,48.24411,16.42891
148.0,1547126,Neubau,Entire rental unit,Entire home/apt,4,59.0,49,1,1.0,1,349,1,19,4.84,48.20043532156711,16.349427638964222
157.0,742557461,Leopoldstadt,Entire rental unit,Entire home/apt,4,490.0,61,2,1.0,2,274,0,1,5.0,48.21634,16.38941
38.59,456597219,Meidling,Entire condo,Entire home/apt,3,468.0,42,1,1.0,35,362,0,33,4.82,48.180099,16.341639
102.0,481490724,Währing,Entire rental unit,Entire home/apt,2,509.0,38,1,1.0,1,202,0,112,4.68,48.22003,16.3407
145.25,84517841,Rudolfsheim-Fünfhaus,Entire rental unit,Entire home/apt,2,152.0,23,1,1.0,4,10,0,5,5.0,48.19372,16.33175
228.0,115915838,Neubau,Room in boutique hotel,Private room,3,352.0,33,1,1.0,1,336,0,44,4.34,48.197769,16.347467
60.87,1781232,Rudolfsheim-Fünfhaus,Entire rental unit,Entire home/apt,2,494.0,33,1,1.0,30,362,1,7,4.71,48.199153874153374,16.33445639659986
203.0,27310268,Donaustadt,Entire home,Entire home/apt,4,519.0,48,2,1.0,1,127,0,3,5.0,48.22803,16.45457
22.89,167430222,Alsergrund,Entire rental unit,Entire home/apt,3,243.0,32,1,1.0,90,247,1,22,4.59,48.230987,16.3568997
101.0,129960877,Leopoldstadt,Entire rental unit,Entire home/apt,2,276.0,37,1,1.0,1,341,0,369,4.79,48.2199732,16.3736391
93.0,222345303,Donaustadt,Entire rental unit,Entire home/apt,4,484.0,31,1,1.0,1,364,0,5,5.0,48.2470240974391,16.4375577705319
128.0,682285627,Landstraße,Entire rental unit,Entire home/apt,8,391.0,26,3,1.0,1,358,0,15,4.13,48.19349,16.38981
206.0,502789530,Leopoldstadt,Entire rental unit,Entire home/apt,4,453.0,40,2,1.0,2,142,0,63,4.76,48.220465951769135,16.38928094325229
13.6,109659350,Rudolfsheim-Fünfhaus,Entire rental unit,Entire home/apt,2,416.0,40,1,1.0,93,118,0,9,4.78,48.18767,16.32343
125.0,682285627,Landstraße,Entire rental unit,Entire home/apt,7,404.0,32,3,1.0,1,358,0,4,4.25,48.19525,16.38963
39.81,360208373,Favoriten,Entire rental unit,Entire home/apt,4,493.0,25,1,1.0,6,121,0,109,4.8,48.17472,16.38069
40.42,809077,Margareten,Entire rental unit,Entire home/apt,3,475.0,39,1,1.0,56,198,1,45,4.89,48.19461,16.35956
150.0,68363244,Mariahilf,Entire rental unit,Entire home/apt,5,487.0,33,2,1.0,3,31,0,3,5.0,48.19445,16.34006
198.0,809077,Margareten,Entire rental unit,Entire home/apt,7,397.0,45,2,2.5,3,180,1,51,4.96,48.19527,16.36052
80.25,28154022,Neubau,Entire rental unit,Entire home/apt,4,493.0,51,1,1.5,4,8,1,215,4.95,48.20667,16.34129
13.67,109659350,Hernals,Entire rental unit,Entire home/apt,2,417.0,41,1,1.0,93,259,0,8,4.88,48.21853,16.32384
147.0,300246929,Mariahilf,Entire rental unit,Entire home/apt,2,517.0,46,1,1.0,1,236,0,257,4.49,48.19693374633789,16.356887817382812
129.0,376179252,Margareten,Entire rental unit,Entire home/apt,6,354.0,51,2,1.5,4,17,1,25,4.56,48.19334,16.35847
87.5,323853836,Rudolfsheim-Fünfhaus,Entire condo,Entire home/apt,3,283.0,32,1,1.5,2,101,0,56,4.79,48.19546,16.33174
59.24,62220845,Penzing,Entire condo,Entire home/apt,6,493.0,35,3,1.5,60,121,0,14,5.0,48.19042,16.31066
51.32,12833493,Margareten,Entire rental unit,Entire home/apt,3,416.0,30,1,1.0,32,33,0,133,4.69,48.19514,16.35473
38.63,5874520,Döbling,Entire rental unit,Entire home/apt,2,441.0,17,2,2.0,35,358,0,1,5.0,48.24371,16.3342
111.33,131671188,Alsergrund,Entire rental unit,Entire home/apt,8,424.0,44,2,1.5,3,215,0,182,4.76,48.22574,16.35007
19.68,5874520,Döbling,Entire rental unit,Entire home/apt,2,264.0,27,1,1.0,60,169,0,3,5.0,48.24332,16.33347
72.0,372625323,Döbling,Entire serviced apartment,Entire home/apt,2,414.0,37,1,1.0,14,313,0,13,4.85,48.24587,16.34192
88.0,540236834,Liesing,Entire rental unit,Entire home/apt,3,430.0,35,1,1.0,1,267,0,1,5.0,48.13705,16.31911
160.0,27532582,Währing,Entire rental unit,Entire home/apt,8,287.0,30,3,1.0,2,84,0,313,4.73,48.22415,16.33783
130.0,151869337,Favoriten,Entire rental unit,Entire home/apt,4,266.0,48,1,1.5,1,11,0,21,4.29,48.17411,16.38115
195.5,492107358,Simmering,Entire rental unit,Entire home/apt,4,500.0,55,2,1.0,2,231,0,84,4.62,48.17979,16.41849
228.0,705260841,Leopoldstadt,Entire rental unit,Entire home/apt,4,59.0,34,1,1.0,1,30,0,1,5.0,48.21842,16.40811
142.0,20154547,Simmering,Entire rental unit,Entire home/apt,2,280.0,46,1,1.5,2,90,1,11,4.91,48.17729,16.41185
125.0,83843720,Simmering,Entire rental unit,Entire home/apt,2,482.0,33,1,1.0,1,361,0,10,4.7,48.168438238496336,16.42648800607371
91.33,14415540,Simmering,Entire rental unit,Entire home/apt,7,444.0,49,2,1.0,3,120,0,142,4.71,48.17487,16.4249
707.0,5893550,Landstraße,Entire rental unit,Entire home/apt,2,473.0,24,1,1.0,2,177,0,83,4.66,48.19539,16.40905
117.5,540236834,Penzing,Entire rental unit,Entire home/apt,4,411.0,32,1,1.0,2,153,0,2,2.5,48.19705,16.28029
90.5,274810580,Leopoldstadt,Entire rental unit,Entire home/apt,2,198.0,28,1,1.5,6,179,0,12,4.17,48.21615,16.41628
79.0,537086875,Simmering,Entire rental unit,Entire home/apt,2,437.0,37,1,1.0,1,66,1,30,4.67,48.1764804,16.4119695
214.0,706263647,Simmering,Entire rental unit,Entire home/apt,5,177.0,31,3,2.0,1,198,0,11,4.73,48.18346804532701,16.408303795106487
133.33,128948649,Favoriten,Entire rental unit,Entire home/apt,4,553.0,27,2,1.0,3,252,1,226,4.8,48.17407,16.38026
62.12,120885409,Hernals,Entire rental unit,Entire home/apt,4,481.0,48,1,1.0,3,281,1,85,4.92,48.21744,16.3384
99.0,473779995,Mariahilf,Entire serviced apartment,Entire home/apt,3,350.0,46,1,1.5,2,321,0,220,4.73,48.19438,16.35239
172.0,569666702,Favoriten,Entire rental unit,Entire home/apt,4,537.0,39,2,1.0,1,188,1,51,4.96,48.16427,16.38395
133.0,483943564,Favoriten,Entire rental unit,Entire home/apt,5,488.0,28,1,1.5,1,284,0,476,4.79,48.16871,16.38035
228.0,282066038,Landstraße,Entire rental unit,Entire home/apt,6,356.0,39,3,1.0,1,107,1,299,4.82,48.18765,16.38578
188.0,103028422,Favoriten,Entire rental unit,Entire home/apt,6,448.0,43,2,1.0,1,76,1,16,4.94,48.16659,16.38082
110.0,405760182,Favoriten,Entire rental unit,Entire home/apt,3,501.0,38,1,1.0,1,39,0,197,4.63,48.17267377646869,16.39401244240869
159.77,47886296,Landstraße,Entire rental unit,Entire home/apt,4,204.0,47,2,1.5,2,287,0,123,4.81,48.19056405275073,16.390621159749603
252.5,103028422,Favoriten,Entire rental unit,Entire home/apt,6,504.0,42,2,1.0,1,62,1,107,4.88,48.16635,16.3821
83.0,549331758,Favoriten,Entire rental unit,Entire home/apt,2,332.0,21,1,1.0,1,168,0,212,4.82,48.1735058,16.3894297
86.0,103028422,Favoriten,Entire rental unit,Entire home/apt,4,502.0,41,1,1.0,2,74,1,87,4.89,48.16544,16.38148
60.0,300524668,Landstraße,Private room in condo,Private room,1,95.0,44,1,1.0,1,27,1,348,4.99,48.19064,16.38858
80.0,103028422,Favoriten,Entire rental unit,Entire home/apt,2,510.0,42,1,1.0,2,171,1,231,4.7,48.16575,16.38211
147.21,409241560,Simmering,Entire rental unit,Entire home/apt,6,450.0,10,2,1.0,1,212,0,4,3.75,48.17297,16.41945
91.2,540236834,Simmering,Entire rental unit,Entire home/apt,4,59.0,26,1,1.0,1,152,0,1,2.0,48.17479790690112,16.411151944218147
133.0,518644,Margareten,Entire rental unit,Entire home/apt,2,575.0,38,1,1.0,1,259,0,130,4.54,48.19346,16.35907
134.0,91619318,Landstraße,Entire condo,Entire home/apt,4,468.0,36,1,1.0,1,160,0,179,4.6,48.19124,16.38961
119.5,548077465,Landstraße,Entire rental unit,Entire home/apt,6,73.0,38,1,1.0,1,223,0,9,5.0,48.18939,16.38824
182.67,348669439,Döbling,Entire rental unit,Entire home/apt,4,421.0,48,2,1.0,2,137,0,24,5.0,48.24504,16.33665
104.42,31612970,Döbling,Entire rental unit,Entire home/apt,3,238.0,38,1,1.0,2,350,1,78,4.83,48.24533,16.35234
85.59,468133069,Landstraße,Entire rental unit,Entire home/apt,2,317.0,24,1,1.0,3,124,0,64,4.66,48.19090719583201,16.388919136292493
160.0,483943564,Favoriten,Entire rental unit,Entire home/apt,6,472.0,31,2,1.5,1,345,0,348,4.68,48.16868,16.37987
149.0,103028422,Favoriten,Entire rental unit,Entire home/apt,10,513.0,46,3,1.0,1,168,1,138,4.8,48.16455,16.38117
122.0,547677118,Simmering,Entire rental unit,Entire home/apt,3,428.0,33,1,1.0,1,11,0,127,4.65,48.17481,16.4063
160.0,702010244,Landstraße,Entire serviced apartment,Entire home/apt,4,297.0,47,1,1.0,2,356,1,4,5.0,48.1904951,16.4055165
95.33,572315552,Favoriten,Entire rental unit,Entire home/apt,4,345.0,48,1,1.0,3,57,1,69,4.75,48.17516260000001,16.3677962
180.0,55526687,Landstraße,Entire rental unit,Entire home/apt,6,401.0,50,2,2.0,2,361,0,23,4.91,48.19979,16.39649
99.86,47886296,Brigittenau,Entire rental unit,Entire home/apt,4,512.0,46,2,1.0,1,297,0,146,4.7,48.237050600407606,16.382038979705253
194.0,9364433,Landstraße,Entire condo,Entire home/apt,4,455.0,38,2,1.0,1,118,0,169,4.92,48.19106,16.38482
200.0,222345303,Donaustadt,Entire rental unit,Entire home/apt,6,409.0,32,2,1.0,1,328,0,2,5.0,48.24678009604036,16.438812013471736
285.5,1680340587503134330,Floridsdorf,Entire home,Entire home/apt,7,457.0,39,3,2.0,2,329,0,1,5.0,48.243815896983946,16.401401348412037
108.5,193249667,Simmering,Entire rental unit,Entire home/apt,2,498.0,30,1,1.0,2,228,1,123,4.79,48.1831383,16.4058381
105.0,127138376,Döbling,Entire rental unit,Entire home/apt,4,59.0,43,2,1.0,1,172,0,2,4.5,48.247373091139714,16.33822969865
126.5,31612970,Döbling,Entire rental unit,Entire home/apt,4,525.0,33,2,1.0,2,339,1,308,4.78,48.24443,16.35312
116.0,690727905,Liesing,Entire rental unit,Entire home/apt,4,60.0,21,1,1.0,2,56,0,2,5.0,48.14772,16.30836
133.0,580471127,Innere Stadt,Entire rental unit,Entire home/apt,2,346.0,8,1,1.0,1,363,0,232,4.31,48.20672,16.36659
223.0,548712989,Döbling,Entire rental unit,Entire home/apt,3,133.0,50,1,1.0,2,268,1,14,5.0,48.2462497,16.3454051
142.67,221899804,Favoriten,Entire rental unit,Entire home/apt,2,253.0,34,1,1.0,3,50,0,16,5.0,48.18544,16.38013
60.5,468133069,Landstraße,Entire rental unit,Entire home/apt,2,341.0,20,1,1.0,5,135,0,10,4.7,48.19108651443709,16.38913180374523
102.93,127138376,Döbling,Entire rental unit,Entire home/apt,4,86.0,41,2,1.0,1,269,0,1,4.0,48.246425,16.3390521
88.0,173040272,Landstraße,Entire rental unit,Entire home/apt,2,197.0,50,1,1.5,2,69,0,150,4.85,48.189612477113606,16.390464641153812
106.0,452281710,Simmering,Entire rental unit,Entire home/apt,3,516.0,52,1,1.0,1,59,1,160,4.92,48.18446,16.40635
131.62,326391640,Brigittenau,Entire rental unit,Entire home/apt,4,451.0,27,1,1.0,2,263,1,163,4.93,48.23521,16.3797
242.5,732455248,Floridsdorf,Entire home,Entire home/apt,7,550.0,49,3,1.5,2,351,0,10,4.8,48.24374299999999,16.4008417
148.4,5905672,Leopoldstadt,Entire rental unit,Entire home/apt,2,49.0,28,1,1.0,5,365,0,2,4.5,48.21723,16.38707
107.0,21901151,Meidling,Entire rental unit,Entire home/apt,4,374.0,47,1,1.5,1,129,1,153,4.99,48.1652782,16.30463
131.5,67209465,Floridsdorf,Entire rental unit,Entire home/apt,2,433.0,55,1,1.5,2,206,0,12,5.0,48.24191,16.40549
205.0,424267568,Donaustadt,Entire rental unit,Entire home/apt,6,440.0,18,2,1.0,1,286,0,3,5.0,48.2241075,16.470942
123.0,52012825,Döbling,Entire condo,Entire home/apt,3,165.0,59,1,1.0,2,99,1,44,4.91,48.24782,16.32808
109.0,53178880,Brigittenau,Entire rental unit,Entire home/apt,4,51.0,47,2,1.0,1,244,0,128,4.73,48.233105,16.365782
190.5,8780914,Leopoldstadt,Shared room in condo,Shared room,1,412.0,41,1,1.0,2,87,0,4,5.0,48.21958,16.39502
134.67,92979273,Leopoldstadt,Entire rental unit,Entire home/apt,4,485.0,26,1,1.0,3,343,1,103,4.66,48.22352,16.3978
167.0,214475924,Innere Stadt,Private room in pension,Private room,3,484.0,18,1,0.0,1,234,1,1,5.0,48.20383,16.37066
216.0,269780920,Alsergrund,Entire rental unit,Entire home/apt,8,377.0,50,2,2.0,1,319,0,204,4.68,48.22706,16.36272
109.0,270804594,Meidling,Entire rental unit,Entire home/apt,4,408.0,46,1,1.0,1,268,0,229,4.74,48.17337,16.31875
95.95,8632750,Favoriten,Entire serviced apartment,Entire home/apt,4,410.0,48,1,2.0,31,111,0,6,4.0,48.18507,16.38297
176.0,120675973,Hernals,Entire condo,Entire home/apt,4,415.0,44,1,1.0,1,35,0,303,4.89,48.21725,16.32123
170.0,504997811,Meidling,Entire rental unit,Entire home/apt,6,338.0,21,2,1.5,1,351,0,8,4.88,48.16367011162168,16.316691457899235
200.85,861392,Brigittenau,Entire rental unit,Entire home/apt,6,511.0,38,3,1.0,1,151,1,59,4.65,48.22727966308594,16.37061309814453
73.7,18235698,Döbling,Entire rental unit,Entire home/apt,4,495.0,58,2,1.5,30,262,1,131,4.98,48.24009,16.3373
38.0,368444428,Landstraße,Shared room in hostel,Shared room,1,498.0,12,1,3.0,1,337,0,15,4.33,48.1916,16.39869
133.0,702010244,Landstraße,Entire rental unit,Entire home/apt,2,303.0,42,1,1.0,2,357,1,24,4.92,48.1904951,16.4055165
79.3,289721007,Favoriten,Entire rental unit,Entire home/apt,2,210.0,42,1,1.0,30,292,0,1,5.0,48.1842392,16.3841931
105.0,504997811,Meidling,Entire rental unit,Entire home/apt,4,338.0,17,1,1.0,1,352,0,1,4.0,48.16392156293716,16.314404169871377
95.49,221570120,Landstraße,Entire rental unit,Entire home/apt,3,529.0,41,1,1.0,1,228,0,193,4.68,48.20761,16.39192
194.0,716067498,Landstraße,Entire rental unit,Entire home/apt,4,478.0,41,1,1.0,1,258,0,31,4.97,48.2105687,16.3907143
68.5,468133069,Landstraße,Entire rental unit,Entire home/apt,2,300.0,19,1,1.0,14,154,0,11,4.36,48.191075836656594,16.388965712627144
108.5,435063479,Floridsdorf,Entire rental unit,Entire home/apt,2,494.0,24,1,1.0,2,364,0,1,4.0,48.26260414319589,16.440208807570457
109.0,270804594,Meidling,Entire rental unit,Entire home/apt,4,356.0,44,1,1.0,1,316,0,278,4.67,48.17174,16.32005
124.39,15629634,Leopoldstadt,Entire rental unit,Entire home/apt,4,503.0,39,1,1.0,1,132,1,3,5.0,48.22067,16.38396
181.45,181111595,Landstraße,Entire condo,Entire home/apt,4,296.0,30,1,1.0,2,48,1,107,4.91,48.1890869140625,16.3863582611084
150.33,251478580,Landstraße,Entire rental unit,Entire home/apt,4,182.0,56,2,1.5,3,112,0,67,4.82,48.18971,16.38855
59.12,146752726,Ottakring,Entire rental unit,Entire home/apt,2,342.0,32,1,1.0,2,261,1,133,4.89,48.21448,16.31225
40.0,572660263,Favoriten,Private room in rental unit,Private room,2,357.0,3,1,1.0,1,360,0,1,1.0,48.17871,16.38033
123.25,24968474,Landstraße,Entire rental unit,Entire home/apt,4,339.0,48,1,1.0,1,128,0,72,4.81,48.1888,16.38723
115.5,287554080,Hernals,Entire rental unit,Entire home/apt,2,302.0,40,1,1.0,2,53,1,5,5.0,48.2220751,16.332412
112.0,571632714,Penzing,Entire rental unit,Entire home/apt,6,325.0,47,1,1.0,1,146,1,99,4.82,48.197835971763965,16.30651978415863
66.25,13563663,Alsergrund,Private room in rental unit,Private room,1,490.0,30,1,1.5,3,15,0,6,4.83,48.2231671,16.3540886
248.0,383107369,Leopoldstadt,Room in hotel,Private room,5,484.0,21,1,1.0,1,203,1,7,5.0,48.21448,16.40597
110.0,24160459,Alsergrund,Entire rental unit,Entire home/apt,3,483.0,27,1,1.0,2,286,1,285,4.84,48.22437,16.35378
120.0,551661125,Landstraße,Entire rental unit,Entire home/apt,5,394.0,25,1,1.0,3,257,0,34,4.74,48.2054501,16.3948908
120.0,10847088,Währing,Entire rental unit,Entire home/apt,2,487.0,31,1,0.0,2,339,1,127,4.86,48.22921,16.3391
171.5,518673970,Alsergrund,Entire rental unit,Entire home/apt,4,421.0,27,2,2.5,2,68,1,125,4.88,48.22559700491454,16.356917059524555
107.5,282016439,Alsergrund,Entire rental unit,Entire home/apt,4,530.0,24,1,1.0,2,15,1,66,4.83,48.22493,16.36383
141.0,449505611,Meidling,Entire rental unit,Entire home/apt,2,50.0,47,1,1.0,1,360,0,15,4.53,48.15985,16.31032
121.45,66040140,Penzing,Entire loft,Entire home/apt,4,78.0,39,1,1.0,1,338,0,281,4.71,48.19375,16.30229
228.5,241936683,Favoriten,Entire rental unit,Entire home/apt,5,476.0,61,2,1.0,2,6,1,29,4.83,48.17671053275113,16.38135116547346
181.6,3974088,Währing,Entire rental unit,Entire home/apt,1,289.0,49,1,1.0,1,17,0,100,5.0,48.23087053694076,16.347352836351376
174.0,19912070,Innere Stadt,Entire rental unit,Entire home/apt,2,357.0,52,1,1.5,2,265,1,462,4.84,48.20855,16.3712
456.67,61486927,Landstraße,Entire condo,Entire home/apt,6,444.0,46,3,2.0,2,306,1,113,4.88,48.20849,16.39212
141.5,702010244,Landstraße,Entire serviced apartment,Entire home/apt,2,256.0,43,1,1.0,1,52,1,1,5.0,48.1904951,16.4055165
239.5,743398,Landstraße,Entire rental unit,Entire home/apt,6,422.0,29,1,1.0,2,318,0,119,4.72,48.19852,16.40639
137.0,222345303,Donaustadt,Entire rental unit,Entire home/apt,4,438.0,30,1,1.0,1,332,0,28,4.71,48.2556184298955,16.450638222595664
190.33,4865438,Leopoldstadt,Entire condo,Entire home/apt,4,502.0,32,1,1.0,3,127,0,19,4.26,48.2236,16.39986
78.0,549331758,Favoriten,Entire rental unit,Entire home/apt,2,355.0,30,1,1.0,1,134,0,213,4.72,48.1735058,16.3894297
82.0,313423785,Leopoldstadt,Entire rental unit,Entire home/apt,4,129.0,42,1,1.0,1,323,1,167,4.69,48.220906813359946,16.399717478539934
128.0,571632714,Penzing,Entire rental unit,Entire home/apt,6,328.0,47,2,1.0,1,166,1,96,4.78,48.19819117176377,16.305919222541878
139.57,315922488,Hernals,Entire rental unit,Entire home/apt,5,367.0,31,1,1.5,2,340,0,21,4.95,48.21685,16.32487
258.33,29870801,Landstraße,Entire condo,Entire home/apt,4,329.0,29,2,1.5,3,213,0,365,4.95,48.20197,16.38426
179.0,59773276,Penzing,Entire rental unit,Entire home/apt,3,429.0,54,1,1.0,3,362,1,108,4.97,48.18979,16.30891
32.0,754484813,Liesing,Private room in rental unit,Private room,2,409.0,25,1,1.0,1,24,0,2,3.0,48.14654,16.29763
197.0,151869337,Donaustadt,Entire rental unit,Entire home/apt,3,269.0,39,1,1.0,1,344,0,27,4.59,48.23207778970566,16.442643982841354
451.0,15911869,Landstraße,Entire condo,Entire home/apt,9,483.0,41,5,2.5,2,186,1,287,4.92,48.19927,16.38324
124.0,1643928,Landstraße,Entire rental unit,Entire home/apt,2,345.0,39,1,1.0,1,251,0,378,4.67,48.1998,16.38021
142.0,720292812,Leopoldstadt,Entire serviced apartment,Entire home/apt,3,220.0,36,1,1.0,1,332,0,115,4.78,48.23073,16.38832
151.0,116700689,Alsergrund,Entire rental unit,Entire home/apt,4,304.0,46,1,1.0,1,354,0,4,4.0,48.21493,16.35547
234.5,4135984,Hernals,Entire rental unit,Entire home/apt,5,454.0,44,2,1.5,2,26,0,24,4.88,48.2243591,16.3303606
49.55,657257173,Favoriten,Entire rental unit,Entire home/apt,4,548.0,30,1,1.0,30,124,0,92,4.46,48.17351,16.38445
106.0,704489850,Alsergrund,Entire rental unit,Entire home/apt,3,344.0,15,2,1.0,1,349,0,3,3.67,48.21933,16.35711
80.55,473779995,Hernals,Entire serviced apartment,Entire home/apt,3,351.0,54,1,1.5,2,349,0,93,4.76,48.22055,16.33044
106.59,14391403,Brigittenau,Entire rental unit,Entire home/apt,2,516.0,37,1,1.5,2,132,0,373,4.86,48.2285,16.36505
107.0,353271266,Brigittenau,Entire rental unit,Entire home/apt,2,505.0,26,1,1.0,1,177,1,64,4.86,48.23298,16.38649
400.0,494977598,Donaustadt,Entire home,Entire home/apt,4,326.0,47,1,1.0,1,89,0,4,4.75,48.22910220599683,16.436214842482602
95.0,465308005,Brigittenau,Entire rental unit,Entire home/apt,2,480.0,21,1,1.0,1,163,0,2,5.0,48.23258922572767,16.387874451379673
137.0,125881761,Hernals,Entire condo,Entire home/apt,4,295.0,28,2,1.0,2,174,1,99,4.9,48.2222,16.33487
89.33,92979273,Leopoldstadt,Entire rental unit,Entire home/apt,2,54.0,24,1,1.0,3,309,1,117,4.8,48.22457,16.40141
188.5,56872478,Landstraße,Entire rental unit,Entire home/apt,4,0.0,44,1,1.5,2,14,0,6,5.0,48.20607,16.38603
120.5,18962765,Währing,Entire condo,Entire home/apt,4,215.0,45,1,1.5,2,167,1,193,4.84,48.23359,16.32879
71.5,545712919,Liesing,Entire rental unit,Entire home/apt,2,372.0,26,1,1.0,2,359,0,22,4.77,48.14487,16.29902
200.5,107997171,Landstraße,Entire rental unit,Entire home/apt,8,413.0,46,2,2.0,1,338,1,258,4.92,48.20468,16.39401
159.0,189895939,Leopoldstadt,Entire rental unit,Entire home/apt,6,432.0,41,2,1.0,1,309,1,330,4.82,48.2236184,16.4005343
48.78,323912303,Döbling,Entire rental unit,Entire home/apt,4,412.0,47,1,1.0,15,43,1,47,4.91,48.24463,16.36072
112.98,495323383,Leopoldstadt,Entire rental unit,Entire home/apt,6,202.0,30,2,1.0,1,352,0,14,4.64,48.22306053686359,16.401665515041614
175.0,695326356,Innere Stadt,Entire serviced apartment,Entire home/apt,2,477.0,18,1,1.0,1,325,1,18,5.0,48.20765,16.37426
113.5,8062107,Meidling,Entire rental unit,Entire home/apt,4,447.0,35,1,1.0,2,197,1,243,4.96,48.18328,16.34363
181.45,1671710163618072484,Favoriten,Entire rental unit,Entire home/apt,5,453.0,44,2,1.0,1,211,0,2,5.0,48.17531,16.36398
89.0,589598935,Rudolfsheim-Fünfhaus,Entire rental unit,Entire home/apt,8,521.0,32,3,1.0,1,330,0,2,4.5,48.19261776409901,16.32942495758739
249.0,116700689,Alsergrund,Entire rental unit,Entire home/apt,8,0.0,44,3,2.0,1,345,0,2,5.0,48.21691,16.35543
274.34,426354078,Alsergrund,Entire rental unit,Entire home/apt,14,440.0,43,4,2.0,2,235,1,117,4.91,48.22375,16.34962
234.0,206196525,Leopoldstadt,Entire condo,Entire home/apt,2,488.0,37,1,1.0,1,66,1,243,4.97,48.22061,16.37555
76.46,205828749,Ottakring,Entire condo,Entire home/apt,3,274.0,36,1,1.0,1,24,0,132,4.89,48.20609,16.32257
82.0,270804594,Meidling,Entire rental unit,Entire home/apt,4,441.0,46,1,1.0,1,309,0,207,4.61,48.17146,16.31996
123.25,92979273,Leopoldstadt,Entire rental unit,Entire home/apt,3,252.0,36,2,1.0,3,326,1,102,4.81,48.22244,16.39968
99.5,145924174,Alsergrund,Entire rental unit,Entire home/apt,2,118.0,24,1,1.0,2,55,0,199,4.8,48.22576,16.35606
109.0,270804594,Meidling,Entire rental unit,Entire home/apt,2,274.0,44,1,1.0,1,310,0,274,4.54,48.17358,16.31934
101.0,429229028,Brigittenau,Entire rental unit,Entire home/apt,4,478.0,41,1,1.0,1,339,0,130,4.72,48.23108,16.38811
132.0,47644816,Brigittenau,Entire loft,Entire home/apt,6,372.0,41,2,1.0,1,249,1,78,4.4,48.23367,16.38708
146.45,153791533,Leopoldstadt,Entire rental unit,Entire home/apt,6,401.0,38,2,1.0,1,303,0,116,4.87,48.2222157,16.3743505
89.0,53178880,Brigittenau,Entire rental unit,Entire home/apt,2,201.0,40,1,1.0,1,231,0,19,4.16,48.2331243,16.3656791
192.86,861392,Brigittenau,Entire rental unit,Entire home/apt,8,234.0,34,3,1.0,1,54,1,169,4.78,48.22728,16.37061
744.0,71903645,Josefstadt,Entire rental unit,Entire home/apt,4,0.0,27,2,1.5,2,83,0,206,4.92,48.20752,16.34759
104.0,189895939,Brigittenau,Entire rental unit,Entire home/apt,6,484.0,44,2,1.0,1,233,1,643,4.7,48.23444,16.3901
64.0,545861056,Favoriten,Entire rental unit,Entire home/apt,2,445.0,36,1,1.0,1,129,1,3,4.33,48.17401,16.36491
190.0,351699321,Landstraße,Entire rental unit,Entire home/apt,3,299.0,35,1,1.0,1,102,0,43,4.86,48.20955855581239,16.3933891269611
150.0,64627440,Landstraße,Entire rental unit,Entire home/apt,4,456.0,42,1,1.0,1,279,1,1,5.0,48.19593,16.39483
171.6,66040140,Leopoldstadt,Entire serviced apartment,Entire home/apt,5,460.0,41,2,1.0,1,113,0,115,4.76,48.22065,16.4031
88.0,270804594,Meidling,Entire rental unit,Entire home/apt,2,295.0,45,1,1.0,1,279,0,307,4.59,48.17192,16.319
174.0,227232876,Favoriten,Entire rental unit,Entire home/apt,4,432.0,17,2,1.0,1,306,1,9,4.56,48.1769444,16.3568536
115.0,686424892,Brigittenau,Entire rental unit,Entire home/apt,4,269.0,13,1,1.0,2,79,0,9,4.78,48.2324735,16.3887426
108.0,582153628,Liesing,Entire rental unit,Entire home/apt,6,59.0,35,2,1.0,1,177,0,9,4.56,48.13440652394012,16.310836635332315
115.0,235195974,Meidling,Entire rental unit,Entire home/apt,4,527.0,35,2,1.0,1,209,1,429,4.83,48.18427,16.34407
138.5,67605708,Leopoldstadt,Entire rental unit,Entire home/apt,2,303.0,13,1,1.5,2,299,0,25,4.88,48.22069,16.37396
70.0,504997811,Meidling,Entire rental unit,Entire home/apt,2,338.0,17,1,1.0,1,364,0,15,4.73,48.1641784,16.3155445
113.03,7827549,Ottakring,Entire condo,Entire home/apt,3,493.0,52,1,1.0,2,59,1,144,4.78,48.2085892,16.3247049
175.0,1547126,Innere Stadt,Entire rental unit,Entire home/apt,6,462.0,18,2,1.0,1,328,1,9,4.0,48.21403,16.36161
73.0,549331758,Favoriten,Entire rental unit,Entire home/apt,2,332.0,32,1,1.0,1,180,0,248,4.74,48.1735058,16.3894297
173.0,337191377,Landstraße,Entire rental unit,Entire home/apt,5,502.0,66,1,1.0,2,307,1,253,4.88,48.20505,16.39415
293.0,116700689,Alsergrund,Entire rental unit,Entire home/apt,4,44.0,46,1,1.5,1,330,0,1,5.0,48.21695,16.35702
369.0,29986812,Leopoldstadt,Entire rental unit,Entire home/apt,7,177.0,50,2,2.0,2,273,1,157,4.94,48.22203,16.3758
89.67,36755984,Meidling,Entire condo,Entire home/apt,2,143.0,45,1,1.0,3,65,0,12,4.92,48.17729,16.32972
218.0,38054509,Alsergrund,Entire rental unit,Entire home/apt,7,366.0,37,3,2.0,2,187,1,413,4.79,48.2235,16.35277
83.0,664204728,Donaustadt,Entire rental unit,Entire home/apt,2,492.0,19,1,1.0,1,239,0,1,3.0,48.2267,16.45493
84.0,147647380,Landstraße,Entire condo,Entire home/apt,2,290.0,47,1,1.0,1,84,1,76,4.95,48.19957413930771,16.402474232017994
163.0,139226463,Währing,Entire rental unit,Entire home/apt,2,231.0,17,1,1.0,2,53,1,236,4.93,48.22345,16.34322
729.5,548674689,Favoriten,Entire rental unit,Entire home/apt,10,574.0,50,5,5.0,1,161,1,7,4.86,48.17177720000004,16.390818069836413
217.5,38054509,Alsergrund,Entire rental unit,Entire home/apt,7,0.0,35,2,2.0,2,256,1,397,4.85,48.22363,16.35267
38.0,368444428,Landstraße,Shared room in hostel,Shared room,1,498.0,12,1,4.0,1,318,0,7,4.43,48.19235,16.40016
197.59,248432325,Meidling,Entire loft,Entire home/apt,4,456.0,56,1,1.0,1,133,1,214,4.93,48.17172,16.32652
80.0,16038716,Meidling,Entire condo,Entire home/apt,4,330.0,26,1,1.0,2,126,1,31,4.74,48.17686,16.33344
184.95,122351049,Landstraße,Entire rental unit,Entire home/apt,4,319.0,37,2,1.5,2,143,1,81,4.85,48.1980313,16.4006788
38.0,368444428,Landstraße,Shared room in hostel,Shared room,1,498.0,12,14,4.0,1,336,0,14,4.29,48.193,16.40018
183.0,122236588,Hernals,Entire rental unit,Entire home/apt,4,0.0,50,1,1.0,1,363,1,9,5.0,48.2222324,16.3350916
93.5,571405647,Penzing,Entire rental unit,Entire home/apt,4,440.0,42,1,1.0,1,363,1,45,4.76,48.19501,16.2998
91.29,221195882,Landstraße,Entire rental unit,Entire home/apt,2,487.0,33,1,1.0,2,76,1,77,4.95,48.19718,16.39377
68.0,348645582,Meidling,Entire rental unit,Entire home/apt,2,68.0,17,1,1.0,2,249,1,215,4.8,48.17605,16.32673
126.0,571632714,Penzing,Entire rental unit,Entire home/apt,8,328.0,47,1,1.0,1,147,1,83,4.75,48.1968,16.30656
103.0,26639801,Landstraße,Entire rental unit,Entire home/apt,2,479.0,23,1,1.0,2,213,1,927,4.85,48.20386,16.39336
81.48,194157324,Ottakring,Entire rental unit,Entire home/apt,2,271.0,21,1,1.0,5,90,1,16,5.0,48.2191699,16.3090204
170.0,484208226,Währing,Entire rental unit,Entire home/apt,4,425.0,36,1,1.0,1,318,1,84,4.92,48.22092825685646,16.33876034553833
26.95,143669966,Rudolfsheim-Fünfhaus,Private room in rental unit,Private room,1,60.0,43,2,1.5,30,210,0,3,5.0,48.18767,16.32329
258.0,504574705,Landstraße,Entire vacation home,Entire home/apt,6,432.0,15,2,1.0,2,347,0,9,4.78,48.19472739746014,16.40031196735422
33.0,754484813,Liesing,Private room in rental unit,Private room,2,426.0,21,1,1.0,1,20,0,8,4.5,48.14773,16.29561
33.0,754484813,Liesing,Private room in rental unit,Private room,2,353.0,25,1,2.0,1,36,0,10,4.4,48.14599,16.29603
131.25,1557725,Landstraße,Entire serviced apartment,Entire home/apt,2,404.0,33,1,1.0,4,269,0,33,4.67,48.19678115844727,16.40378761291504
337.0,298617870,Alsergrund,Entire rental unit,Entire home/apt,6,331.0,44,2,1.5,1,115,0,172,4.83,48.22081,16.35336
83.31,1643928,Landstraße,Entire rental unit,Entire home/apt,5,59.0,24,2,1.5,1,290,0,77,4.6,48.20348680840494,16.397099755704403
137.0,104907423,Landstraße,Entire rental unit,Entire home/apt,2,433.0,57,1,1.5,2,339,1,137,4.83,48.20165,16.40149
126.0,5807913,Meidling,Entire rental unit,Entire home/apt,8,175.0,45,2,1.0,1,48,0,56,4.39,48.1756620023341,16.33246100422975
142.8,22444308,Rudolfsheim-Fünfhaus,Entire rental unit,Entire home/apt,2,489.0,45,1,1.0,4,48,1,95,5.0,48.19031,16.32367
51.0,511689935,Penzing,Room in hotel,Private room,1,504.0,15,1,1.0,1,9,0,21,4.38,48.20337,16.30345
79.0,683954295,Favoriten,Entire rental unit,Entire home/apt,4,48.0,37,1,1.0,1,159,1,65,4.77,48.17677,16.36254
69.0,664114247,Leopoldstadt,Entire rental unit,Entire home/apt,2,413.0,27,1,1.0,2,255,0,33,4.91,48.22902,16.38893
97.0,304392414,Penzing,Entire rental unit,Entire home/apt,2,173.0,17,1,1.0,2,86,1,35,4.94,48.19197,16.30838
241.0,19892899,Alsergrund,Entire rental unit,Entire home/apt,3,452.0,40,1,1.5,1,343,1,16,5.0,48.2230001,16.3526244
70.0,545712919,Liesing,Entire rental unit,Entire home/apt,2,372.0,27,1,1.0,2,346,0,52,4.52,48.14675065901878,16.300577880523168
291.0,99975650,Floridsdorf,Entire home,Entire home/apt,10,316.0,24,5,1.0,1,350,1,1,3.0,48.2712298,16.440246
108.41,262607660,Leopoldstadt,Entire rental unit,Entire home/apt,3,576.0,35,1,1.5,1,85,0,82,4.79,48.21963530266111,16.406548507511616
257.0,2327941,Landstraße,Entire rental unit,Entire home/apt,6,499.0,46,3,2.0,3,48,1,50,4.96,48.20641,16.3881
112.5,148542688,Liesing,Entire rental unit,Entire home/apt,4,562.0,33,1,1.0,2,362,0,14,4.86,48.14156,16.31358
109.55,189895939,Brigittenau,Entire rental unit,Entire home/apt,5,462.0,34,1,1.0,1,289,1,540,4.61,48.23448,16.39015
82.5,416038388,Favoriten,Entire rental unit,Entire home/apt,4,499.0,38,1,1.0,2,63,0,26,4.73,48.17303278904064,16.36316259134739
76.05,491764881,Brigittenau,Entire rental unit,Entire home/apt,4,518.0,61,1,1.0,19,286,1,51,4.78,48.2371412,16.3654639
107.67,546180427,Hernals,Entire rental unit,Entire home/apt,5,474.0,44,1,1.0,2,199,0,19,4.42,48.22408934318526,16.329028983789833
100.5,279947497,Penzing,Entire rental unit,Entire home/apt,3,433.0,28,1,1.0,1,209,0,3,5.0,48.198280238275935,16.31158325124828
414.0,27375385,Josefstadt,Entire rental unit,Entire home/apt,4,303.0,60,2,1.0,2,359,0,266,4.82,48.20892,16.34808
127.5,346620108,Ottakring,Entire rental unit,Entire home/apt,3,443.0,40,1,1.0,2,140,1,81,4.98,48.21989,16.31511
112.75,31458031,Hernals,Entire rental unit,Entire home/apt,4,249.0,22,1,1.0,4,110,0,154,4.75,48.22358,16.33053
170.0,275262911,Neubau,Entire guesthouse,Entire home/apt,4,55.0,22,1,1.0,1,135,0,8,4.75,48.1994,16.34113
80.0,545712919,Liesing,Entire rental unit,Entire home/apt,4,372.0,38,1,1.0,1,349,0,62,4.56,48.14518896805201,16.299002426614813
98.5,8682933,Leopoldstadt,Entire rental unit,Entire home/apt,2,413.0,38,1,1.0,2,344,1,42,4.86,48.22303,16.373003
59.76,56576230,Penzing,Entire rental unit,Entire home/apt,2,477.0,42,1,1.0,30,89,1,354,4.92,48.19787,16.30945
149.0,559034253,Donaustadt,Entire rental unit,Entire home/apt,4,499.0,44,1,1.0,1,208,1,21,4.9,48.24939819999999,16.4529105
123.33,92979273,Leopoldstadt,Entire rental unit,Entire home/apt,2,233.0,22,1,1.0,3,343,1,145,4.71,48.2245,16.39972
410.0,40786974,Liesing,Entire home,Entire home/apt,7,520.0,64,4,2.5,1,170,1,88,4.94,48.15861,16.28118
70.0,504997811,Meidling,Entire rental unit,Entire home/apt,2,338.0,18,1,1.0,1,359,0,19,4.79,48.1641784,16.3155445
88.77,712746304,Meidling,Entire rental unit,Entire home/apt,4,441.0,46,2,1.0,2,338,1,8,4.88,48.18369,16.34258
70.0,504997811,Meidling,Entire rental unit,Entire home/apt,2,338.0,17,1,1.0,1,362,0,16,4.88,48.1641784,16.3155445
129.5,540236834,Liesing,Entire rental unit,Entire home/apt,6,525.0,35,2,1.0,1,250,0,2,5.0,48.1373,16.31712
223.0,311948487,Brigittenau,Entire serviced apartment,Entire home/apt,6,35.0,32,2,1.0,1,345,0,1,5.0,48.22876,16.38029
39.84,4034068,Floridsdorf,Entire rental unit,Entire home/apt,1,413.0,30,1,1.0,30,324,0,1,4.0,48.25790542067256,16.407791181998768
85.67,511511184,Meidling,Entire rental unit,Entire home/apt,3,464.0,34,1,1.5,3,181,0,80,4.73,48.1770896,16.3323447
132.0,283325077,Josefstadt,Private room in rental unit,Private room,2,418.0,29,1,1.0,1,74,1,57,4.89,48.21373,16.35317
37.0,754484813,Liesing,Private room in rental unit,Private room,3,401.0,28,1,1.0,1,49,0,3,3.33,48.14782,16.29744
83.11,8632750,Hernals,Entire rental unit,Entire home/apt,3,413.0,39,1,1.0,28,322,0,1,5.0,48.221634922073655,16.32385242619267
156.0,14029358,Währing,Entire rental unit,Entire home/apt,4,236.0,22,1,1.0,1,212,0,11,4.27,48.2222252,16.3440701
130.09,71848288,Wieden,Entire rental unit,Entire home/apt,3,154.0,22,1,1.0,1,48,0,319,4.65,48.19403,16.3675
148.67,48149625,Währing,Entire rental unit,Entire home/apt,4,0.0,37,2,1.5,3,263,1,227,4.93,48.23186,16.33009
56.23,232564791,Favoriten,Entire rental unit,Entire home/apt,2,443.0,33,1,1.0,30,133,1,14,4.71,48.1751,16.38324
77.83,151062999,Favoriten,Entire rental unit,Entire home/apt,4,0.0,34,1,1.0,30,347,0,8,5.0,48.18578,16.38265
156.0,14029358,Währing,Entire rental unit,Entire home/apt,4,234.0,24,1,1.0,1,203,0,26,4.12,48.2222252,16.3440701
176.0,483250137,Währing,Entire rental unit,Entire home/apt,4,409.0,50,1,1.0,1,305,0,1,4.0,48.22165,16.34244
88.0,270804594,Meidling,Entire rental unit,Entire home/apt,2,295.0,41,1,1.0,1,287,0,283,4.61,48.1736,16.32048
139.0,38456970,Alsergrund,Entire rental unit,Entire home/apt,4,432.0,34,1,1.0,1,342,1,18,4.89,48.23077774047852,16.35224151611328
103.0,17285399,Währing,Entire rental unit,Entire home/apt,4,499.0,45,1,1.0,1,225,1,335,4.93,48.22337,16.33774
146.2,77503436,Landstraße,Entire rental unit,Entire home/apt,2,273.0,27,1,1.0,5,364,0,32,4.91,48.1888,16.38661
156.0,249583292,Meidling,Entire rental unit,Entire home/apt,4,523.0,32,1,1.0,1,8,0,10,4.4,48.179254463970985,16.338213204006347
274.0,743398,Innere Stadt,Entire rental unit,Entire home/apt,6,424.0,27,2,1.0,2,247,0,157,4.73,48.21425,16.36285
229.0,482181428,Ottakring,Entire home,Entire home/apt,6,450.0,42,2,1.5,1,300,0,8,4.5,48.2165652,16.3115221
75.33,92979273,Ottakring,Entire rental unit,Entire home/apt,2,495.0,35,1,0.5,3,324,1,115,4.84,48.21261,16.30701
252.0,288328438,Leopoldstadt,Entire rental unit,Entire home/apt,6,0.0,41,2,1.0,1,321,0,153,4.57,48.2248,16.39979
129.5,308288472,Alsergrund,Entire rental unit,Entire home/apt,4,354.0,39,1,1.0,1,181,0,156,4.8,48.21616744995117,16.345901489257812
64.01,534113576,Hernals,Entire rental unit,Entire home/apt,3,299.0,38,1,1.0,14,360,1,13,4.69,48.2215068,16.3299854
122.5,130554251,Ottakring,Entire rental unit,Entire home/apt,3,456.0,42,1,1.0,2,258,1,33,4.91,48.2176127,16.3172276
145.0,702010244,Landstraße,Entire serviced apartment,Entire home/apt,4,337.0,44,1,1.0,1,350,1,31,4.81,48.19095,16.40444
75.0,271081497,Währing,Private room in rental unit,Private room,4,480.0,20,1,1.0,2,360,0,21,4.57,48.22698,16.34946
97.0,175343322,Liesing,Entire rental unit,Entire home/apt,2,59.0,36,1,1.0,1,266,0,2,3.5,48.13762,16.31891
107.0,495323383,Leopoldstadt,Entire rental unit,Entire home/apt,4,218.0,33,1,1.0,1,63,0,20,4.75,48.22511607004332,16.402222519377784
38.0,368444428,Landstraße,Private room in hostel,Private room,1,498.0,13,1,4.0,1,344,0,17,4.18,48.19354,16.39901
114.33,88122068,Leopoldstadt,Entire rental unit,Entire home/apt,6,383.0,10,2,1.5,3,318,0,9,4.56,48.22734,16.39352
79.0,92979273,Leopoldstadt,Entire rental unit,Entire home/apt,2,216.0,30,1,1.0,3,282,1,147,4.65,48.2226,16.4014
272.34,675182,Hernals,Entire condo,Entire home/apt,4,232.0,52,2,1.0,1,281,0,2,5.0,48.22356,16.31781
108.5,4512877,Leopoldstadt,Entire rental unit,Entire home/apt,4,521.0,31,2,1.0,2,21,0,35,4.91,48.22048,16.4047
121.67,8070361,Rudolfsheim-Fünfhaus,Entire loft,Entire home/apt,2,251.0,42,1,1.0,3,145,0,29,4.93,48.19073,16.32472
170.0,3765951,Alsergrund,Entire rental unit,Entire home/apt,3,234.0,47,1,1.0,2,59,0,294,4.96,48.22262,16.36528
149.4,400393191,Döbling,Entire rental unit,Entire home/apt,2,415.0,18,1,1.5,5,7,0,19,4.89,48.2340347,16.3377894
86.0,30435651,Meidling,Entire rental unit,Entire home/apt,3,415.0,32,1,1.0,2,40,0,64,4.84,48.18437,16.32162
113.5,148343053,Favoriten,Entire rental unit,Entire home/apt,2,212.0,25,1,1.0,1,21,1,17,4.65,48.17385,16.35416
120.33,67936811,Mariahilf,Entire rental unit,Entire home/apt,4,373.0,39,1,1.0,1,237,0,31,4.74,48.19035915282369,16.338672944961996
119.0,446067472,Brigittenau,Entire condo,Entire home/apt,5,276.0,50,1,1.5,2,209,0,57,4.98,48.245377,16.37398
150.0,47175322,Alsergrund,Entire rental unit,Entire home/apt,2,443.0,32,1,1.0,1,275,0,3,5.0,48.21679,16.36126
92.0,77480001,Rudolfsheim-Fünfhaus,Entire rental unit,Entire home/apt,2,332.0,25,1,1.0,2,52,0,56,4.54,48.19435,16.31744
140.5,540236834,Donaustadt,Entire rental unit,Entire home/apt,6,488.0,36,1,1.0,1,170,0,11,4.73,48.2313,16.44862
108.0,87484808,Donaustadt,Entire rental unit,Entire home/apt,6,255.0,35,2,1.0,1,87,0,21,4.81,48.22578,16.4506
151.5,518673970,Alsergrund,Entire rental unit,Entire home/apt,4,432.0,28,1,1.5,2,149,1,40,4.95,48.22561,16.35682
91.38,8632750,Hernals,Entire rental unit,Entire home/apt,6,0.0,39,2,1.0,28,316,0,4,3.25,48.22247,16.3234
123.33,262705575,Döbling,Entire condo,Entire home/apt,4,334.0,45,1,1.0,3,308,1,46,4.91,48.24051284790039,16.354389190673828
183.0,3617800,Hernals,Entire rental unit,Entire home/apt,6,440.0,26,2,1.0,1,269,0,8,4.88,48.2228901,16.3296727
143.0,2231045,Währing,Entire rental unit,Entire home/apt,5,465.0,50,1,1.0,2,102,1,116,4.96,48.231617,16.341783
206.0,665546763,Favoriten,Entire rental unit,Entire home/apt,4,508.0,23,2,1.0,1,213,1,6,5.0,48.17335877782864,16.356682176126302
308.4,518673970,Alsergrund,Entire rental unit,Entire home/apt,6,405.0,28,3,3.0,2,279,1,66,4.94,48.2256113,16.3568205
42.42,419809007,Favoriten,Entire rental unit,Entire home/apt,3,387.0,45,1,1.0,28,80,0,5,5.0,48.17412,16.36375
106.5,29494065,Hernals,Entire rental unit,Entire home/apt,2,414.0,14,2,1.0,4,170,0,67,4.52,48.22027,16.33146
111.5,2327667,Leopoldstadt,Entire rental unit,Entire home/apt,4,241.0,36,1,1.0,2,68,0,181,4.44,48.21945,16.39944
44.69,47784182,Alsergrund,Entire condo,Entire home/apt,2,465.0,24,1,1.0,1,113,1,326,4.84,48.22668,16.3556
54.0,511689935,Penzing,Room in hotel,Private room,2,481.0,18,1,1.0,1,10,0,56,3.86,48.2023607,16.3030656
156.0,743398,Landstraße,Entire rental unit,Entire home/apt,4,416.0,27,1,1.0,2,300,0,77,4.65,48.1962,16.40659
38.0,368444428,Landstraße,Private room in hostel,Private room,1,498.0,13,1,4.0,1,348,0,26,4.35,48.19352,16.39826
50.36,360538833,Döbling,Entire rental unit,Entire home/apt,4,544.0,32,1,1.0,30,168,0,2,3.5,48.24591,16.36399
70.8,29494065,Hernals,Entire rental unit,Entire home/apt,2,407.0,16,1,1.0,5,170,0,47,4.62,48.22123,16.32926
163.5,302896468,Penzing,Entire rental unit,Entire home/apt,6,362.0,33,2,1.5,2,140,1,212,4.89,48.18948745727539,16.308462142944336
69.8,29494065,Hernals,Entire rental unit,Entire home/apt,5,422.0,16,3,1.0,5,170,0,77,4.42,48.22201,16.33092
54.0,511689935,Penzing,Room in hotel,Private room,2,500.0,16,1,1.0,1,8,0,4,3.0,48.2023607,16.3030656
70.5,37665615,Ottakring,Private room in rental unit,Private room,1,371.0,19,1,1.5,2,67,0,7,5.0,48.21405766241522,16.31890572052231
123.67,535686159,Rudolfsheim-Fünfhaus,Entire rental unit,Entire home/apt,2,292.0,30,1,1.0,2,123,1,23,4.91,48.1894225,16.3350291
55.33,64601861,Rudolfsheim-Fünfhaus,Entire rental unit,Entire home/apt,2,154.0,38,1,1.0,30,90,1,10,4.9,48.18932,16.32344
208.5,664866333,Favoriten,Entire rental unit,Entire home/apt,3,325.0,33,1,1.0,2,113,0,28,4.82,48.18533,16.38151
168.0,520985618,Wieden,Entire rental unit,Entire home/apt,3,466.0,41,1,1.0,1,244,1,9,4.89,48.19207,16.37588
269.0,151274765,Hernals,Entire rental unit,Entire home/apt,8,417.0,45,1,1.0,2,320,0,1,4.0,48.23228200345018,16.291276431604327
31.0,754484813,Liesing,Private room in rental unit,Private room,2,458.0,25,1,1.0,1,22,0,2,4.0,48.14746,16.2975
204.0,134115475,Währing,Entire condo,Entire home/apt,6,350.0,47,3,1.5,1,199,1,545,4.82,48.22374,16.34578
121.71,77480001,Alsergrund,Entire rental unit,Entire home/apt,4,87.0,31,2,1.0,1,126,0,11,4.45,48.22444,16.35867
149.0,103028422,Favoriten,Entire rental unit,Entire home/apt,8,510.0,43,3,1.5,2,56,1,195,4.85,48.1655,16.38159
380.0,151274765,Favoriten,Entire rental unit,Entire home/apt,14,350.0,44,3,1.0,1,238,0,1,4.0,48.1741065,16.3550507
80.52,534113576,Hernals,Entire rental unit,Entire home/apt,3,300.0,36,1,1.0,14,248,1,13,4.77,48.2215068,16.3299854
140.5,4935851,Währing,Entire rental unit,Entire home/apt,5,209.0,32,1,1.5,2,331,0,244,4.77,48.22843,16.33584
262.0,518673970,Alsergrund,Entire rental unit,Entire home/apt,6,407.0,25,3,3.0,2,116,1,64,4.8,48.22561,16.35682
108.0,571405647,Meidling,Entire rental unit,Entire home/apt,3,389.0,50,1,1.0,1,352,1,110,4.89,48.1785182,16.3242815
103.5,260773582,Ottakring,Entire rental unit,Entire home/apt,4,490.0,49,2,1.0,2,260,1,92,4.85,48.21829,16.31488
97.0,530087267,Ottakring,Entire rental unit,Entire home/apt,2,511.0,42,1,0.5,1,311,1,151,4.92,48.20996151883559,16.32136356085539
119.33,5361631,Meidling,Entire condo,Entire home/apt,4,497.0,30,1,1.5,3,202,1,161,4.82,48.18374,16.32163
115.5,541483214,Landstraße,Entire rental unit,Entire home/apt,4,424.0,27,1,1.0,4,187,0,36,4.89,48.19046442958188,16.38908265186521
38.0,368444428,Landstraße,Shared room in hostel,Shared room,1,498.0,12,1,4.0,1,302,0,22,4.64,48.19157,16.40036
59.28,12958775,Meidling,Entire rental unit,Entire home/apt,4,276.0,30,1,1.0,28,226,0,26,4.92,48.17804,16.32095
113.0,704664610,Penzing,Entire rental unit,Entire home/apt,4,507.0,38,1,1.0,2,325,0,7,5.0,48.18874,16.30696
181.5,6623995,Penzing,Entire rental unit,Entire home/apt,6,204.0,36,2,1.5,2,140,1,58,4.67,48.1925827,16.3149644
186.0,190287904,Ottakring,Entire rental unit,Entire home/apt,4,411.0,48,2,1.5,1,120,1,76,4.92,48.21737381580141,16.315920734720134
152.0,84179136,Währing,Entire condo,Entire home/apt,2,413.0,44,1,1.0,3,29,1,127,4.99,48.22513,16.34515
102.5,148542688,Liesing,Entire rental unit,Entire home/apt,2,540.0,41,1,1.0,2,361,0,9,5.0,48.141244380267885,16.311422894735205
219.0,38456970,Alsergrund,Entire rental unit,Entire home/apt,4,351.0,48,1,1.0,1,275,1,11,4.73,48.23014,16.35139
137.0,48686718,Ottakring,Entire rental unit,Entire home/apt,3,328.0,25,1,1.5,1,89,0,5,4.8,48.21615,16.31581
100.0,78429873,Rudolfsheim-Fünfhaus,Entire condo,Entire home/apt,3,493.0,27,1,1.0,2,166,1,453,4.91,48.18846,16.32147
121.2,40057324,Meidling,Entire rental unit,Entire home/apt,4,481.0,31,1,1.0,1,70,0,59,4.53,48.18219,16.32271
167.0,302896468,Penzing,Entire rental unit,Entire home/apt,6,362.0,33,2,1.5,2,188,1,177,4.89,48.18950653076172,16.30866050720215
123.55,66040140,Penzing,Entire rental unit,Entire home/apt,4,132.0,39,1,1.0,1,327,0,463,4.76,48.19308,16.30292
98.83,515167096,Penzing,Entire rental unit,Entire home/apt,3,92.0,45,1,1.0,1,252,0,63,4.86,48.18919343665437,16.312713708471094
52.98,8724341,Meidling,Entire rental unit,Entire home/apt,4,209.0,37,1,1.0,29,134,1,356,4.84,48.18127,16.31902
86.0,5941204,Rudolfsheim-Fünfhaus,Entire rental unit,Entire home/apt,2,245.0,38,1,1.5,2,73,0,209,4.71,48.19483,16.31599
110.5,424267568,Meidling,Entire rental unit,Entire home/apt,6,495.0,53,2,1.0,1,290,0,39,4.56,48.17875645725368,16.321517842327864
165.5,673565551,Währing,Entire rental unit,Entire home/apt,3,454.0,36,1,1.0,2,362,0,15,4.73,48.220421400000006,16.342405050262435
108.33,69842553,Landstraße,Entire rental unit,Entire home/apt,3,223.0,42,1,1.5,3,209,0,23,4.96,48.19979,16.39626
354.0,482181428,Ottakring,Entire home,Entire home/apt,4,389.0,38,2,1.5,1,269,0,6,5.0,48.2165652,16.3115221
156.0,8632750,Alsergrund,Entire serviced apartment,Entire home/apt,4,432.0,40,1,1.0,1,311,0,24,4.71,48.22948,16.35593
173.5,102446606,Landstraße,Entire rental unit,Entire home/apt,4,428.0,41,2,1.0,1,127,0,66,4.7,48.18861491083496,16.384862899999995
149.0,227232876,Favoriten,Entire rental unit,Entire home/apt,3,432.0,16,1,1.0,1,306,1,10,4.7,48.1769444,16.3568536
113.3,66040140,Rudolfsheim-Fünfhaus,Entire rental unit,Entire home/apt,3,321.0,32,1,1.0,1,334,0,174,4.67,48.19576,16.31788
243.5,743398,Alsergrund,Entire rental unit,Entire home/apt,6,413.0,27,2,1.0,2,272,0,60,4.65,48.21617,16.36273
145.0,1547126,Innere Stadt,Entire rental unit,Entire home/apt,6,517.0,25,1,1.0,1,292,1,50,4.84,48.21418,16.36294
82.75,302458787,Ottakring,Entire rental unit,Entire home/apt,2,435.0,20,1,1.0,8,298,1,13,4.92,48.20977,16.30783
123.5,4935619,Landstraße,Entire rental unit,Entire home/apt,2,463.0,57,1,1.0,4,26,1,89,4.98,48.1905,16.38582
173.0,120675973,Ottakring,Entire condo,Entire home/apt,6,515.0,39,2,1.0,2,127,0,328,4.94,48.21848,16.31994
228.0,148343053,Favoriten,Entire rental unit,Entire home/apt,4,286.0,18,2,1.0,1,21,1,16,4.75,48.17393,16.3543
217.0,212031055,Penzing,Entire serviced apartment,Entire home/apt,6,464.0,39,2,2.0,2,210,1,98,4.88,48.18905,16.30135
224.5,743398,Alsergrund,Entire rental unit,Entire home/apt,4,492.0,26,1,1.0,2,303,0,74,4.81,48.21618,16.36237
316.5,99975650,Donaustadt,Entire home,Entire home/apt,10,441.0,65,4,1.5,2,324,1,21,4.76,48.24547,16.48512
116.0,569024287,Favoriten,Entire rental unit,Entire home/apt,2,435.0,47,1,1.0,1,363,0,59,4.8,48.16918,16.3472
202.0,567949683,Donaustadt,Entire rental unit,Entire home/apt,6,359.0,56,2,1.5,1,324,0,7,4.86,48.23356,16.46654
52.66,534113576,Hernals,Entire rental unit,Entire home/apt,4,309.0,39,1,1.0,28,337,1,23,4.78,48.2215068,16.3299854
297.0,725499780,Währing,Entire rental unit,Entire home/apt,6,499.0,33,3,1.0,1,365,0,2,5.0,48.22952547596292,16.32248494973754
155.0,466420233,Favoriten,Entire rental unit,Entire home/apt,3,343.0,35,2,1.5,1,364,0,4,4.25,48.168498,16.3811119
258.0,482181428,Ottakring,Entire home,Entire home/apt,6,446.0,38,2,1.5,2,297,0,16,4.75,48.21591,16.31069
148.5,14216524,Josefstadt,Entire rental unit,Entire home/apt,7,213.0,32,1,1.5,2,319,0,103,4.78,48.20955,16.35461
130.5,15534485,Rudolfsheim-Fünfhaus,Entire rental unit,Entire home/apt,6,196.0,24,2,1.0,2,237,0,182,4.57,48.20356,16.31277
119.0,473364085,Rudolfsheim-Fünfhaus,Entire rental unit,Entire home/apt,4,447.0,54,1,1.0,1,310,0,25,4.52,48.19779,16.3157
243.67,21094982,Landstraße,Entire rental unit,Entire home/apt,4,302.0,36,2,1.0,3,86,1,208,4.8,48.19388,16.39638
75.5,77480001,Rudolfsheim-Fünfhaus,Entire rental unit,Entire home/apt,2,355.0,21,1,1.0,2,51,0,58,4.28,48.19417,16.31562
131.0,148542688,Meidling,Entire rental unit,Entire home/apt,2,547.0,40,1,1.0,2,335,0,3,4.33,48.16056,16.30818
138.0,1547126,Alsergrund,Entire rental unit,Entire home/apt,4,506.0,42,1,1.0,1,298,1,57,4.7,48.21547,16.36164
288.0,217861796,Landstraße,Entire serviced apartment,Entire home/apt,8,550.0,61,4,3.5,1,119,1,456,4.91,48.20004,16.40013
115.5,502270334,Floridsdorf,Entire rental unit,Entire home/apt,4,301.0,25,1,1.0,2,302,1,15,4.53,48.2768966,16.4514138
105.0,571632714,Penzing,Entire rental unit,Entire home/apt,6,341.0,47,1,1.0,1,156,1,82,4.82,48.19802938964846,16.304710292539813
85.5,545712919,Liesing,Entire rental unit,Entire home/apt,4,372.0,41,1,1.0,2,356,0,5,4.8,48.14592565740546,16.300228759646416
212.25,523634144,Donaustadt,Entire rental unit,Entire home/apt,6,527.0,33,2,1.0,2,323,1,18,4.67,48.22824,16.45329
70.0,698213337,Favoriten,Entire rental unit,Entire home/apt,3,359.0,34,1,1.0,2,352,1,40,4.73,48.17063605735387,16.366943125303237
132.5,302177942,Landstraße,Entire rental unit,Entire home/apt,2,473.0,36,1,1.5,2,82,1,100,4.79,48.20497,16.39443
102.71,689417785,Rudolfsheim-Fünfhaus,Entire rental unit,Entire home/apt,2,353.0,7,1,1.0,1,310,0,3,4.33,48.1967,16.31501
82.86,28612089,Hernals,Entire rental unit,Entire home/apt,2,482.0,44,1,1.0,7,283,1,25,4.96,48.22087,16.32588
230.75,523634144,Donaustadt,Entire rental unit,Entire home/apt,6,527.0,33,2,1.0,2,323,1,58,4.83,48.22843843518508,16.455002382104208
143.0,571632714,Penzing,Entire rental unit,Entire home/apt,8,357.0,47,2,1.0,1,166,1,153,4.8,48.19824824054852,16.306245800416395
67.5,712373106,Leopoldstadt,Entire rental unit,Entire home/apt,4,472.0,29,1,1.0,2,343,0,1,5.0,48.21923,16.39923
148.0,6435647,Hernals,Entire rental unit,Entire home/apt,4,0.0,68,3,1.0,1,258,1,94,4.93,48.2164578,16.3243809
114.5,26639801,Landstraße,Entire rental unit,Entire home/apt,2,255.0,29,1,1.0,2,276,1,639,4.8,48.20366,16.39462
91.0,292523281,Wieden,Entire serviced apartment,Entire home/apt,2,371.0,53,1,1.5,2,72,0,30,4.5,48.19586,16.37379
113.5,462546700,Donaustadt,Entire condo,Entire home/apt,3,278.0,33,1,1.0,1,73,1,80,4.78,48.22374,16.44981
122.5,698213337,Donaustadt,Entire rental unit,Entire home/apt,4,318.0,37,1,1.0,2,344,1,62,4.81,48.227285,16.4540479
64.0,276955129,Favoriten,Entire rental unit,Entire home/apt,2,326.0,32,1,1.0,1,179,1,531,4.73,48.17165,16.36488
101.0,698213337,Donaustadt,Entire rental unit,Entire home/apt,4,336.0,41,1,1.0,1,318,1,52,4.79,48.227285,16.4540479
171.0,520985618,Wieden,Entire rental unit,Entire home/apt,2,464.0,45,1,1.0,1,252,1,61,4.95,48.1918322,16.3770526
117.75,122351049,Landstraße,Entire rental unit,Entire home/apt,2,335.0,26,1,1.0,2,60,1,72,4.81,48.19807,16.40074
256.75,523634144,Donaustadt,Entire rental unit,Entire home/apt,6,545.0,33,2,1.0,2,323,1,82,4.91,48.22673,16.45472
104.5,198422388,Meidling,Entire rental unit,Entire home/apt,4,413.0,17,1,1.5,2,84,0,1,5.0,48.1861,16.33714
104.99,517209596,Meidling,Entire rental unit,Entire home/apt,4,349.0,40,1,1.5,3,142,1,43,4.95,48.1821462,16.3439658
248.0,148343053,Favoriten,Entire rental unit,Entire home/apt,4,358.0,19,2,1.0,1,19,1,24,4.75,48.17375,16.35225
98.0,87484808,Penzing,Entire rental unit,Entire home/apt,6,59.0,33,2,1.0,1,270,0,18,4.39,48.19679,16.30751
98.0,462546700,Donaustadt,Entire condo,Entire home/apt,3,203.0,32,1,1.0,1,75,1,69,4.67,48.22323,16.45173
102.71,319136516,Währing,Entire rental unit,Entire home/apt,4,503.0,43,1,1.5,2,300,0,178,4.84,48.22408,16.34764
237.75,523634144,Donaustadt,Entire rental unit,Entire home/apt,6,527.0,33,2,1.0,2,323,1,50,4.8,48.226562130135946,16.453611135260502
166.0,474968256,Rudolfsheim-Fünfhaus,Entire rental unit,Entire home/apt,4,485.0,38,2,1.0,1,327,0,45,4.47,48.18665123402192,16.321972757577896
46.51,59382725,Landstraße,Entire rental unit,Entire home/apt,1,373.0,9,1,1.0,29,164,1,1,5.0,48.193708779936514,16.41112415778876
92.0,698213337,Donaustadt,Entire rental unit,Entire home/apt,4,365.0,35,1,1.0,1,341,1,39,4.64,48.22621,16.4545
165.5,523634144,Donaustadt,Entire rental unit,Entire home/apt,4,550.0,32,1,1.0,2,323,1,59,4.86,48.228203644849096,16.45339449318891
167.0,191665321,Leopoldstadt,Entire rental unit,Entire home/apt,2,326.0,51,1,1.0,2,186,1,74,4.99,48.20993,16.3993
242.5,13224391,Hernals,Entire rental unit,Entire home/apt,8,214.0,53,3,2.5,4,204,1,305,4.95,48.225563,16.329561
443.0,30158835,Währing,Entire rental unit,Entire home/apt,6,571.0,58,3,3.5,1,273,1,104,4.88,48.23257446289063,16.32927131652832
65.29,35752313,Währing,Entire condo,Entire home/apt,3,433.0,47,1,1.5,7,68,1,117,4.86,48.22707,16.33278
185.0,123148011,Ottakring,Entire rental unit,Entire home/apt,6,513.0,58,2,1.0,1,166,0,176,4.91,48.21551,16.31894
162.0,4331202,Penzing,Entire rental unit,Entire home/apt,2,368.0,37,1,1.0,1,338,0,19,4.89,48.18942,16.30337
99.5,23958058,Währing,Entire rental unit,Entire home/apt,2,0.0,31,1,1.5,4,213,1,193,4.91,48.23179,16.32242
116.0,698505898,Ottakring,Entire rental unit,Entire home/apt,2,370.0,21,1,1.0,2,90,1,11,4.82,48.20989,16.31416
68.5,703203514,Favoriten,Entire rental unit,Entire home/apt,2,48.0,35,1,1.0,2,85,0,1,5.0,48.17226,16.36513
87.0,6802751,Währing,Entire rental unit,Entire home/apt,2,244.0,41,1,1.0,1,45,1,84,4.95,48.2271211,16.3368684
58.0,56332186,Innere Stadt,Shared room in hotel,Shared room,1,419.0,16,1,1.5,1,335,0,58,4.74,48.20319951653952,16.37559656967281
288.0,47034279,Wieden,Entire rental unit,Entire home/apt,6,425.0,53,2,1.5,1,291,1,415,4.87,48.19705,16.36698
138.25,66040140,Favoriten,Entire condo,Entire home/apt,3,460.0,36,1,1.0,1,161,0,37,4.62,48.17364,16.39323
1296.5,23962563,Landstraße,Entire rental unit,Entire home/apt,6,285.0,48,3,3.0,2,264,0,41,4.95,48.19851,16.38364
149.0,559988321,Josefstadt,Entire serviced apartment,Entire home/apt,3,323.0,39,1,1.5,1,316,0,322,4.66,48.2071,16.35368
94.0,82872792,Hernals,Entire rental unit,Entire home/apt,4,451.0,38,1,1.0,3,17,0,39,4.74,48.22363405446833,16.31650517876125
108.41,726942304,Rudolfsheim-Fünfhaus,Entire rental unit,Entire home/apt,4,203.0,33,1,1.0,1,301,0,16,4.69,48.19591044831205,16.32341983558196
155.0,123148011,Ottakring,Entire rental unit,Entire home/apt,4,498.0,60,2,1.0,1,200,0,156,4.92,48.21567,16.31956
122.0,222345303,Donaustadt,Entire rental unit,Entire home/apt,4,450.0,32,1,1.0,1,338,0,12,4.83,48.25712,16.45323
284.06,1547126,Alsergrund,Entire rental unit,Entire home/apt,6,530.0,21,2,2.0,1,302,1,102,4.67,48.21532,16.3615
83.0,140573307,Hernals,Entire rental unit,Entire home/apt,5,467.0,26,1,1.5,2,296,0,11,4.64,48.21717,16.34006
456.5,352584553,Rudolfsheim-Fünfhaus,Entire condo,Entire home/apt,3,239.0,12,1,1.0,2,358,0,4,5.0,48.19749,16.32483
111.0,274404457,Josefstadt,Entire rental unit,Entire home/apt,3,404.0,32,1,1.0,2,22,0,16,4.88,48.2120505525472,16.348227551548497
152.0,702010244,Landstraße,Entire serviced apartment,Entire home/apt,4,432.0,36,1,1.0,2,361,1,89,4.89,48.19163,16.40616
156.0,1547126,Alsergrund,Entire rental unit,Entire home/apt,6,530.0,25,1,1.0,1,280,1,48,4.85,48.21596,16.36173
88.0,14029358,Währing,Entire rental unit,Entire home/apt,4,236.0,25,1,1.0,1,188,0,18,4.39,48.22223,16.34407
44.55,318767959,Simmering,Entire rental unit,Entire home/apt,2,241.0,28,1,1.0,20,229,0,20,4.8,48.181,16.41591
102.5,148542688,Liesing,Entire rental unit,Entire home/apt,2,539.0,42,1,1.0,2,303,0,10,4.8,48.14099,16.31215
146.0,175343322,Liesing,Entire rental unit,Entire home/apt,4,504.0,37,1,1.0,1,246,0,2,5.0,48.13724,16.31716
38.0,368444428,Landstraße,Shared room in hostel,Shared room,1,498.0,13,1,4.0,1,342,0,7,4.43,48.19364,16.39903
131.5,485175397,Floridsdorf,Entire rental unit,Entire home/apt,4,631.0,40,1,1.0,1,81,1,25,4.84,48.27701,16.45125
112.0,369764263,Rudolfsheim-Fünfhaus,Entire rental unit,Entire home/apt,6,345.0,39,2,1.0,1,335,1,60,4.82,48.1948218,16.3214945
148.5,512760935,Floridsdorf,Entire rental unit,Entire home/apt,3,479.0,41,1,1.0,2,350,0,7,4.86,48.27626,16.45232
143.0,14216524,Josefstadt,Entire rental unit,Entire home/apt,6,178.0,30,2,1.5,2,336,0,115,4.65,48.20825,16.35382
85.95,473779995,Währing,Entire serviced apartment,Entire home/apt,2,381.0,54,1,1.0,2,327,0,207,4.76,48.22024,16.34095
171.5,388435884,Penzing,Entire rental unit,Entire home/apt,3,491.0,46,2,1.0,2,96,0,19,4.89,48.19002668628988,16.320208603995248
91.17,733079146,Ottakring,Entire rental unit,Entire home/apt,3,54.0,35,1,1.0,18,90,0,4,4.25,48.22214,16.31621
48.76,156030399,Simmering,Entire rental unit,Entire home/apt,2,506.0,37,1,1.0,29,237,1,42,4.79,48.17561850000001,16.4104045
246.0,1547126,Alsergrund,Entire rental unit,Entire home/apt,4,415.0,26,1,1.0,1,291,1,44,4.82,48.21596,16.36197
31.0,754484813,Liesing,Private room in rental unit,Private room,2,462.0,25,1,1.0,1,19,0,1,4.0,48.14573,16.296
104.8,75251817,Brigittenau,Entire rental unit,Entire home/apt,4,442.0,26,1,1.0,1,195,0,25,4.72,48.23921,16.36371
107.0,353394850,Alsergrund,Entire rental unit,Entire home/apt,2,70.0,35,1,1.5,1,226,0,8,4.5,48.21857259999999,16.3506371
100.0,686424892,Brigittenau,Entire rental unit,Entire home/apt,2,269.0,32,1,1.0,2,65,0,1,4.0,48.2324735,16.3887426
67.86,229740965,Währing,Entire rental unit,Entire home/apt,4,461.0,21,1,1.5,30,365,0,4,3.5,48.23525,16.31783
102.5,148542688,Liesing,Entire rental unit,Entire home/apt,2,539.0,41,1,1.0,2,364,0,10,4.5,48.14116342007094,16.313520521287142
218.0,92677771,Alsergrund,Entire rental unit,Entire home/apt,3,496.0,66,1,1.0,1,338,1,210,4.81,48.21665,16.35592
254.0,143217415,Penzing,Entire rental unit,Entire home/apt,4,528.0,13,1,1.0,1,364,1,3,5.0,48.19308,16.31017
76.8,8632750,Hernals,Entire rental unit,Entire home/apt,3,152.0,42,1,1.0,28,293,0,4,5.0,48.221638527388656,16.323729760953114
211.0,164241591,Innere Stadt,Entire rental unit,Entire home/apt,4,480.0,12,1,1.0,1,271,1,4,5.0,48.2014575527469,16.369674213491837
426.67,189066567,Landstraße,Entire rental unit,Entire home/apt,6,550.0,54,2,1.0,2,325,1,97,4.91,48.21125,16.3906
132.0,473364085,Penzing,Entire rental unit,Entire home/apt,2,398.0,41,1,1.0,1,244,0,8,4.88,48.19423,16.29943
81.91,596488175,Meidling,Entire rental unit,Entire home/apt,2,332.0,28,1,1.0,1,345,0,26,4.77,48.18384,16.32136
132.5,424267568,Meidling,Entire rental unit,Entire home/apt,4,495.0,51,2,1.0,2,277,0,26,4.58,48.1786563,16.3215393
103.0,5062344,Alsergrund,Entire rental unit,Entire home/apt,2,246.0,23,1,1.0,1,261,0,118,4.82,48.21986,16.35997
38.0,368444428,Landstraße,Shared room in hostel,Shared room,1,498.0,14,1,4.0,1,334,0,12,4.42,48.19333,16.40004
103.33,131671188,Währing,Entire rental unit,Entire home/apt,6,531.0,36,2,1.5,3,180,0,56,4.57,48.22481,16.34911
66.5,711748321,Meidling,Entire rental unit,Entire home/apt,2,362.0,32,1,1.0,2,39,1,31,4.84,48.1822665,16.3267717
119.5,148542688,Meidling,Entire rental unit,Entire home/apt,4,550.0,36,1,1.0,2,364,0,4,4.0,48.16045,16.31033
374.5,191665321,Leopoldstadt,Entire rental unit,Entire home/apt,6,526.0,56,2,2.5,2,157,1,37,5.0,48.2111,16.3996
96.0,545712919,Liesing,Entire rental unit,Entire home/apt,2,372.0,40,1,1.0,1,350,0,6,4.83,48.14624,16.29923
93.0,276955129,Landstraße,Entire rental unit,Entire home/apt,4,442.0,47,2,1.0,1,331,1,419,4.78,48.19407,16.40504
106.75,106634851,Landstraße,Entire rental unit,Entire home/apt,3,470.0,23,1,1.0,1,214,0,265,4.89,48.20929,16.39325
116.0,571632714,Penzing,Entire rental unit,Entire home/apt,6,357.0,46,1,1.0,1,155,1,67,4.73,48.19634015718894,16.306333840050254
90.0,540236834,Liesing,Entire rental unit,Entire home/apt,2,484.0,35,1,1.0,2,267,0,4,4.75,48.13677760684531,16.318832862921163
342.67,30635988,Landstraße,Entire rental unit,Entire home/apt,4,485.0,29,2,1.0,3,8,0,9,5.0,48.18902864803744,16.38557795767211
398.27,120675973,Ottakring,Entire condo,Entire home/apt,6,1000.0,37,3,2.0,2,201,0,478,4.91,48.2172,16.32092
149.5,360807990,Josefstadt,Entire serviced apartment,Entire home/apt,4,242.0,28,2,1.0,1,234,0,14,4.71,48.214805603027344,16.3494930267334
29.91,479857827,Landstraße,Private room in rental unit,Private room,1,324.0,29,1,1.0,30,219,0,114,4.83,48.18375,16.3979
231.4,367491211,Josefstadt,Entire rental unit,Entire home/apt,6,500.0,51,2,2.0,2,268,1,70,4.93,48.20714,16.34874
141.0,150083364,Josefstadt,Entire rental unit,Entire home/apt,2,469.0,30,1,1.0,1,188,1,500,4.87,48.20824,16.35116
252.5,103028422,Favoriten,Entire rental unit,Entire home/apt,6,495.0,41,2,1.0,1,185,1,89,4.81,48.16546,16.38145
115.0,383107369,Leopoldstadt,Room in hotel,Private room,2,488.0,21,1,1.0,1,262,1,10,4.9,48.21715,16.40435
82.5,197478391,Alsergrund,Entire rental unit,Entire home/apt,4,255.0,40,1,1.0,2,139,1,152,4.87,48.21713,16.34506
56.29,33545646,Favoriten,Entire rental unit,Entire home/apt,2,447.0,35,1,1.0,21,39,1,27,4.93,48.17726,16.38895
63.28,479857827,Landstraße,Entire serviced apartment,Entire home/apt,4,342.0,39,1,1.0,30,260,0,26,4.85,48.18533,16.3996
136.0,584193781,Meidling,Entire rental unit,Entire home/apt,2,489.0,42,1,1.0,2,269,0,4,4.5,48.16881,16.32011
346.0,1547126,Alsergrund,Entire rental unit,Entire home/apt,6,473.0,24,2,2.0,1,271,1,292,4.85,48.21541,16.36125
110.0,73817425,Währing,Entire rental unit,Entire home/apt,2,328.0,23,1,1.0,1,215,0,6,4.83,48.21867924991307,16.340935583971095
158.0,271081497,Währing,Entire rental unit,Entire home/apt,8,475.0,23,2,1.0,2,87,0,15,4.53,48.22685,16.34865
254.0,171415703,Landstraße,Entire rental unit,Entire home/apt,6,268.0,23,1,1.0,2,323,1,134,4.85,48.19739,16.403
109.0,1643928,Landstraße,Entire rental unit,Entire home/apt,5,60.0,32,1,1.0,1,107,0,178,4.73,48.20087,16.38344
126.0,92594017,Mariahilf,Entire rental unit,Entire home/apt,2,479.0,42,1,1.0,1,356,0,2,5.0,48.1925293805644,16.342219485971363
156.0,14029358,Währing,Entire rental unit,Entire home/apt,5,249.0,24,1,1.0,1,165,0,19,4.37,48.2222252,16.3440701
67.1,596488175,Meidling,Entire rental unit,Entire home/apt,4,342.0,28,1,1.0,1,338,0,17,4.65,48.18298,16.32143
129.0,38456970,Alsergrund,Entire rental unit,Entire home/apt,2,403.0,25,1,1.5,1,364,1,215,4.92,48.23003,16.35323
151.25,2813542,Leopoldstadt,Entire rental unit,Entire home/apt,5,671.0,26,2,1.0,4,184,1,292,4.92,48.21818,16.40254
330.0,178293155,Floridsdorf,Entire rental unit,Entire home/apt,6,475.0,43,3,2.0,2,323,1,36,4.81,48.246863,16.4033478
151.0,527038417,Floridsdorf,Entire rental unit,Entire home/apt,5,368.0,30,2,1.0,1,360,0,5,5.0,48.26853,16.44215
48.86,109659350,Rudolfsheim-Fünfhaus,Entire rental unit,Entire home/apt,2,382.0,41,1,1.0,28,194,0,21,4.81,48.18906,16.32565
110.98,355375543,Währing,Entire rental unit,Entire home/apt,2,399.0,40,1,1.0,1,76,0,53,4.7,48.23048132458637,16.341836071413532
86.56,596488175,Meidling,Entire rental unit,Entire home/apt,8,342.0,30,2,1.0,1,314,0,25,4.6,48.1825,16.32295
58.39,280256160,Favoriten,Entire rental unit,Entire home/apt,3,508.0,18,1,1.0,31,200,0,32,4.97,48.16815,16.37995
62.0,79424946,Josefstadt,Entire rental unit,Entire home/apt,1,331.0,14,1,1.0,2,85,0,10,4.3,48.21509,16.34313
63.0,14461625,Leopoldstadt,Entire rental unit,Entire home/apt,3,528.0,21,1,1.0,2,277,0,106,4.64,48.21894,16.40215
190.0,3765951,Alsergrund,Entire rental unit,Entire home/apt,5,0.0,47,1,1.0,2,53,0,225,4.92,48.22251,16.36539
206.0,528374632,Alsergrund,Entire rental unit,Entire home/apt,2,436.0,9,1,1.5,1,177,0,10,5.0,48.222792613125065,16.34996558845633
113.5,51891892,Alsergrund,Entire rental unit,Entire home/apt,4,476.0,26,1,1.0,1,302,0,124,4.69,48.2161,16.34974
113.05,66040140,Favoriten,Entire rental unit,Entire home/apt,4,460.0,32,1,1.0,1,344,0,135,4.67,48.17354,16.39322
141.0,214475924,Innere Stadt,Private room in pension,Private room,1,0.0,16,1,0.0,1,226,1,1,5.0,48.20264,16.37106
171.6,66040140,Meidling,Entire rental unit,Entire home/apt,5,430.0,51,2,1.0,1,133,0,8,4.75,48.18053941333845,16.321231016985998
171.0,274565185,Alsergrund,Entire rental unit,Entire home/apt,2,415.0,36,1,1.0,1,201,0,91,4.97,48.21616,16.34747
78.74,151062999,Favoriten,Entire condo,Entire home/apt,5,484.0,29,2,1.5,30,292,0,2,4.5,48.1771,16.38774
95.0,165962016,Leopoldstadt,Entire rental unit,Entire home/apt,3,148.0,21,1,1.0,2,257,0,19,4.63,48.22013234008059,16.40036255717516
106.7,16263208,Währing,Entire rental unit,Entire home/apt,7,239.0,38,1,1.0,2,336,0,43,4.95,48.23042,16.34858
383.5,186217094,Innere Stadt,Room in boutique hotel,Private room,4,0.0,13,2,1.0,2,71,0,1,5.0,48.20471,16.37308
141.0,300246929,Alsergrund,Entire rental unit,Entire home/apt,4,417.0,46,2,1.0,1,307,0,98,4.29,48.22785638338621,16.35066468268633
93.11,19369988,Meidling,Entire rental unit,Entire home/apt,3,0.0,18,1,1.0,19,147,0,90,4.73,48.18526,16.3211
114.5,26799846,Währing,Entire rental unit,Entire home/apt,2,252.0,39,1,1.0,2,71,0,429,4.82,48.21885,16.34045
65.27,23334772,Leopoldstadt,Entire rental unit,Entire home/apt,2,220.0,27,1,1.0,30,141,1,12,5.0,48.22407,16.39554
112.5,12502987,Josefstadt,Entire rental unit,Entire home/apt,2,495.0,36,1,1.5,2,5,0,39,4.87,48.20659,16.35008
25.29,479857827,Landstraße,Private room in rental unit,Private room,1,341.0,28,1,1.0,30,195,0,116,4.8,48.18535,16.39974
124.39,71848288,Wieden,Entire rental unit,Entire home/apt,2,154.0,23,2,1.0,1,143,0,398,4.64,48.19261,16.36745
68.5,17921213,Alsergrund,Entire rental unit,Entire home/apt,2,234.0,25,1,1.0,2,170,0,52,4.96,48.22251,16.34703
109.0,320953087,Brigittenau,Entire rental unit,Entire home/apt,4,0.0,20,2,1.5,1,152,0,39,4.77,48.24232,16.37686
228.24,131520571,Meidling,Entire rental unit,Entire home/apt,8,514.0,49,2,2.0,1,230,1,30,4.73,48.17833,16.32484
234.25,47034279,Wieden,Entire rental unit,Entire home/apt,6,301.0,56,3,1.5,1,267,1,573,4.87,48.19905,16.36773
120.0,716828117,Brigittenau,Entire rental unit,Entire home/apt,4,561.0,30,1,1.0,1,268,0,3,3.0,48.23507,16.37215
33.0,754484813,Liesing,Private room in rental unit,Private room,2,368.0,24,1,2.0,1,32,0,4,3.5,48.14766,16.29727
58.0,56332186,Innere Stadt,Shared room in hotel,Shared room,1,419.0,16,1,1.5,1,341,0,42,4.76,48.20335,16.37391
103.0,320953087,Brigittenau,Entire rental unit,Entire home/apt,4,300.0,14,1,1.5,1,175,0,43,4.81,48.2428,16.37754
205.5,1109415,Penzing,Entire rental unit,Entire home/apt,4,0.0,13,2,1.5,2,168,0,72,4.71,48.18894,16.30686
120.0,24403804,Rudolfsheim-Fünfhaus,Entire rental unit,Entire home/apt,5,312.0,13,1,1.5,2,157,0,48,4.63,48.18805326188005,16.32547211174091
123.55,66040140,Rudolfsheim-Fünfhaus,Entire rental unit,Entire home/apt,3,457.0,36,1,1.0,1,344,0,119,4.76,48.19686,16.31727
65.27,23334772,Leopoldstadt,Entire rental unit,Entire home/apt,2,161.0,19,1,1.5,30,139,1,4,5.0,48.22682,16.39669
37.0,754484813,Liesing,Private room in rental unit,Private room,2,339.0,28,1,1.0,1,51,0,2,3.0,48.14612,16.29747
164.5,45078053,Wieden,Entire rental unit,Entire home/apt,3,289.0,44,1,1.0,2,98,0,8,5.0,48.19195,16.37639
123.55,66040140,Meidling,Entire rental unit,Entire home/apt,4,430.0,43,1,1.0,1,153,0,63,4.76,48.178388016747256,16.32107691921
94.8,398706599,Leopoldstadt,Entire rental unit,Entire home/apt,1,257.0,24,2,1.0,5,292,0,1,4.0,48.22013,16.39894
99.0,29494065,Hernals,Entire rental unit,Entire home/apt,4,413.0,12,2,1.0,5,170,0,17,4.35,48.22169,16.33118
66.4,23334772,Leopoldstadt,Entire rental unit,Entire home/apt,2,185.0,19,1,1.0,30,170,1,4,5.0,48.22733,16.39555
130.67,153791533,Leopoldstadt,Entire rental unit,Entire home/apt,4,316.0,38,1,1.0,3,342,0,250,4.89,48.22316,16.37409
162.0,214475924,Innere Stadt,Private room in pension,Private room,3,484.0,20,1,0.0,1,275,1,2,5.0,48.20293,16.36995
417.0,19835600,Alsergrund,Entire rental unit,Entire home/apt,6,490.0,29,2,1.5,2,351,1,185,4.95,48.22358,16.36047
64.0,34123784,Penzing,Private room in rental unit,Private room,2,0.0,27,1,1.0,2,365,0,45,4.82,48.18842,16.3039
360.5,186217094,Innere Stadt,Room in boutique hotel,Private room,4,0.0,13,2,1.0,2,86,0,8,4.88,48.20471,16.37308
119.82,288328438,Rudolfsheim-Fünfhaus,Entire serviced apartment,Entire home/apt,4,436.0,40,2,1.0,1,71,0,257,4.62,48.18663,16.3232
182.6,4865438,Leopoldstadt,Entire rental unit,Entire home/apt,4,504.0,31,2,1.0,10,149,0,35,4.43,48.22437,16.40194
66.4,23334772,Leopoldstadt,Entire rental unit,Entire home/apt,2,212.0,14,1,1.0,30,170,1,1,5.0,48.22354,16.39474
147.25,167878357,Landstraße,Entire rental unit,Entire home/apt,4,505.0,5,1,1.0,4,365,1,4,4.75,48.19809,16.40219
202.0,292523281,Wieden,Entire rental unit,Entire home/apt,4,480.0,53,2,1.0,1,219,0,35,4.86,48.19686,16.37464
33.0,754484813,Liesing,Private room in rental unit,Private room,2,417.0,21,1,1.0,1,30,0,1,2.0,48.14775,16.29763
424.0,486883182,Meidling,Entire rental unit,Entire home/apt,10,438.0,47,5,3.0,2,284,0,95,4.73,48.17937554745976,16.337958704272364
185.0,181410615,Favoriten,Room in serviced apartment,Hotel room,4,514.0,35,1,1.0,2,362,0,3,4.67,48.16676330566406,16.38102912902832
118.0,693993088,Alsergrund,Entire rental unit,Entire home/apt,2,496.0,19,1,1.0,1,364,0,7,4.29,48.2154,16.34739
66.62,252955210,Rudolfsheim-Fünfhaus,Entire condo,Entire home/apt,2,428.0,19,1,1.0,2,198,0,121,4.71,48.1998473,16.3226184
33.0,754484813,Liesing,Private room in rental unit,Private room,2,415.0,26,1,1.0,1,59,0,3,3.0,48.14801,16.29722
88.8,52530495,Leopoldstadt,Entire rental unit,Entire home/apt,3,423.0,13,2,1.0,10,77,0,10,4.0,48.22643,16.39941
101.0,540236834,Liesing,Entire rental unit,Entire home/apt,4,447.0,34,1,1.0,1,257,0,1,5.0,48.13671981556175,16.317329894234405
192.33,386481736,Landstraße,Entire condo,Entire home/apt,2,356.0,42,1,1.0,3,303,0,176,4.96,48.19732,16.39902
282.0,575770548,Margareten,Entire rental unit,Entire home/apt,10,469.0,36,4,2.0,1,160,1,47,4.83,48.187508231260594,16.35053727775812
95.17,336300211,Landstraße,Entire condo,Entire home/apt,2,343.0,35,1,1.0,4,132,1,95,4.88,48.20125,16.38347
73.04,149786100,Wieden,Entire rental unit,Entire home/apt,2,109.0,31,1,1.0,1,146,1,454,4.71,48.19643,16.37026
104.0,432981693,Rudolfsheim-Fünfhaus,Room in hotel,Private room,2,515.0,40,1,1.0,1,354,0,6,4.67,48.19765,16.32225
710.0,18982651,Innere Stadt,Entire rental unit,Entire home/apt,10,537.0,47,4,3.0,2,227,1,408,4.9,48.20929,16.35633
104.0,478801791,Alsergrund,Entire serviced apartment,Entire home/apt,2,0.0,22,1,0.0,1,340,0,1,5.0,48.22594,16.36219
103.0,14270918,Ottakring,Entire condo,Entire home/apt,2,397.0,45,1,1.0,2,4,1,16,4.94,48.21686064303182,16.30824445367091
269.0,151274765,Hernals,Entire rental unit,Entire home/apt,8,388.0,44,1,1.0,2,320,0,1,4.0,48.23108574419792,16.29303672309389
434.79,455597430,Innere Stadt,Entire condo,Entire home/apt,6,510.0,43,3,2.0,2,301,1,31,4.71,48.2047821,16.3705158
537.0,133711089,Landstraße,Entire rental unit,Entire home/apt,3,203.0,47,1,1.0,1,362,0,1,5.0,48.19311,16.40125
188.0,156389769,Landstraße,Entire rental unit,Entire home/apt,2,197.0,23,2,1.5,1,365,0,3,3.67,48.20494,16.39698
513.53,652327052,Simmering,Entire rental unit,Entire home/apt,16,389.0,49,9,3.5,1,314,1,44,4.84,48.1751346,16.406035
105.0,571632714,Penzing,Entire rental unit,Entire home/apt,6,296.0,47,1,1.0,1,158,1,77,4.61,48.19748006229426,16.306698235327065
660.0,703531273,Innere Stadt,Entire rental unit,Entire home/apt,5,409.0,30,2,2.0,2,19,0,6,5.0,48.21398032101575,16.365626932235635
161.67,10383979,Landstraße,Entire loft,Entire home/apt,3,282.0,42,1,1.0,3,358,0,2,5.0,48.1983,16.40493
118.5,698505898,Ottakring,Entire rental unit,Entire home/apt,3,421.0,15,1,1.0,2,67,1,12,4.92,48.21066,16.31407
115.0,333777534,Ottakring,Entire rental unit,Entire home/apt,4,543.0,28,2,1.0,1,49,0,28,4.82,48.2200958,16.3165638
97.0,271233765,Penzing,Private room in serviced apartment,Private room,2,495.0,37,1,1.0,1,245,0,9,4.89,48.19877078599417,16.31105
118.82,124684490,Penzing,Entire condo,Entire home/apt,3,488.0,38,1,1.5,1,71,1,78,4.94,48.20122569846251,16.31052435300313
138.0,1547126,Alsergrund,Entire rental unit,Entire home/apt,4,420.0,27,1,1.0,1,292,1,10,4.8,48.21564,16.36148
140.5,148542688,Liesing,Entire rental unit,Entire home/apt,4,555.0,42,1,1.0,2,357,0,5,4.8,48.14176127036833,16.31135616391134
105.0,571632714,Penzing,Entire rental unit,Entire home/apt,6,331.0,47,1,1.0,1,152,1,81,4.81,48.19604599904908,16.306571733587518
182.5,148542688,Meidling,Entire rental unit,Entire home/apt,4,562.0,40,1,1.0,2,350,0,20,4.7,48.1604830100547,16.308883596513063
103.28,509354594,Ottakring,Entire rental unit,Entire home/apt,6,554.0,60,2,1.0,1,238,1,96,4.89,48.2166643896203,16.31469391286373
131.0,518673970,Alsergrund,Entire rental unit,Entire home/apt,2,429.0,26,1,1.5,2,149,1,48,4.9,48.22561,16.35682
112.0,314129512,Brigittenau,Entire condo,Entire home/apt,4,426.0,41,1,1.0,3,363,1,50,4.92,48.23890878819534,16.378210624952533
58.0,38689124,Josefstadt,Private room in bed and breakfast,Private room,1,518.0,3,1,1.0,1,73,0,1,5.0,48.20909,16.3481
104.5,194727,Rudolfsheim-Fünfhaus,Entire rental unit,Entire home/apt,3,439.0,37,1,1.0,2,39,0,280,4.86,48.19289,16.32376
195.5,208320591,Wieden,Entire rental unit,Entire home/apt,4,496.0,54,1,1.5,1,323,1,83,4.78,48.19686,16.37464
78.55,534113576,Hernals,Entire rental unit,Entire home/apt,3,278.0,37,1,1.0,20,291,1,15,4.93,48.2215068,16.3299854
307.0,116700689,Alsergrund,Entire rental unit,Entire home/apt,8,197.0,46,3,2.0,1,341,0,50,4.62,48.21705,16.35607
62.5,755624541,Wieden,Private room in rental unit,Private room,3,522.0,27,1,2.0,1,261,0,9,4.33,48.1917,16.3664
627.0,178599598,Innere Stadt,Entire rental unit,Entire home/apt,5,494.0,44,3,2.5,2,68,1,131,4.84,48.20339,16.37128
202.0,366675355,Josefstadt,Entire rental unit,Entire home/apt,3,283.0,21,1,1.5,2,294,1,68,4.96,48.20724,16.34994
83.91,77480001,Alsergrund,Entire rental unit,Entire home/apt,2,380.0,23,1,1.0,2,165,0,114,4.49,48.2251039,16.357706
4751.62,101345872,Favoriten,Entire rental unit,Entire home/apt,11,552.0,42,4,1.0,30,158,0,13,4.46,48.17585,16.35732
151.0,1547126,Innere Stadt,Entire rental unit,Entire home/apt,4,448.0,40,1,1.0,1,352,1,31,4.77,48.21393,16.36289
173.5,541257597,Favoriten,Entire rental unit,Entire home/apt,4,242.0,34,2,1.0,2,223,0,33,4.39,48.17449027728603,16.36585775477061
89.0,53178880,Brigittenau,Entire rental unit,Entire home/apt,4,152.0,51,2,1.0,1,229,0,99,4.67,48.23311,16.36579
199.5,518673970,Alsergrund,Entire rental unit,Entire home/apt,6,405.0,28,3,3.0,2,73,1,25,4.88,48.22561,16.35682
142.67,26989755,Ottakring,Entire rental unit,Entire home/apt,4,494.0,43,2,1.5,2,44,1,65,4.82,48.20861,16.3083
118.3,66040140,Penzing,Entire condo,Entire home/apt,4,460.0,33,1,1.0,1,10,0,74,4.78,48.19477,16.30153
196.0,90441918,Wieden,Entire rental unit,Entire home/apt,8,187.0,32,3,1.0,2,79,0,57,4.75,48.19601,16.37296
131.5,11365056,Josefstadt,Entire rental unit,Entire home/apt,4,109.0,14,1,1.5,2,170,0,85,4.82,48.20784,16.34596
152.5,148542688,Liesing,Entire rental unit,Entire home/apt,2,539.0,43,1,1.0,2,356,0,7,4.71,48.14243799322665,16.313378980566483
214.0,125293596,Liesing,Entire rental unit,Entire home/apt,6,375.0,45,2,1.0,2,265,0,14,4.93,48.15752,16.29189
410.0,706295119,Innere Stadt,Entire rental unit,Entire home/apt,5,437.0,13,2,1.0,2,225,1,3,5.0,48.20313,16.37121
351.0,150784775,Innere Stadt,Entire rental unit,Entire home/apt,4,0.0,35,2,1.0,2,335,0,179,4.84,48.20541,16.36867
124.0,148542688,Liesing,Entire rental unit,Entire home/apt,2,549.0,41,1,1.0,2,351,0,6,5.0,48.14115421722004,16.311641555992463
157.0,585613440,Meidling,Entire rental unit,Entire home/apt,4,490.0,43,1,1.0,1,364,0,3,5.0,48.16913,16.31811
77.67,92979273,Ottakring,Entire rental unit,Entire home/apt,2,495.0,37,1,0.5,3,314,1,146,4.86,48.21235,16.30666
138.0,512455853,Favoriten,Entire rental unit,Entire home/apt,2,429.0,48,1,1.0,1,29,0,23,4.78,48.17706,16.36591
141.0,47034279,Wieden,Entire rental unit,Entire home/apt,2,487.0,48,1,1.5,2,338,1,629,4.88,48.19861,16.36725
86.73,518939434,Rudolfsheim-Fünfhaus,Entire rental unit,Entire home/apt,3,499.0,24,1,1.0,2,191,0,13,5.0,48.19507,16.31809
194.3,293104680,Wieden,Entire rental unit,Entire home/apt,4,399.0,25,2,1.0,2,68,0,69,4.78,48.197056,16.36968
241.5,186217094,Innere Stadt,Room in boutique hotel,Private room,2,0.0,13,1,1.0,2,84,0,4,4.75,48.20471,16.37308
105.0,353394850,Alsergrund,Entire rental unit,Entire home/apt,2,126.0,39,1,1.0,1,233,0,28,4.68,48.21792,16.35137
268.5,14216524,Josefstadt,Entire rental unit,Entire home/apt,11,255.0,39,4,2.5,2,272,0,349,4.69,48.21055,16.35534
184.33,694035313,Rudolfsheim-Fünfhaus,Entire rental unit,Entire home/apt,8,407.0,36,2,1.0,3,76,1,4,4.5,48.1955,16.31471
571.0,173288055,Donaustadt,Entire home,Entire home/apt,12,352.0,55,4,3.0,2,334,0,3,4.67,48.22584,16.48256
92.0,157289966,Brigittenau,Entire rental unit,Entire home/apt,2,331.0,26,1,1.0,2,178,1,84,4.73,48.2306597,16.3758675
56.8,51562386,Rudolfsheim-Fünfhaus,Entire rental unit,Entire home/apt,4,521.0,23,1,1.0,30,265,1,32,4.91,48.19868,16.3247
141.0,214475924,Innere Stadt,Room in boutique hotel,Private room,2,484.0,16,1,0.0,1,234,1,7,4.86,48.20299,16.37148
126.0,379249783,Donaustadt,Entire rental unit,Entire home/apt,4,506.0,37,1,1.0,1,136,0,48,5.0,48.23014,16.46024
109.0,571632714,Penzing,Entire rental unit,Entire home/apt,4,354.0,47,1,1.0,1,251,1,92,4.68,48.19602574692186,16.306584338651607
108.99,657257173,Donaustadt,Entire rental unit,Entire home/apt,5,496.0,37,1,1.0,1,174,0,9,4.67,48.222284323622524,16.477557304636782
108.99,657257173,Donaustadt,Entire rental unit,Entire home/apt,5,496.0,40,1,1.0,1,150,0,9,4.67,48.221122377378,16.4793283142224
175.0,208320591,Favoriten,Entire condo,Entire home/apt,5,317.0,48,1,1.0,2,258,1,54,4.83,48.18347,16.38428
131.0,657257173,Donaustadt,Entire rental unit,Entire home/apt,6,576.0,40,2,1.0,1,149,0,30,4.1,48.25717,16.44523
175.0,383107369,Leopoldstadt,Room in hotel,Private room,4,469.0,21,1,1.0,1,260,1,66,4.91,48.21707,16.40481
85.62,158933196,Döbling,Entire rental unit,Entire home/apt,2,440.0,25,1,1.0,21,263,0,1,5.0,48.2352,16.35275
118.5,148542688,Liesing,Entire rental unit,Entire home/apt,2,519.0,40,1,1.0,2,347,0,3,5.0,48.1417,16.31356
136.0,214475924,Innere Stadt,Private room in pension,Private room,1,484.0,21,1,0.0,1,266,1,3,4.67,48.20383,16.37066
131.0,148542688,Liesing,Entire rental unit,Entire home/apt,2,538.0,43,1,1.0,2,344,0,6,4.83,48.14123745918794,16.311598004872376
211.12,215056405,Währing,Entire rental unit,Entire home/apt,4,411.0,33,2,1.0,1,62,1,184,4.96,48.21939800697322,16.341571983632353
198.0,116700689,Alsergrund,Entire rental unit,Entire home/apt,6,304.0,46,2,1.0,1,317,0,26,4.96,48.21562,16.35775
266.0,677109812,Innere Stadt,Entire rental unit,Entire home/apt,6,333.0,37,2,1.0,1,16,1,4,4.75,48.20051,16.3675
139.0,53178880,Brigittenau,Entire rental unit,Entire home/apt,6,51.0,43,2,1.0,1,202,0,123,4.72,48.23308944702149,16.365867614746094
277.34,1547126,Innere Stadt,Entire rental unit,Entire home/apt,8,515.0,24,3,1.5,1,202,1,188,4.84,48.214,16.36147
33.0,754484813,Liesing,Private room in rental unit,Private room,2,364.0,25,1,2.0,1,35,0,4,3.5,48.1472,16.29535
155.0,1547126,Innere Stadt,Entire rental unit,Entire home/apt,6,462.0,25,2,1.0,1,289,1,101,4.78,48.21462,16.36343
250.0,25231446,Ottakring,Entire loft,Entire home/apt,4,532.0,25,2,1.0,1,363,0,1,5.0,48.21087,16.32151
116.25,110831592,Landstraße,Entire rental unit,Entire home/apt,4,508.0,61,2,1.5,3,74,1,16,4.94,48.19995091531929,16.404347755014896
191.0,3011428,Neubau,Entire rental unit,Entire home/apt,2,324.0,51,1,1.0,2,49,1,141,4.95,48.207157135009766,16.34470558166504
166.0,122351049,Landstraße,Entire rental unit,Entire home/apt,4,449.0,28,2,1.0,2,61,1,92,4.77,48.19807,16.40074
70.0,504997811,Meidling,Entire rental unit,Entire home/apt,2,338.0,18,1,1.0,1,358,0,17,4.65,48.1641784,16.3155445
97.0,235195974,Meidling,Entire rental unit,Entire home/apt,2,460.0,28,1,1.0,1,278,1,360,4.83,48.1854,16.34191
99.0,53178880,Brigittenau,Entire rental unit,Entire home/apt,4,480.0,35,1,1.0,1,242,0,43,4.6,48.2331243,16.3656791
35.0,526737372,Ottakring,Private room in rental unit,Private room,2,420.0,40,1,1.0,1,357,0,2,4.0,48.2127858,16.3192092
325.5,243860957,Favoriten,Entire rental unit,Entire home/apt,10,429.0,27,5,2.0,2,275,1,48,4.77,48.17771640000001,16.3797716
175.0,727073472,Penzing,Entire rental unit,Entire home/apt,4,496.0,51,2,1.5,1,300,1,20,4.9,48.19215,16.29956
156.0,1547126,Innere Stadt,Entire rental unit,Entire home/apt,6,518.0,41,1,1.0,1,317,1,22,4.73,48.21399,16.36281
497.0,23962563,Innere Stadt,Entire rental unit,Entire home/apt,6,514.0,49,2,1.5,2,91,0,61,4.87,48.212296,16.356529
161.0,336055483,Landstraße,Entire rental unit,Entire home/apt,5,500.0,25,2,1.0,1,243,0,42,4.21,48.19473,16.39241
137.0,702583647,Alsergrund,Entire rental unit,Entire home/apt,2,518.0,39,1,1.0,4,8,1,21,4.95,48.22266509008657,16.363656895680055
175.0,1547126,Innere Stadt,Entire rental unit,Entire home/apt,6,480.0,19,2,1.5,1,307,1,9,4.89,48.21412,16.36178
713.0,467789214,Simmering,Entire rental unit,Entire home/apt,6,465.0,19,2,1.0,2,344,1,29,4.76,48.17558,16.40288
177.25,70373223,Landstraße,Entire rental unit,Entire home/apt,4,442.0,28,1,1.0,4,83,0,67,4.63,48.20169,16.38022
139.37,468952125,Leopoldstadt,Entire condo,Entire home/apt,4,434.0,46,1,1.5,1,269,0,28,4.89,48.22092,16.37276
116.0,540236834,Liesing,Entire rental unit,Entire home/apt,4,428.0,35,1,1.0,1,254,0,1,4.0,48.13898,16.3187
311.0,125293596,Liesing,Entire rental unit,Entire home/apt,6,440.0,47,2,1.5,2,249,0,45,4.67,48.15613,16.28989
120.91,77480001,Alsergrund,Entire condo,Entire home/apt,4,506.0,22,1,1.0,1,48,0,298,4.57,48.22511,16.3577
177.0,11258730,Josefstadt,Entire rental unit,Entire home/apt,4,493.0,28,2,1.5,2,214,0,40,4.88,48.20707,16.34893
150.0,14952347,Rudolfsheim-Fünfhaus,Entire rental unit,Entire home/apt,4,270.0,41,1,1.0,2,342,1,252,4.77,48.18411,16.32738
186.0,15717058,Landstraße,Entire rental unit,Entire home/apt,2,485.0,39,1,1.0,3,360,1,215,4.88,48.20712,16.39119
590.0,47278964,Wieden,Entire rental unit,Entire home/apt,10,378.0,39,5,5.0,1,291,1,2,5.0,48.19249841764165,16.3637088932541
208.33,8997037,Landstraße,Entire rental unit,Entire home/apt,4,495.0,50,1,1.0,3,231,1,201,4.87,48.2039,16.38391
161.5,28743480,Wieden,Entire rental unit,Entire home/apt,4,393.0,46,1,1.5,3,195,1,155,4.95,48.19584,16.37336
192.33,173250930,Landstraße,Entire condo,Entire home/apt,4,422.0,42,2,1.5,1,103,1,149,4.89,48.20973,16.39153
120.0,755759715,Margareten,Entire rental unit,Entire home/apt,3,390.0,50,1,1.0,2,31,0,10,5.0,48.1873278,16.3521024
86.0,92755511,Margareten,Entire rental unit,Entire home/apt,2,275.0,27,1,1.0,2,255,1,502,4.58,48.18253,16.35887
106.5,511999586,Wieden,Entire rental unit,Entire home/apt,2,504.0,30,1,1.0,3,174,1,99,4.99,48.19041434194048,16.36503171230316
189.33,420526785,Margareten,Entire rental unit,Entire home/apt,4,256.0,30,1,1.0,3,179,1,31,4.84,48.18553,16.3593
128.33,60967145,Margareten,Entire rental unit,Entire home/apt,3,471.0,29,1,1.0,3,234,1,203,4.97,48.18873,16.3542
171.5,574810600,Meidling,Entire rental unit,Entire home/apt,6,358.0,28,2,1.5,2,107,1,31,4.81,48.18116,16.33615
131.5,318191906,Margareten,Entire rental unit,Entire home/apt,4,498.0,39,1,1.0,2,353,0,298,4.85,48.18392,16.36034
405.0,57760086,Josefstadt,Entire rental unit,Entire home/apt,4,272.0,52,2,1.5,2,176,1,256,4.96,48.20942,16.35364
125.53,34876001,Leopoldstadt,Entire rental unit,Entire home/apt,4,436.0,34,1,1.0,1,195,1,40,4.83,48.22332,16.38549
125.53,78429873,Neubau,Entire condo,Entire home/apt,3,450.0,35,1,1.0,2,151,1,312,4.92,48.20046,16.35287
288.02,367491211,Margareten,Entire rental unit,Entire home/apt,12,495.0,54,5,2.5,1,204,1,160,4.88,48.1869743,16.353977
106.0,7052793,Leopoldstadt,Entire rental unit,Entire home/apt,4,480.0,35,1,1.0,1,20,0,20,4.45,48.22972,16.38781
135.8,40360534,Wieden,Entire rental unit,Entire home/apt,3,422.0,34,1,1.0,1,275,1,703,4.84,48.19636,16.36636
129.0,351699321,Wieden,Entire rental unit,Entire home/apt,3,454.0,35,1,1.0,1,96,0,115,4.77,48.18833109608912,16.367698042255547
182.0,520985618,Wieden,Entire rental unit,Entire home/apt,3,471.0,41,1,1.0,1,150,1,80,4.93,48.1916589,16.3743479
160.0,536093976,Mariahilf,Entire serviced apartment,Entire home/apt,4,440.0,44,1,1.0,1,330,1,19,4.79,48.1961215,16.3514093
350.75,20227941,Mariahilf,Entire condo,Entire home/apt,3,454.0,37,2,2.0,3,288,1,46,5.0,48.1999487,16.3613552
185.5,16038716,Meidling,Entire rental unit,Entire home/apt,10,422.0,46,3,1.0,2,151,1,77,4.78,48.18024,16.33432
125.67,10596887,Wieden,Entire rental unit,Entire home/apt,2,434.0,53,1,1.5,3,71,1,157,4.92,48.18555539779048,16.368085530176746
136.0,513711955,Rudolfsheim-Fünfhaus,Entire vacation home,Entire home/apt,8,489.0,57,3,1.5,1,34,0,28,4.61,48.20132900000001,16.3368875
132.0,27775775,Leopoldstadt,Entire rental unit,Entire home/apt,4,344.0,36,1,1.0,1,270,0,149,4.59,48.22147,16.38537
239.67,25316474,Leopoldstadt,Entire rental unit,Entire home/apt,6,498.0,40,3,2.0,3,158,1,113,4.9,48.21941,16.3791
145.0,477249193,Neubau,Entire rental unit,Entire home/apt,2,528.0,20,1,1.0,2,253,1,133,4.93,48.20251357887967,16.347703536103925
157.5,520985618,Wieden,Entire rental unit,Entire home/apt,2,461.0,39,1,1.0,1,163,1,165,4.91,48.1916589,16.3743479
255.33,101234301,Wieden,Entire rental unit,Entire home/apt,2,526.0,12,1,1.0,3,89,0,47,4.74,48.19192,16.3668
165.5,724984535,Ottakring,Entire rental unit,Entire home/apt,4,448.0,36,2,1.0,1,329,1,28,5.0,48.20561339415013,16.33216123860187
160.0,37553167,Ottakring,Entire rental unit,Entire home/apt,2,438.0,25,1,1.0,3,85,1,11,4.82,48.20564,16.33182
621.0,1996189,Innere Stadt,Entire rental unit,Entire home/apt,7,1000.0,47,4,2.0,1,191,1,122,4.98,48.20083,16.37017
140.0,63629482,Margareten,Entire rental unit,Entire home/apt,3,174.0,12,1,1.0,2,144,0,9,5.0,48.18574969419844,16.351478310219516
125.0,24420353,Mariahilf,Entire rental unit,Entire home/apt,4,421.0,45,1,1.0,2,354,1,589,4.89,48.19162178100339,16.34629099731419
144.67,20321724,Favoriten,Entire loft,Entire home/apt,5,465.0,21,3,1.5,6,318,0,67,4.49,48.16847,16.37279
172.01,11423001,Margareten,Entire condo,Entire home/apt,5,220.0,60,1,1.5,2,123,1,173,4.93,48.18768,16.34703
85.0,235195974,Meidling,Entire rental unit,Entire home/apt,3,392.0,25,1,1.0,1,315,1,467,4.79,48.18484,16.34298
153.0,557234527,Ottakring,Entire rental unit,Entire home/apt,4,338.0,25,1,1.0,1,256,0,28,4.79,48.205,16.3277
90.45,473779995,Mariahilf,Entire serviced apartment,Entire home/apt,3,357.0,47,1,1.0,2,332,0,410,4.75,48.18967,16.34538
155.5,16038716,Meidling,Entire rental unit,Entire home/apt,8,466.0,47,3,1.0,2,168,1,22,4.55,48.17996,16.33346
305.5,8567968,Landstraße,Entire condo,Entire home/apt,4,199.0,42,2,2.5,2,132,0,14,5.0,48.20905,16.39236
124.5,8494302,Margareten,Entire rental unit,Entire home/apt,4,230.0,44,1,1.0,2,254,1,98,4.73,48.18313,16.36073
179.5,9403216,Rudolfsheim-Fünfhaus,Entire rental unit,Entire home/apt,3,484.0,42,1,1.0,1,300,0,88,4.73,48.18853,16.3317
183.0,743398,Leopoldstadt,Entire rental unit,Entire home/apt,6,478.0,17,2,1.0,2,330,0,117,4.66,48.22372,16.3842
104.85,473779995,Mariahilf,Entire serviced apartment,Entire home/apt,4,358.0,48,1,1.5,2,330,0,251,4.62,48.19037,16.34761
233.94,72306907,Leopoldstadt,Entire rental unit,Entire home/apt,4,540.0,45,2,1.0,1,293,0,104,4.56,48.21377,16.37595
129.75,31538149,Margareten,Entire rental unit,Entire home/apt,4,381.0,31,1,1.0,3,97,0,285,4.8,48.19093,16.35628
154.0,1547126,Neubau,Entire rental unit,Entire home/apt,4,59.0,41,1,1.0,1,305,1,41,4.93,48.20036853582408,16.350728554571056
102.05,16038716,Meidling,Entire rental unit,Entire home/apt,4,496.0,13,1,1.0,2,126,1,19,4.84,48.17791,16.33241
199.0,50945012,Margareten,Entire rental unit,Entire home/apt,6,338.0,31,2,1.5,1,298,0,72,4.24,48.19324,16.35615
102.5,720498809,Favoriten,Entire serviced apartment,Entire home/apt,6,536.0,57,2,1.0,2,321,0,10,4.1,48.17892,16.36999
801.0,189066567,Innere Stadt,Entire rental unit,Entire home/apt,10,472.0,50,3,2.5,2,33,1,121,4.91,48.20636,16.37122
27.13,141076697,Leopoldstadt,Private room in rental unit,Private room,1,457.0,37,1,1.0,30,122,0,120,4.82,48.2258,16.37161
138.0,27775775,Rudolfsheim-Fünfhaus,Entire rental unit,Entire home/apt,4,513.0,40,1,1.0,1,335,0,823,4.79,48.19216,16.33025
158.0,271233765,Mariahilf,Private room in serviced apartment,Private room,2,416.0,40,1,1.0,1,227,0,6,4.83,48.18976,16.34133
175.67,17274290,Wieden,Entire rental unit,Entire home/apt,2,321.0,50,1,1.5,3,286,1,154,4.93,48.19015,16.37423
110.0,13933819,Brigittenau,Entire rental unit,Entire home/apt,3,367.0,52,1,1.5,2,177,1,9,4.89,48.23081,16.37088
79.79,1510847,Landstraße,Entire loft,Entire home/apt,2,435.0,32,1,1.0,7,160,1,250,4.91,48.20829,16.38859
108.5,559280277,Rudolfsheim-Fünfhaus,Entire condo,Entire home/apt,2,334.0,39,1,1.5,2,250,1,149,4.94,48.18676,16.33276
283.33,92979273,Hernals,Entire rental unit,Entire home/apt,6,391.0,22,3,1.0,3,359,1,95,4.66,48.21559,16.34008
150.0,275262911,Neubau,Private room in guesthouse,Private room,2,49.0,12,1,1.0,1,135,0,5,5.0,48.20042037963867,16.33997917175293
230.52,9158703,Alsergrund,Entire rental unit,Entire home/apt,4,293.0,40,2,1.5,2,35,1,186,4.89,48.21634,16.35735
343.0,5043685,Alsergrund,Entire rental unit,Entire home/apt,4,1000.0,39,2,1.0,1,188,1,354,4.97,48.22023,16.3601
84.0,235195974,Meidling,Entire rental unit,Entire home/apt,2,395.0,22,1,1.0,1,204,1,296,4.73,48.18423,16.34407
110.5,238860340,Rudolfsheim-Fünfhaus,Entire rental unit,Entire home/apt,2,450.0,26,1,1.0,1,342,0,3,4.67,48.19129,16.33493
123.5,238860064,Rudolfsheim-Fünfhaus,Entire serviced apartment,Entire home/apt,6,498.0,43,1,1.0,1,310,0,5,5.0,48.1857715,16.3345984
170.0,151274765,Landstraße,Entire serviced apartment,Entire home/apt,6,431.0,40,2,1.0,2,316,0,12,4.67,48.19238,16.39315
106.5,650414615,Favoriten,Entire rental unit,Entire home/apt,4,330.0,35,1,1.0,2,170,0,9,4.33,48.17548,16.37233
520.0,1108400,Neubau,Entire rental unit,Entire home/apt,16,543.0,40,4,2.5,1,160,0,217,4.59,48.19891,16.34061
186.33,7985044,Wieden,Entire rental unit,Entire home/apt,3,245.0,37,2,1.5,3,45,1,144,4.9,48.19011,16.37159
257.0,396457595,Innere Stadt,Private room in rental unit,Private room,2,515.0,8,1,1.0,1,71,0,5,5.0,48.2063463,16.3726636
137.5,743398,Leopoldstadt,Entire rental unit,Entire home/apt,4,492.0,26,1,1.0,2,329,0,168,4.68,48.22482,16.38578
127.29,27229891,Wieden,Entire condo,Entire home/apt,2,247.0,43,1,1.5,5,324,0,3,5.0,48.18645,16.3706
108.0,1547126,Neubau,Entire rental unit,Entire home/apt,2,59.0,46,1,1.0,1,318,1,31,4.94,48.20204,16.34914
204.0,442704673,Meidling,Entire condo,Entire home/apt,6,335.0,33,1,1.5,1,175,0,23,4.43,48.17879,16.32593
190.2,7345513,Landstraße,Entire rental unit,Entire home/apt,4,64.0,58,1,1.5,3,146,1,300,4.87,48.19879,16.37874
448.0,101234301,Wieden,Entire rental unit,Entire home/apt,6,458.0,16,2,1.0,3,89,0,17,4.69,48.1902,16.36672
201.67,21522401,Innere Stadt,Entire rental unit,Entire home/apt,2,509.0,57,1,1.0,3,185,1,277,5.0,48.2097,16.35585
293.33,1672542,Landstraße,Entire rental unit,Entire home/apt,6,497.0,42,2,1.5,3,335,0,65,4.89,48.20257,16.38458
160.0,238860064,Rudolfsheim-Fünfhaus,Entire serviced apartment,Entire home/apt,6,483.0,45,2,1.0,1,265,0,131,4.67,48.18579,16.33461
118.0,1547126,Margareten,Entire serviced apartment,Entire home/apt,4,0.0,36,1,1.0,1,323,1,21,4.81,48.185947,16.3602252
97.0,64601861,Ottakring,Entire rental unit,Entire home/apt,2,258.0,34,1,1.0,4,39,1,17,4.82,48.209774017333984,16.321060180664062
19.61,141076697,Meidling,Private room in rental unit,Private room,1,494.0,26,1,0.0,30,201,0,45,4.53,48.1782,16.34227
80.0,150058229,Rudolfsheim-Fünfhaus,Entire condo,Entire home/apt,2,480.0,34,1,1.0,3,54,1,167,4.85,48.19433,16.31698
100.0,8062107,Meidling,Entire condo,Entire home/apt,3,454.0,50,1,1.0,1,178,1,161,4.87,48.18484,16.34375
98.0,1395560,Landstraße,Private room in condo,Private room,2,517.0,26,1,0.0,2,301,1,320,4.86,48.19322,16.38504
114.33,4800220,Innere Stadt,Entire rental unit,Entire home/apt,2,458.0,31,1,1.0,3,62,1,42,4.64,48.20477,16.36692
103.0,584098645,Landstraße,Entire rental unit,Entire home/apt,2,540.0,24,1,1.0,2,54,0,62,4.77,48.20299,16.3904
183.5,14952347,Rudolfsheim-Fünfhaus,Entire rental unit,Entire home/apt,4,126.0,42,2,1.0,1,225,1,197,4.84,48.18516,16.32768
159.0,351699321,Wieden,Entire rental unit,Entire home/apt,4,449.0,33,1,1.0,1,299,0,51,4.71,48.18831,16.36739
84.3,189066567,Brigittenau,Entire rental unit,Entire home/apt,3,490.0,49,1,1.5,30,151,1,1,5.0,48.22985,16.36607
125.49,1426583,Wieden,Entire rental unit,Entire home/apt,3,482.0,40,1,1.5,31,248,0,18,4.94,48.19936,16.36674
147.0,1547126,Neubau,Entire rental unit,Entire home/apt,6,59.0,46,2,1.0,1,296,1,67,4.9,48.20082,16.35129
144.0,597459611,Ottakring,Entire rental unit,Entire home/apt,6,408.0,6,3,1.0,2,230,0,14,4.43,48.20537,16.33141
143.0,86841346,Margareten,Entire rental unit,Entire home/apt,6,263.0,18,3,1.0,2,293,0,86,4.59,48.18133,16.35324
79.73,5307364,Margareten,Entire rental unit,Entire home/apt,2,305.0,58,1,1.0,29,272,1,249,4.97,48.18811,16.36046
132.0,114204359,Ottakring,Entire rental unit,Entire home/apt,4,475.0,35,1,1.0,1,228,1,56,4.8,48.20536,16.3305
147.0,1547126,Neubau,Entire rental unit,Entire home/apt,6,55.0,43,2,1.0,1,289,1,54,4.89,48.20147951544767,16.35101649057274
85.59,2262994,Rudolfsheim-Fünfhaus,Entire rental unit,Entire home/apt,5,249.0,44,1,1.0,1,182,1,1005,4.86,48.19983,16.33778
400.0,274447859,Innere Stadt,Entire rental unit,Entire home/apt,3,436.0,36,2,2.0,1,55,0,2,5.0,48.2040595,16.3727336
75.32,92979273,Hernals,Entire rental unit,Entire home/apt,2,475.0,33,1,1.0,3,337,1,117,4.73,48.21708,16.34137
46.83,6920447,Meidling,Entire condo,Entire home/apt,2,502.0,48,1,1.0,30,264,1,241,4.91,48.17948,16.33135
489.0,32734970,Innere Stadt,Entire serviced apartment,Entire home/apt,4,504.0,66,2,1.5,3,347,1,13,5.0,48.21749,16.3693
135.5,157516604,Neubau,Entire rental unit,Entire home/apt,2,419.0,40,1,1.0,1,195,1,401,4.79,48.20056,16.35292
146.0,274565185,Brigittenau,Entire rental unit,Entire home/apt,2,439.0,40,1,1.5,1,277,0,54,4.78,48.23174,16.37084
145.0,342438510,Brigittenau,Room in aparthotel,Private room,4,466.0,47,1,1.0,1,318,1,1,5.0,48.23129,16.38619
98.0,589586260,Favoriten,Entire rental unit,Entire home/apt,4,545.0,38,1,1.0,1,171,0,8,4.25,48.16936,16.38638
139.0,440121334,Meidling,Entire rental unit,Entire home/apt,4,345.0,37,2,2.0,1,328,0,81,4.68,48.18236,16.33955
114.0,554191791,Penzing,Entire guesthouse,Entire home/apt,4,241.0,40,1,1.0,1,231,1,1,5.0,48.19003,16.30882
284.0,575770548,Innere Stadt,Entire rental unit,Entire home/apt,8,456.0,36,2,1.0,1,166,1,59,4.9,48.20813350998375,16.372246788008383
357.0,569024287,Innere Stadt,Entire rental unit,Entire home/apt,8,490.0,48,2,1.5,1,28,0,69,4.81,48.21142445065599,16.366219786928152
108.0,540236834,Liesing,Entire rental unit,Entire home/apt,4,526.0,35,2,1.0,1,267,0,1,3.0,48.13806,16.31688
131.0,416759382,Hernals,Entire rental unit,Entire home/apt,3,543.0,36,2,1.0,2,201,0,5,4.8,48.2204713,16.3362343
131.5,480458869,Liesing,Entire rental unit,Entire home/apt,5,485.0,46,2,1.0,2,358,0,11,4.82,48.15181,16.30446
136.0,406937496,Rudolfsheim-Fünfhaus,Room in aparthotel,Entire home/apt,4,402.0,48,1,1.0,1,336,0,49,4.78,48.18777,16.32479
128.0,34123784,Penzing,Private room in rental unit,Private room,4,389.0,23,2,1.0,2,362,0,63,4.7,48.18842,16.3039
114.0,554191791,Penzing,Entire guesthouse,Entire home/apt,4,246.0,41,1,1.0,1,261,1,2,4.5,48.190991,16.3079967
131.5,148542688,Meidling,Entire rental unit,Entire home/apt,2,516.0,42,1,1.0,2,358,0,12,4.5,48.160493614001794,16.309766446488467
71.84,30848908,Ottakring,Entire condo,Entire home/apt,3,474.0,45,1,1.0,2,57,0,6,5.0,48.2182,16.31999
86.0,569978283,Rudolfsheim-Fünfhaus,Entire rental unit,Entire home/apt,2,116.0,25,1,1.0,2,179,0,4,4.25,48.1896864,16.3238659
155.0,754484813,Liesing,Entire rental unit,Entire home/apt,7,463.0,27,3,1.0,1,343,0,1,1.0,48.14581,16.29534
376.0,311948487,Brigittenau,Entire serviced apartment,Entire home/apt,10,36.0,48,4,2.0,1,341,0,71,4.63,48.22876,16.38029
105.33,131671188,Alsergrund,Entire rental unit,Entire home/apt,6,491.0,42,2,1.5,3,200,0,202,4.78,48.2257,16.3501
679.0,17812363,Penzing,Entire rental unit,Entire home/apt,6,225.0,33,1,1.0,2,365,1,46,4.43,48.18935,16.30906
154.5,2967596,Währing,Entire rental unit,Entire home/apt,5,466.0,29,2,1.0,1,224,0,111,4.84,48.22738,16.34046
128.0,9383500,Neubau,Entire rental unit,Entire home/apt,4,171.0,49,1,1.5,4,250,1,231,4.88,48.20744,16.34386
389.5,17812363,Penzing,Entire rental unit,Entire home/apt,6,258.0,35,1,1.0,2,365,1,44,4.68,48.18916,16.30984
193.5,23962563,Landstraße,Entire rental unit,Entire home/apt,6,340.0,32,2,1.0,2,187,0,215,4.82,48.1971,16.38347
127.24,150083364,Josefstadt,Entire rental unit,Entire home/apt,4,469.0,39,1,1.0,1,106,1,453,4.88,48.20931,16.35296
170.25,94900242,Währing,Entire rental unit,Entire home/apt,3,414.0,41,1,1.0,4,359,1,32,5.0,48.22156,16.34215
176.0,484354974,Leopoldstadt,Private room in rental unit,Private room,4,428.0,32,2,1.0,1,116,0,13,4.46,48.2186604,16.4032881
328.0,271793202,Mariahilf,Room in boutique hotel,Hotel room,2,163.0,39,1,1.0,1,170,0,2,5.0,48.19979,16.36495
92.0,235195974,Meidling,Entire rental unit,Entire home/apt,3,416.0,24,1,1.0,1,272,1,410,4.79,48.18579,16.34214
89.5,27474034,Neubau,Private room in loft,Private room,2,213.0,31,1,1.0,2,30,1,589,4.92,48.20442,16.35413
107.0,491312976,Leopoldstadt,Entire rental unit,Entire home/apt,4,404.0,42,1,1.0,2,167,0,41,4.41,48.22476,16.38826
93.49,4235279,Rudolfsheim-Fünfhaus,Entire rental unit,Entire home/apt,3,502.0,46,1,1.5,1,234,1,112,4.78,48.18438,16.3271
115.0,491312976,Leopoldstadt,Entire rental unit,Entire home/apt,4,397.0,43,1,1.0,2,175,0,33,4.33,48.22544,16.38933
383.0,650760583,Leopoldstadt,Entire rental unit,Entire home/apt,5,503.0,51,2,1.5,1,144,1,17,4.94,48.22346258601185,16.383747192419456
89.0,418270816,Brigittenau,Entire rental unit,Entire home/apt,2,444.0,29,1,1.0,1,354,0,27,4.93,48.2290847,16.373511
148.0,1547126,Neubau,Entire rental unit,Entire home/apt,4,59.0,47,1,1.0,1,337,1,37,4.92,48.20006,16.3492
318.0,175131,Rudolfsheim-Fünfhaus,Entire rental unit,Entire home/apt,6,407.0,59,2,2.0,1,311,1,161,4.84,48.18438,16.3271
130.67,21757890,Währing,Entire condo,Entire home/apt,2,470.0,46,1,1.0,3,17,0,19,4.79,48.22186,16.34025
162.0,7147147,Innere Stadt,Entire rental unit,Entire home/apt,6,264.0,19,1,1.0,1,158,0,48,4.25,48.21475,16.36983
187.0,288328438,Rudolfsheim-Fünfhaus,Entire rental unit,Entire home/apt,6,510.0,34,2,1.0,1,353,0,114,4.35,48.19100542096521,16.33423646160553
87.3,1315010,Brigittenau,Entire rental unit,Entire home/apt,2,457.0,37,1,1.0,2,298,1,223,4.89,48.2309034,16.3721137
158.9,540246,Ottakring,Entire condo,Entire home/apt,10,100.0,41,5,3.0,14,111,0,5,4.2,48.20524,16.33146
154.0,1547126,Landstraße,Entire rental unit,Entire home/apt,4,333.0,28,1,1.0,1,353,1,22,4.82,48.20313,16.38592
91.0,428112605,Brigittenau,Entire rental unit,Entire home/apt,2,254.0,14,1,1.0,1,359,0,51,4.39,48.23016,16.36895
248.0,67879235,Neubau,Entire rental unit,Entire home/apt,4,354.0,56,1,1.0,1,266,1,151,4.95,48.20526,16.35483
120.0,482153295,Rudolfsheim-Fünfhaus,Entire condo,Entire home/apt,5,123.0,32,2,1.5,2,40,0,166,4.64,48.1913303,16.3294095
57.67,9009395,Ottakring,Entire rental unit,Entire home/apt,4,500.0,21,1,1.5,21,361,0,22,4.64,48.21933,16.31917
109.0,53178880,Brigittenau,Entire vacation home,Entire home/apt,2,65.0,43,1,1.0,1,241,0,167,4.68,48.22996,16.36732
102.71,99318742,Rudolfsheim-Fünfhaus,Entire rental unit,Entire home/apt,4,124.0,33,1,1.0,2,264,0,449,4.6,48.20081,16.33026
217.0,18630098,Landstraße,Entire condo,Entire home/apt,4,493.0,48,1,1.0,1,317,1,237,4.75,48.2022,16.3864
107.5,2651448,Brigittenau,Entire rental unit,Entire home/apt,2,533.0,39,1,1.0,2,80,0,409,4.79,48.2275,16.36824
185.5,22843624,Brigittenau,Entire rental unit,Entire home/apt,4,244.0,44,2,1.5,2,190,1,570,4.97,48.22817,16.37272
79.3,663472513,Neubau,Entire rental unit,Entire home/apt,3,511.0,51,1,1.5,30,324,0,47,4.77,48.20618,16.3422
60.93,8551061,Josefstadt,Entire rental unit,Entire home/apt,2,454.0,47,1,1.0,30,96,1,37,4.97,48.20998,16.345001
100.0,412019839,Brigittenau,Entire rental unit,Entire home/apt,5,374.0,36,1,1.0,1,74,0,152,4.65,48.22894,16.37056
197.5,545621803,Brigittenau,Entire rental unit,Entire home/apt,3,187.0,43,1,1.5,2,61,0,43,5.0,48.23261,16.37386
141.0,9403216,Rudolfsheim-Fünfhaus,Entire rental unit,Entire home/apt,5,500.0,42,2,1.0,1,315,0,176,4.8,48.18853,16.3317
99.0,481918816,Leopoldstadt,Entire rental unit,Entire home/apt,4,138.0,13,1,1.0,1,349,0,6,4.17,48.22601,16.38557
211.0,374436871,Landstraße,Entire rental unit,Entire home/apt,3,341.0,30,2,1.5,7,79,1,18,5.0,48.2016578,16.3894326
137.5,102817421,Rudolfsheim-Fünfhaus,Entire rental unit,Entire home/apt,2,445.0,36,1,1.0,2,256,0,88,4.78,48.199924,16.336256
149.0,316854149,Rudolfsheim-Fünfhaus,Entire rental unit,Entire home/apt,3,492.0,45,1,1.0,1,285,0,17,4.94,48.18569,16.32765
49.8,51562386,Rudolfsheim-Fünfhaus,Entire rental unit,Entire home/apt,4,527.0,22,2,1.5,30,354,1,2,5.0,48.19853896168535,16.323780669087235
226.0,83843720,Meidling,Entire rental unit,Entire home/apt,8,492.0,47,2,1.0,1,278,0,2,3.0,48.18025,16.34207
255.0,29870801,Landstraße,Entire condo,Entire home/apt,4,440.0,48,2,1.0,3,254,0,167,4.95,48.20161,16.38551
76.33,24350228,Ottakring,Entire rental unit,Entire home/apt,3,474.0,33,1,1.5,3,121,0,32,4.66,48.21734,16.31635
58.0,755624541,Wieden,Private room in rental unit,Private room,3,524.0,29,1,2.0,1,253,0,3,5.0,48.18934,16.36395
86.84,712746304,Meidling,Entire rental unit,Entire home/apt,4,327.0,42,2,1.0,1,318,1,18,4.89,48.18362,16.34414
252.0,527038417,Landstraße,Entire rental unit,Entire home/apt,6,505.0,33,2,2.0,1,136,0,58,4.6,48.207162764255465,16.388950752249414
44.96,451095954,Meidling,Entire rental unit,Entire home/apt,4,491.0,26,1,0.0,30,266,0,1,5.0,48.17791,16.34445
93.0,235195974,Meidling,Entire rental unit,Entire home/apt,4,537.0,27,1,1.0,1,310,1,318,4.78,48.18521,16.34401
117.5,238860340,Rudolfsheim-Fünfhaus,Entire rental unit,Entire home/apt,4,480.0,37,1,1.5,2,256,0,53,4.64,48.19155,16.33531
43.9,51562386,Rudolfsheim-Fünfhaus,Entire rental unit,Entire home/apt,4,534.0,23,1,1.0,30,339,1,17,4.82,48.19845,16.32358
199.0,51891892,Neubau,Entire rental unit,Entire home/apt,4,401.0,30,1,1.0,1,301,0,68,4.47,48.20478,16.34215
285.5,216276706,Innere Stadt,Entire rental unit,Entire home/apt,2,0.0,28,1,1.0,2,257,1,8,5.0,48.21121,16.37438
94.0,235195974,Meidling,Entire rental unit,Entire home/apt,2,459.0,23,1,1.0,1,241,1,384,4.84,48.18374,16.34392
52.0,51562386,Rudolfsheim-Fünfhaus,Entire rental unit,Entire home/apt,5,496.0,21,2,1.0,30,295,1,4,5.0,48.19939979999999,16.3241667
85.0,235195974,Meidling,Entire rental unit,Entire home/apt,2,460.0,25,1,1.0,1,321,1,311,4.83,48.1852,16.34206
96.1,468133069,Ottakring,Entire rental unit,Entire home/apt,4,417.0,23,2,1.0,14,118,0,4,4.75,48.20531,16.32829
118.0,520987562,Margareten,Entire rental unit,Entire home/apt,2,48.0,26,1,1.0,4,71,1,28,4.86,48.18712935317254,16.358509360713178
92.44,465308005,Brigittenau,Entire rental unit,Entire home/apt,2,452.0,21,1,1.0,1,228,0,2,4.0,48.23308,16.38657
46.1,51562386,Rudolfsheim-Fünfhaus,Entire rental unit,Entire home/apt,4,506.0,21,1,1.0,30,176,1,11,4.82,48.19976,16.32507
122.0,7147147,Alsergrund,Entire rental unit,Entire home/apt,5,187.0,15,1,1.0,1,153,0,7,4.57,48.22315,16.36721
365.5,327269669,Leopoldstadt,Entire rental unit,Entire home/apt,4,351.0,24,1,1.0,1,88,0,2,4.5,48.22411,16.38647
153.9,436366702,Leopoldstadt,Entire rental unit,Entire home/apt,4,480.0,9,1,1.0,1,259,0,2,4.0,48.22125,16.38985
110.0,238860064,Rudolfsheim-Fünfhaus,Entire serviced apartment,Entire home/apt,4,481.0,45,1,1.0,1,330,0,389,4.66,48.18579,16.33461
302.67,305673,Alsergrund,Entire rental unit,Entire home/apt,4,0.0,20,2,1.5,3,139,0,9,3.88,48.22621,16.36478
57.9,51562386,Rudolfsheim-Fünfhaus,Entire rental unit,Entire home/apt,5,508.0,19,3,1.0,30,68,1,13,4.85,48.1985,16.32483
154.5,2967596,Währing,Entire rental unit,Entire home/apt,5,489.0,35,2,1.0,1,203,0,117,4.8,48.22723,16.34276
285.5,206196525,Leopoldstadt,Entire condo,Entire home/apt,4,482.0,38,2,2.0,1,64,1,62,4.98,48.2197,16.37559
250.0,18933289,Alsergrund,Entire rental unit,Entire home/apt,4,487.0,35,2,1.5,3,323,0,36,4.89,48.21983337402344,16.359472274780273
213.0,9403216,Rudolfsheim-Fünfhaus,Entire rental unit,Entire home/apt,4,488.0,46,1,1.0,1,321,0,84,4.8,48.18853,16.3317
104.0,342438510,Brigittenau,Room in aparthotel,Private room,2,436.0,51,1,1.0,1,342,1,4,4.75,48.23129,16.38619
52.0,51562386,Rudolfsheim-Fünfhaus,Entire rental unit,Entire home/apt,5,525.0,21,2,1.0,30,342,1,5,5.0,48.19822,16.32464
131.5,99841065,Wieden,Entire condo,Entire home/apt,3,0.0,42,1,1.0,2,162,0,14,5.0,48.19143854768787,16.369852290213007
457.0,61486927,Landstraße,Entire rental unit,Entire home/apt,4,460.0,45,2,1.5,1,340,1,96,4.95,48.20837,16.39299
168.0,483250137,Innere Stadt,Entire rental unit,Entire home/apt,2,370.0,26,1,1.0,1,348,0,31,4.81,48.21311,16.37274
114.0,728287327,Leopoldstadt,Entire rental unit,Entire home/apt,6,418.0,52,1,1.5,1,214,0,7,4.0,48.22564,16.38744
176.0,189895939,Rudolfsheim-Fünfhaus,Entire rental unit,Entire home/apt,4,118.0,47,2,1.0,1,305,1,402,4.88,48.19416,16.3295
154.0,27392202,Alsergrund,Entire rental unit,Entire home/apt,4,463.0,32,2,1.5,1,213,0,131,4.89,48.22036,16.36767
73.0,664114247,Brigittenau,Entire rental unit,Entire home/apt,2,413.0,34,1,1.0,2,250,0,42,4.71,48.2285608,16.3880507
215.5,15884441,Leopoldstadt,Entire rental unit,Entire home/apt,5,247.0,31,1,1.0,2,30,1,354,4.81,48.22068,16.38278
111.0,1547126,Neubau,Entire rental unit,Entire home/apt,2,59.0,48,1,1.0,1,361,1,17,4.71,48.19995,16.34958
211.5,37567905,Innere Stadt,Entire condo,Entire home/apt,2,245.0,41,1,1.0,1,55,0,297,4.95,48.21458446910343,16.369645575715865
188.0,196356933,Margareten,Entire rental unit,Entire home/apt,6,472.0,26,2,1.5,2,300,1,179,4.73,48.19098,16.36263
31.0,589598935,Rudolfsheim-Fünfhaus,Private room in rental unit,Private room,2,430.0,31,1,2.0,1,303,0,7,3.86,48.1931,16.33096
155.5,30714379,Landstraße,Entire condo,Entire home/apt,4,295.0,28,1,1.5,2,137,0,4,5.0,48.1927573,16.3914594
43.7,51562386,Rudolfsheim-Fünfhaus,Entire rental unit,Entire home/apt,4,523.0,24,1,1.0,30,124,1,8,5.0,48.1993993821808,16.324172168970108
126.71,565163529,Ottakring,Entire rental unit,Entire home/apt,3,491.0,30,1,1.5,7,352,0,4,5.0,48.21207,16.32081
147.0,196356933,Margareten,Entire rental unit,Entire home/apt,2,469.0,26,1,1.0,2,365,1,11,4.91,48.19308,16.36234
86.0,235195974,Meidling,Entire rental unit,Entire home/apt,2,461.0,25,1,1.0,1,335,1,279,4.82,48.18596,16.34346
87.0,337073006,Brigittenau,Entire rental unit,Entire home/apt,4,493.0,31,1,0.5,2,69,0,21,4.95,48.22969650605958,16.36649674603273
192.0,711315477,Innere Stadt,Entire rental unit,Entire home/apt,2,399.0,25,1,1.0,1,337,0,1,5.0,48.2125145,16.3726334
221.83,1547126,Innere Stadt,Entire rental unit,Entire home/apt,5,509.0,25,1,1.5,1,206,1,306,4.72,48.20751,16.37899
72.0,383835177,Neubau,Entire rental unit,Entire home/apt,2,495.0,22,1,1.0,2,340,0,6,4.5,48.20253,16.3416
68.21,25486381,Josefstadt,Entire rental unit,Entire home/apt,2,385.0,37,2,1.0,30,221,0,53,4.94,48.212051,16.341583
121.5,24420353,Landstraße,Entire rental unit,Entire home/apt,4,422.0,41,1,1.5,2,360,1,410,4.82,48.20611,16.39233
92.5,10281621,Rudolfsheim-Fünfhaus,Entire rental unit,Entire home/apt,4,188.0,32,1,1.0,2,17,0,11,4.55,48.19966,16.33651
47.0,143034562,Landstraße,Private room in rental unit,Private room,1,60.0,35,1,1.0,1,3,0,1,5.0,48.21289,16.38825
112.5,490354529,Neubau,Entire rental unit,Entire home/apt,2,585.0,41,1,1.0,2,235,1,114,4.75,48.2010933,16.3532849
221.5,8233467,Rudolfsheim-Fünfhaus,Entire condo,Entire home/apt,4,468.0,54,2,3.0,4,226,0,7,5.0,48.19947082942272,16.336169349737137
157.0,2915187,Landstraße,Entire condo,Entire home/apt,4,0.0,60,1,1.0,2,130,1,230,4.95,48.21218,16.38909
99.0,53178880,Brigittenau,Entire rental unit,Entire home/apt,2,59.0,43,1,1.0,1,249,0,210,4.65,48.2308913,16.3665847
81.02,1643928,Landstraße,Entire rental unit,Entire home/apt,2,60.0,24,1,1.5,1,355,0,24,4.54,48.2065,16.39236
108.0,9403216,Rudolfsheim-Fünfhaus,Entire rental unit,Entire home/apt,4,454.0,44,1,1.0,1,313,0,86,4.85,48.18853,16.3317
132.5,474371701,Landstraße,Entire serviced apartment,Entire home/apt,4,393.0,53,1,1.0,2,276,0,235,4.81,48.21113,16.38815
69.14,20838421,Margareten,Entire condo,Entire home/apt,2,487.0,25,1,1.0,7,362,1,26,4.92,48.1845,16.35166
213.0,325844059,Rudolfsheim-Fünfhaus,Entire rental unit,Entire home/apt,4,538.0,15,3,1.0,1,179,0,36,4.78,48.19981,16.33111
120.0,414042848,Landstraße,Entire rental unit,Entire home/apt,4,372.0,33,2,1.0,1,354,1,27,4.89,48.2119709,16.3880817
155.0,1547126,Innere Stadt,Entire rental unit,Entire home/apt,4,274.0,25,1,1.0,1,320,1,194,4.72,48.20407,16.36555
99.86,1315010,Brigittenau,Entire rental unit,Entire home/apt,2,433.0,37,1,1.0,2,241,1,354,4.85,48.23199,16.37149
136.0,403207150,Landstraße,Entire condo,Entire home/apt,4,112.0,34,1,1.0,3,113,0,3,4.33,48.19821,16.38499
263.85,538003910,Landstraße,Entire rental unit,Entire home/apt,5,406.0,34,3,3.5,2,272,1,73,4.88,48.19697590000001,16.3925651
143.0,355747230,Landstraße,Entire rental unit,Entire home/apt,6,408.0,21,2,1.0,1,20,0,14,4.86,48.19334,16.39025
70.0,749111800,Brigittenau,Entire rental unit,Entire home/apt,2,776.0,36,1,1.0,1,142,0,2,4.5,48.22962771480712,16.369980149188926
133.52,170320466,Landstraße,Entire rental unit,Entire home/apt,2,460.0,31,1,1.0,2,210,1,182,4.74,48.20442,16.38568
365.18,690201261,Brigittenau,Entire rental unit,Entire home/apt,3,252.0,8,1,1.0,1,89,0,2,5.0,48.23047203272733,16.37542978610925
140.0,50945012,Margareten,Entire rental unit,Entire home/apt,6,338.0,40,2,1.0,1,293,0,45,4.53,48.19155,16.35602
336.25,748904641,Rudolfsheim-Fünfhaus,Entire rental unit,Entire home/apt,6,516.0,34,3,2.5,4,305,0,1,5.0,48.19629,16.32031
106.5,481682020,Neubau,Entire condo,Entire home/apt,3,477.0,46,1,1.0,2,155,1,217,4.89,48.20593,16.34691
46.46,4468399,Währing,Entire rental unit,Entire home/apt,2,0.0,36,1,1.0,30,64,1,119,4.87,48.22439,16.34076
137.26,9059932,Alsergrund,Entire rental unit,Entire home/apt,4,499.0,43,2,1.5,30,127,0,226,4.84,48.22559,16.35277
261.0,23962563,Landstraße,Entire rental unit,Entire home/apt,6,215.0,31,2,2.5,2,268,0,208,4.71,48.19758,16.38167
55.26,18185532,Meidling,Entire condo,Entire home/apt,3,73.0,56,1,1.0,2,35,1,78,4.9,48.1791,16.33371
47.0,580172276,Rudolfsheim-Fünfhaus,Room in hotel,Private room,2,471.0,5,1,1.0,1,352,0,47,4.47,48.18961,16.33545
217.0,6479432,Neubau,Entire rental unit,Entire home/apt,5,0.0,34,2,1.5,2,221,0,123,4.52,48.20533,16.3498
936.0,288328438,Rudolfsheim-Fünfhaus,Entire rental unit,Entire home/apt,8,197.0,39,2,1.0,1,354,0,24,4.46,48.19118,16.33631
105.4,140894806,Rudolfsheim-Fünfhaus,Entire rental unit,Entire home/apt,2,382.0,46,1,1.0,5,144,1,113,4.92,48.19871,16.32506
141.0,13700645,Margareten,Entire rental unit,Entire home/apt,6,203.0,35,2,1.0,3,50,0,174,4.58,48.18275,16.35772
377.0,546360737,Innere Stadt,Entire rental unit,Entire home/apt,2,506.0,42,1,2.0,2,76,0,6,5.0,48.20752,16.37159
57.26,506695159,Wieden,Entire rental unit,Entire home/apt,2,308.0,58,1,1.0,31,293,1,2,5.0,48.19895,16.36766
183.0,116686453,Leopoldstadt,Entire loft,Entire home/apt,2,352.0,39,1,1.0,2,342,0,127,4.89,48.21907,16.37782
128.5,47034279,Mariahilf,Entire rental unit,Entire home/apt,2,375.0,51,1,1.5,1,279,1,448,4.85,48.19981,16.36591
103.79,255953715,Innere Stadt,Entire condo,Entire home/apt,2,367.0,50,1,1.5,32,147,1,169,4.85,48.20594,16.36933
83.5,8304668,Landstraße,Entire loft,Entire home/apt,2,353.0,18,1,1.0,1,235,1,584,4.77,48.1927,16.3879
140.29,3545092,Margareten,Entire rental unit,Entire home/apt,3,503.0,9,2,2.5,5,354,0,2,5.0,48.1869722,16.3605527
242.25,47784710,Mariahilf,Entire rental unit,Entire home/apt,6,281.0,60,3,2.0,3,200,1,231,4.97,48.20087,16.36067
104.5,2150005,Landstraße,Entire rental unit,Entire home/apt,4,212.0,21,1,1.0,2,168,1,393,4.82,48.19196,16.38874
120.33,259982818,Wieden,Entire rental unit,Entire home/apt,4,320.0,27,1,1.0,3,329,0,121,4.76,48.19035,16.36492
67.7,16038716,Meidling,Entire condo,Entire home/apt,3,282.0,48,1,1.0,20,364,1,61,4.77,48.18014,16.33644
127.5,156149567,Margareten,Entire rental unit,Entire home/apt,3,136.0,42,1,1.5,2,194,0,25,4.52,48.1853841,16.3590775
98.23,14070533,Alsergrund,Entire rental unit,Entire home/apt,2,490.0,28,1,1.5,30,62,1,5,4.8,48.21928,16.36527
94.7,38054509,Alsergrund,Entire rental unit,Entire home/apt,6,458.0,34,2,1.0,28,336,1,247,4.86,48.22371,16.35219
257.0,204973629,Hernals,Entire condo,Entire home/apt,6,487.0,45,3,1.0,4,348,0,31,4.94,48.217,16.32464
155.77,105424816,Meidling,Entire rental unit,Entire home/apt,4,477.0,30,1,1.5,2,59,1,150,4.87,48.1787,16.34373
157.0,27775775,Meidling,Entire rental unit,Entire home/apt,5,521.0,48,1,1.0,1,295,0,244,4.85,48.18137,16.33456
63.0,16038716,Meidling,Entire condo,Entire home/apt,4,248.0,30,1,1.0,2,172,1,156,4.73,48.17984,16.33514
148.5,316340665,Landstraße,Entire rental unit,Entire home/apt,4,525.0,35,1,1.0,2,13,1,246,4.94,48.19899,16.38442
233.0,580471127,Innere Stadt,Entire rental unit,Entire home/apt,6,419.0,27,3,1.0,1,283,0,34,4.0,48.20738,16.36672
321.0,228976137,Landstraße,Private room in rental unit,Private room,4,398.0,55,2,2.0,2,354,1,15,4.67,48.19986,16.38505
129.33,28014963,Wieden,Entire rental unit,Entire home/apt,3,525.0,42,1,1.0,3,39,0,58,4.91,48.19309,16.36625
237.0,3391161,Neubau,Entire condo,Entire home/apt,3,246.0,38,1,1.5,1,234,1,301,4.99,48.20462,16.35284
137.63,308688308,Leopoldstadt,Entire rental unit,Entire home/apt,4,452.0,30,1,0.0,5,101,0,7,4.57,48.21602,16.3778
150.9,574810600,Meidling,Entire rental unit,Entire home/apt,4,382.0,30,1,1.5,2,305,1,45,4.8,48.18105,16.33612
659.5,26672755,Innere Stadt,Entire rental unit,Entire home/apt,4,469.0,39,2,2.0,2,153,0,21,4.9,48.2141033,16.3663734
235.0,11575955,Margareten,Entire rental unit,Entire home/apt,3,256.0,44,1,1.5,2,364,0,30,4.97,48.18962955575062,16.352668906475277
171.2,427404277,Meidling,Entire condo,Entire home/apt,5,117.0,41,2,1.0,2,297,1,54,4.96,48.18152,16.33719
132.0,718906424,Rudolfsheim-Fünfhaus,Entire rental unit,Entire home/apt,6,381.0,22,2,1.0,2,307,0,2,5.0,48.18429,16.32991
105.67,428112605,Margareten,Entire rental unit,Entire home/apt,2,422.0,18,1,1.0,3,171,0,34,4.32,48.18925,16.35779
125.29,26940706,Josefstadt,Entire guest suite,Entire home/apt,2,258.0,13,1,1.5,3,362,0,63,4.57,48.20768,16.35328
20.35,141076697,Meidling,Private room in rental unit,Private room,1,384.0,27,1,0.0,30,275,0,108,4.69,48.17956,16.34256
158.5,47278964,Wieden,Entire rental unit,Entire home/apt,2,476.0,44,1,1.0,1,322,1,22,4.86,48.19257786359753,16.363874879840097
225.34,15594055,Rudolfsheim-Fünfhaus,Entire rental unit,Entire home/apt,6,548.0,54,2,1.5,1,150,1,291,4.83,48.19935,16.33721
196.37,573031429,Mariahilf,Entire condo,Entire home/apt,2,452.0,26,1,1.0,4,126,0,2,5.0,48.1986603,16.3602484
24.0,396597805,Rudolfsheim-Fünfhaus,Shared room in hotel,Shared room,1,325.0,7,1,3.0,1,360,0,35,4.71,48.19581779320243,16.33739176190187
171.0,267756350,Meidling,Entire condo,Entire home/apt,4,0.0,46,1,1.0,2,307,1,90,4.98,48.18593,16.34187
251.0,67879235,Neubau,Entire rental unit,Entire home/apt,6,354.0,58,2,1.0,1,214,1,190,4.99,48.20451,16.35475
152.0,52413891,Margareten,Entire rental unit,Entire home/apt,2,476.0,24,1,1.5,3,44,0,9,4.89,48.19054,16.35358
193.5,461303306,Landstraße,Entire rental unit,Entire home/apt,5,332.0,19,3,1.0,2,177,0,16,4.38,48.1952,16.39193
90.27,2635028,Brigittenau,Entire rental unit,Entire home/apt,4,484.0,28,1,1.5,3,51,1,230,4.83,48.23108,16.38769
395.8,9556855,Mariahilf,Entire rental unit,Entire home/apt,4,262.0,42,2,2.0,1,170,1,59,4.93,48.19968,16.36068
147.0,9403216,Rudolfsheim-Fünfhaus,Entire rental unit,Entire home/apt,5,485.0,45,2,1.0,1,326,0,72,4.78,48.18869,16.3316
279.5,189066567,Landstraße,Entire rental unit,Entire home/apt,4,550.0,54,1,1.0,2,357,1,157,4.89,48.21125,16.3906
133.0,480826414,Margareten,Entire rental unit,Entire home/apt,5,387.0,47,1,1.0,2,315,0,49,4.61,48.18715,16.35999
401.0,497029819,Innere Stadt,Entire rental unit,Entire home/apt,6,519.0,49,1,1.0,2,102,1,108,4.91,48.20992,16.37082
168.5,414022684,Margareten,Entire rental unit,Entire home/apt,4,454.0,21,2,1.0,2,16,0,6,4.5,48.181648,16.3616393
137.0,9158703,Innere Stadt,Entire rental unit,Entire home/apt,2,248.0,38,1,1.0,3,56,1,45,4.78,48.21139,16.38338
97.0,191864209,Margareten,Entire condo,Entire home/apt,3,60.0,30,1,1.0,3,62,1,47,4.79,48.18315,16.35808
89.0,238860340,Rudolfsheim-Fünfhaus,Entire rental unit,Entire home/apt,2,497.0,46,1,1.0,1,173,0,49,4.82,48.1914,16.33351
111.0,20651672,Margareten,Entire rental unit,Entire home/apt,2,495.0,6,1,1.0,1,148,0,1,5.0,48.1849881064278,16.355346412551434
161.67,131671188,Alsergrund,Entire rental unit,Entire home/apt,12,529.0,39,4,1.5,3,224,0,163,4.77,48.2257,16.3501
251.5,116872827,Landstraße,Entire rental unit,Entire home/apt,5,280.0,14,2,1.0,4,348,0,36,4.97,48.21276,16.39186
123.0,146196,Neubau,Entire rental unit,Entire home/apt,6,477.0,32,1,1.0,1,266,0,321,4.61,48.20645,16.34686
133.33,367656762,Alsergrund,Entire rental unit,Entire home/apt,2,408.0,40,1,1.0,3,282,0,19,4.84,48.21975,16.36259
50.08,4571247,Margareten,Entire condo,Entire home/apt,4,496.0,50,1,1.0,31,348,0,68,4.96,48.187346228887975,16.364337642327865
116.41,175131,Neubau,Entire rental unit,Entire home/apt,8,84.0,61,2,1.5,30,45,1,259,4.84,48.20549,16.35443
145.5,206196525,Leopoldstadt,Entire condo,Entire home/apt,2,490.0,28,1,1.0,2,66,1,227,4.93,48.21971,16.37561
158.67,8494302,Margareten,Entire rental unit,Entire home/apt,7,292.0,37,2,2.0,3,187,1,58,4.93,48.18375,16.3599
119.0,406937496,Rudolfsheim-Fünfhaus,Room in aparthotel,Entire home/apt,3,466.0,28,1,1.0,1,326,0,65,4.72,48.18628,16.32703
178.5,1996189,Ottakring,Entire rental unit,Entire home/apt,4,111.0,50,2,1.5,2,339,1,37,4.95,48.2126059,16.3137471
133.67,39957135,Landstraße,Entire rental unit,Entire home/apt,2,248.0,25,1,1.0,3,172,0,19,4.63,48.20808,16.39049
99.0,92755511,Margareten,Entire rental unit,Entire home/apt,4,403.0,40,1,1.0,3,159,1,54,4.93,48.18271,16.35965
236.0,61486927,Landstraße,Entire rental unit,Entire home/apt,4,501.0,35,2,1.0,2,237,1,217,4.95,48.20766,16.39272
160.0,4111982,Mariahilf,Entire rental unit,Entire home/apt,6,0.0,13,3,2.0,3,353,0,56,4.93,48.19278,16.34131
123.55,66040140,Rudolfsheim-Fünfhaus,Entire rental unit,Entire home/apt,2,444.0,43,1,1.0,1,176,0,103,4.82,48.18736332709241,16.32606250491589
97.0,112307968,Rudolfsheim-Fünfhaus,Private room in rental unit,Private room,2,323.0,26,1,1.0,1,79,0,8,5.0,48.18921,16.33242
202.0,2045185,Brigittenau,Entire rental unit,Entire home/apt,4,493.0,9,2,1.0,2,26,0,4,4.75,48.23052301383843,16.37145473862305
134.67,92979273,Hernals,Entire rental unit,Entire home/apt,4,272.0,32,2,1.5,3,343,1,85,4.66,48.217079,16.341366
233.0,575770548,Landstraße,Entire rental unit,Entire home/apt,4,424.0,44,1,1.0,1,45,1,17,4.88,48.19523,16.41027
259.33,127214881,Mariahilf,Entire rental unit,Entire home/apt,8,518.0,40,4,1.5,2,297,1,241,4.94,48.193298242267815,16.349893950106853
92.5,653822191,Brigittenau,Entire rental unit,Entire home/apt,4,518.0,32,1,1.0,1,161,0,16,4.38,48.23215,16.37358
101.0,51145598,Währing,Entire rental unit,Entire home/apt,4,226.0,21,2,1.0,3,66,0,119,4.71,48.22208,16.33937
94.0,54741385,Simmering,Entire rental unit,Entire home/apt,4,84.0,45,1,1.0,1,357,0,45,4.64,48.17636,16.40569
100.0,249376773,Währing,Private room in bed and breakfast,Private room,4,228.0,36,1,1.0,1,75,0,14,5.0,48.23665,16.33624
155.5,701484390,Leopoldstadt,Entire rental unit,Entire home/apt,3,506.0,28,2,1.0,1,62,0,10,4.7,48.22208793254817,16.407837286297813
214.0,414241532,Innere Stadt,Entire serviced apartment,Entire home/apt,3,463.0,46,1,1.0,2,186,1,146,4.98,48.20999,16.37225
217.96,43667243,Landstraße,Entire condo,Entire home/apt,2,297.0,44,1,1.0,1,187,1,54,4.91,48.21114,16.38961
229.67,715100396,Margareten,Entire condo,Entire home/apt,10,361.0,47,3,1.5,1,168,1,29,4.97,48.184305449700055,16.364026442170143
137.0,571497431,Simmering,Entire rental unit,Entire home/apt,14,77.0,20,6,3.0,1,11,0,1,5.0,48.18383220944883,16.421743835366136
104.5,5654805,Margareten,Entire condo,Entire home/apt,2,247.0,49,1,1.5,4,188,1,116,4.95,48.18193,16.36169
62.5,391685367,Margareten,Entire rental unit,Entire home/apt,5,398.0,27,1,1.0,1,239,0,20,4.75,48.18504,16.36472
93.74,163995769,Landstraße,Entire serviced apartment,Entire home/apt,2,549.0,46,1,1.5,7,247,1,96,4.83,48.20561,16.39219
98.74,8632750,Alsergrund,Entire rental unit,Entire home/apt,6,204.0,41,2,1.0,28,323,0,28,4.46,48.2283383,16.3563241
97.0,559280277,Rudolfsheim-Fünfhaus,Entire condo,Entire home/apt,2,317.0,40,1,1.0,2,270,1,148,4.82,48.1879032,16.333636
148.35,677022647,Landstraße,Entire rental unit,Entire home/apt,3,484.0,39,1,1.0,4,198,0,6,5.0,48.18832820398956,16.397663312610693
198.33,71074913,Innere Stadt,Entire rental unit,Entire home/apt,2,448.0,32,1,1.0,3,6,0,26,4.85,48.20843,16.37947
300.67,39158443,Innere Stadt,Entire rental unit,Entire home/apt,2,304.0,28,1,1.5,1,125,1,286,4.92,48.2116,16.36767
121.0,448716728,Rudolfsheim-Fünfhaus,Entire serviced apartment,Entire home/apt,4,220.0,40,1,1.0,1,360,1,3,4.0,48.187057,16.331327
126.22,106601468,Hietzing,Entire rental unit,Entire home/apt,4,438.0,63,1,1.5,2,289,1,105,4.99,48.19117,16.278414
223.0,259724588,Rudolfsheim-Fünfhaus,Entire rental unit,Entire home/apt,6,498.0,32,2,1.0,1,161,0,47,4.51,48.1935,16.33599
637.33,7302173,Donaustadt,Entire home,Entire home/apt,6,503.0,57,3,3.0,3,343,0,18,4.67,48.23864,16.4311
155.2,650786376,Leopoldstadt,Entire rental unit,Entire home/apt,1,480.0,41,1,1.5,5,58,0,31,4.71,48.21943,16.37963
138.0,351699321,Wieden,Entire rental unit,Entire home/apt,3,449.0,36,1,1.0,1,195,0,81,4.67,48.19035,16.36729
285.0,438683923,Innere Stadt,Entire rental unit,Entire home/apt,3,409.0,44,2,1.0,4,45,0,5,4.8,48.2038345,16.3677859
156.0,55391610,Meidling,Entire condo,Entire home/apt,4,455.0,31,1,1.5,3,73,0,30,4.83,48.17808,16.33971
430.0,175131,Rudolfsheim-Fünfhaus,Entire rental unit,Entire home/apt,8,425.0,56,3,1.5,1,127,1,249,4.87,48.18444,16.32717
112.03,694035313,Rudolfsheim-Fünfhaus,Entire rental unit,Entire home/apt,5,460.0,36,1,1.0,1,97,1,5,5.0,48.1949,16.31466
84.0,449036112,Leopoldstadt,Room in hotel,Private room,1,404.0,32,1,1.0,1,168,0,1,3.0,48.21831,16.37941
201.0,1547126,Mariahilf,Entire rental unit,Entire home/apt,4,274.0,25,1,1.0,1,320,1,302,4.86,48.20162,16.36335
85.59,6958146,Wieden,Entire loft,Entire home/apt,4,151.0,48,1,1.0,6,357,0,112,4.69,48.19526,16.36736
215.6,5631394,Wieden,Entire rental unit,Entire home/apt,4,276.0,45,1,1.5,5,134,1,39,4.87,48.19989,16.36673
138.0,1547126,Neubau,Entire rental unit,Entire home/apt,4,59.0,38,1,1.0,1,347,1,18,4.89,48.20229,16.35095
311.67,20068276,Ottakring,Entire serviced apartment,Entire home/apt,4,359.0,73,2,1.5,3,278,1,3,4.67,48.21262,16.33771
84.5,300235886,Ottakring,Private room in rental unit,Private room,2,482.0,20,1,1.0,2,342,0,3,5.0,48.20506540397423,16.32728288586144
127.0,731189765,Hietzing,Entire rental unit,Entire home/apt,2,452.0,27,1,1.0,1,318,0,7,5.0,48.19089,16.28323
102.0,436883702,Neubau,Entire rental unit,Entire home/apt,4,404.0,17,1,1.0,1,318,0,51,3.96,48.2071018,16.3382113
168.67,74591354,Favoriten,Entire rental unit,Entire home/apt,4,378.0,40,1,1.0,3,195,0,3,5.0,48.1739217,16.3848105
175.0,751188169,Simmering,Entire rental unit,Entire home/apt,6,463.0,52,3,1.0,1,325,0,20,5.0,48.18316,16.4104
80.0,47957880,Rudolfsheim-Fünfhaus,Entire rental unit,Entire home/apt,2,471.0,40,1,1.0,1,350,0,34,4.47,48.18856,16.33193
82.57,14756880,Meidling,Entire rental unit,Entire home/apt,2,287.0,46,1,1.5,7,364,0,19,4.58,48.18228,16.34306
190.2,89085867,Alsergrund,Entire rental unit,Entire home/apt,4,451.0,39,1,1.0,2,55,1,237,4.81,48.2148,16.3617
77.54,5218168,Innere Stadt,Entire condo,Entire home/apt,4,388.0,38,1,1.0,28,67,0,190,4.82,48.20221,16.36357
186.25,208057526,Landstraße,Entire rental unit,Entire home/apt,4,364.0,25,1,1.0,4,257,1,114,4.96,48.2036236,16.3921469
720.0,21475649,Landstraße,Entire rental unit,Entire home/apt,8,299.0,46,4,2.0,1,103,0,166,4.89,48.2010614,16.3796363
188.0,196356933,Margareten,Entire rental unit,Entire home/apt,6,473.0,30,2,1.5,2,255,1,223,4.89,48.1907,16.36215
134.0,29176864,Brigittenau,Entire rental unit,Entire home/apt,3,455.0,14,1,1.0,2,114,1,18,4.78,48.23373,16.37556
108.0,189402948,Mariahilf,Entire rental unit,Entire home/apt,2,575.0,33,1,1.0,1,108,0,1,5.0,48.20155237554502,16.36299734117205
119.0,351699321,Wieden,Entire rental unit,Entire home/apt,5,449.0,36,1,1.5,1,271,0,39,4.56,48.189722426944215,16.365706404945193
128.0,124833931,Wieden,Entire rental unit,Entire home/apt,4,225.0,38,1,1.0,3,161,1,357,4.85,48.19923,16.36938
130.0,476045631,Rudolfsheim-Fünfhaus,Entire rental unit,Entire home/apt,3,499.0,42,1,1.0,2,147,1,65,4.95,48.2041828,16.3298095
146.67,44287689,Josefstadt,Entire rental unit,Entire home/apt,4,489.0,50,1,1.0,3,293,1,86,4.87,48.21232,16.34987
112.67,554488956,Ottakring,Entire rental unit,Entire home/apt,4,510.0,40,1,1.0,2,146,1,76,4.99,48.21343,16.31523
372.29,51131572,Josefstadt,Entire rental unit,Entire home/apt,6,517.0,36,3,2.0,7,287,1,20,5.0,48.20717,16.34649
100.5,7550673,Josefstadt,Entire condo,Entire home/apt,4,500.0,33,1,1.5,1,67,0,80,4.95,48.21172820293969,16.34173984329499
156.33,1996189,Ottakring,Entire rental unit,Entire home/apt,3,107.0,38,2,1.5,3,288,1,49,4.9,48.2126059,16.3137471
233.5,6132593,Innere Stadt,Entire rental unit,Entire home/apt,4,330.0,43,1,1.0,2,10,1,43,4.7,48.21389,16.37293
120.66,26940706,Josefstadt,Entire guest suite,Entire home/apt,2,121.0,18,1,1.0,3,338,0,52,4.6,48.20756,16.35366
195.13,20068276,Josefstadt,Entire condo,Entire home/apt,6,297.0,46,3,1.5,5,294,1,6,4.83,48.21319,16.34066
126.0,661633780,Neubau,Entire rental unit,Entire home/apt,2,447.0,32,1,1.0,1,236,0,12,4.75,48.20041,16.33813
98.0,151926955,Rudolfsheim-Fünfhaus,Entire rental unit,Entire home/apt,2,438.0,26,1,1.0,1,339,0,83,4.49,48.19404,16.3375
130.2,192722001,Meidling,Entire condo,Entire home/apt,4,473.0,44,1,1.5,5,232,1,5,5.0,48.18041496181779,16.34520578368074
113.0,470890859,Margareten,Entire condo,Entire home/apt,2,406.0,40,1,1.0,2,47,1,76,4.89,48.18722,16.35691
84.54,38054509,Alsergrund,Entire rental unit,Entire home/apt,4,433.0,37,1,1.0,28,234,1,193,4.81,48.22363,16.35267
85.0,559939792,Neubau,Entire rental unit,Entire home/apt,1,492.0,22,1,1.0,1,337,0,19,4.26,48.20485,16.34143
123.25,520987562,Margareten,Entire rental unit,Entire home/apt,2,63.0,22,1,1.0,4,64,1,67,4.85,48.187183,16.3586542
98.2,5825764,Ottakring,Private room in condo,Private room,2,482.0,50,1,1.0,4,44,1,75,4.97,48.20541,16.33022
136.0,122565751,Landstraße,Entire rental unit,Entire home/apt,2,248.0,17,1,1.0,3,171,0,11,4.73,48.2079,16.38866
193.0,1833176,Innere Stadt,Entire rental unit,Entire home/apt,2,511.0,23,1,1.0,2,218,0,96,4.63,48.21351,16.37282
98.93,54637141,Leopoldstadt,Private room in loft,Private room,2,468.0,39,1,1.0,1,251,1,460,4.86,48.22003173828125,16.370298385620117
346.5,107032606,Mariahilf,Entire rental unit,Entire home/apt,7,429.0,35,3,2.0,2,45,1,94,4.93,48.19971,16.35799
204.0,293104680,Landstraße,Entire home,Entire home/apt,5,433.0,32,2,1.0,2,196,0,67,4.66,48.20116,16.38723
167.0,548840183,Neubau,Entire rental unit,Entire home/apt,4,529.0,33,2,1.0,1,109,0,28,4.61,48.20509,16.35015
47.58,64388242,Alsergrund,Entire rental unit,Entire home/apt,2,66.0,23,1,1.0,31,317,1,31,4.9,48.2293,16.35582
429.0,433540510,Wieden,Entire rental unit,Entire home/apt,5,354.0,30,2,2.0,3,88,1,9,5.0,48.19541,16.36856
96.24,385064248,Landstraße,Entire rental unit,Entire home/apt,2,232.0,28,1,1.5,30,181,0,1,5.0,48.20662,16.38966
154.06,695138731,Margareten,Entire condo,Entire home/apt,4,299.0,31,2,1.0,1,353,0,28,4.68,48.18608,16.36217
88.0,2206706,Margareten,Entire rental unit,Entire home/apt,2,505.0,40,1,1.0,2,348,0,27,4.81,48.18696449999999,16.3576207
215.0,96633755,Margareten,Entire serviced apartment,Entire home/apt,3,461.0,39,1,1.0,1,159,0,11,5.0,48.19093,16.35569
174.98,45251672,Margareten,Entire condo,Entire home/apt,4,350.0,40,2,1.0,3,348,0,25,4.68,48.18518359999999,16.3607895
104.0,7062487,Josefstadt,Entire rental unit,Entire home/apt,4,255.0,18,2,1.0,4,142,0,146,4.54,48.21261,16.34759
122.0,1678275894664100061,Simmering,Entire rental unit,Entire home/apt,4,410.0,45,1,1.0,1,272,0,3,5.0,48.1676636,16.4236139
60.0,416402573,Margareten,Private room in rental unit,Private room,4,372.0,27,1,1.0,1,128,0,164,3.92,48.18589,16.35897
86.0,720947961,Leopoldstadt,Private room in rental unit,Private room,2,206.0,18,1,1.0,2,353,0,14,4.79,48.21915053585337,16.39250404161426
109.0,409699300,Simmering,Entire rental unit,Entire home/apt,2,406.0,36,1,1.0,1,330,1,61,4.93,48.1756682,16.4089948
136.0,533800811,Rudolfsheim-Fünfhaus,Entire rental unit,Entire home/apt,6,418.0,28,2,1.0,2,305,0,73,4.16,48.20075,16.33573
150.32,662845914,Rudolfsheim-Fünfhaus,Entire rental unit,Entire home/apt,6,489.0,35,2,1.0,1,253,0,40,4.58,48.20159638375519,16.330290486724984
121.0,518644,Margareten,Entire rental unit,Entire home/apt,3,564.0,39,2,1.0,1,243,0,7,4.43,48.18624,16.35524
99.17,4843057,Josefstadt,Entire rental unit,Entire home/apt,2,0.0,29,1,1.5,4,121,0,133,4.8,48.21315,16.35044
161.2,83843720,Rudolfsheim-Fünfhaus,Entire rental unit,Entire home/apt,7,399.0,37,2,1.0,1,287,0,2,4.5,48.20351,16.32849
144.0,513711955,Rudolfsheim-Fünfhaus,Entire vacation home,Entire home/apt,8,472.0,56,3,1.5,1,42,0,14,4.5,48.20127615296721,16.336769888847858
125.53,650059337,Neubau,Entire condo,Entire home/apt,4,183.0,42,1,1.0,1,173,1,18,4.78,48.2038011,16.3453448
583.0,175131,Rudolfsheim-Fünfhaus,Entire rental unit,Entire home/apt,12,368.0,66,3,3.0,1,164,1,136,4.96,48.18424,16.32815
92.0,238860340,Rudolfsheim-Fünfhaus,Entire rental unit,Entire home/apt,2,493.0,25,1,1.0,1,163,0,34,4.5,48.19009,16.33369
127.0,193404698,Favoriten,Entire rental unit,Entire home/apt,4,510.0,30,1,1.5,2,355,0,4,5.0,48.18022,16.36357
40.48,516308468,Meidling,Entire rental unit,Entire home/apt,2,466.0,34,1,1.0,28,146,1,3,5.0,48.18227,16.34573
183.5,1996189,Ottakring,Entire rental unit,Entire home/apt,4,111.0,40,2,1.5,2,335,1,29,4.9,48.2126059,16.3137471
188.33,1032913,Margareten,Entire rental unit,Entire home/apt,8,488.0,45,3,2.5,3,261,0,1,5.0,48.18405040093244,16.36182641840863
180.33,92979273,Währing,Entire rental unit,Entire home/apt,4,407.0,31,2,1.0,3,293,1,49,4.59,48.21788,16.34077
74.07,38054509,Alsergrund,Entire rental unit,Entire home/apt,4,474.0,38,1,1.0,28,300,1,162,4.84,48.22363,16.35267
212.5,7147147,Innere Stadt,Entire rental unit,Entire home/apt,5,268.0,18,2,1.0,1,320,0,70,4.17,48.2079,16.36951
109.67,186479325,Landstraße,Entire rental unit,Entire home/apt,4,86.0,51,1,1.0,3,166,1,161,4.75,48.20009049736509,16.38547784432314
211.67,9556855,Alsergrund,Entire rental unit,Entire home/apt,2,251.0,36,1,1.0,3,339,1,45,4.8,48.2153,16.35565
70.0,749111800,Brigittenau,Entire rental unit,Entire home/apt,2,77.0,31,1,1.0,1,151,0,2,3.5,48.23062,16.37188
241.67,302301988,Landstraße,Private room in bed and breakfast,Private room,2,372.0,37,1,1.5,3,364,0,6,3.83,48.20141,16.38034
85.6,597651528,Ottakring,Entire rental unit,Entire home/apt,2,470.0,34,1,1.0,5,150,1,14,5.0,48.2097158,16.3247358
92.49,433540510,Wieden,Entire rental unit,Entire home/apt,3,354.0,30,1,1.0,30,164,1,14,4.93,48.19452,16.37045
103.0,1547126,Neubau,Entire rental unit,Entire home/apt,2,59.0,47,1,1.0,1,329,1,10,5.0,48.2006,16.35102
171.67,4695515,Margareten,Entire rental unit,Entire home/apt,8,497.0,45,3,1.0,2,156,0,78,4.59,48.19236,16.36167
312.0,302301988,Landstraße,Private room in bed and breakfast,Private room,4,434.0,39,1,1.5,3,363,0,2,3.5,48.2007,16.38142
111.0,47957880,Rudolfsheim-Fünfhaus,Entire rental unit,Entire home/apt,2,471.0,43,1,1.0,1,344,0,62,4.52,48.18856,16.33193
202.75,428424134,Meidling,Entire rental unit,Entire home/apt,6,351.0,49,2,1.5,4,351,0,21,5.0,48.17761,16.33548
405.0,63774799,Innere Stadt,Entire rental unit,Entire home/apt,5,352.0,66,2,1.5,2,310,1,46,5.0,48.20972889999999,16.3724275
136.0,105424816,Meidling,Entire rental unit,Entire home/apt,4,373.0,41,1,1.0,2,61,1,183,4.83,48.17758,16.33654
245.5,506874504,Mariahilf,Entire rental unit,Entire home/apt,3,434.0,22,1,1.5,1,180,0,29,4.62,48.1986897571672,16.362325684251594
131.0,1996189,Ottakring,Entire rental unit,Entire home/apt,2,59.0,39,1,1.5,2,322,1,53,4.98,48.2126059,16.3137471
114.5,13216949,Ottakring,Entire rental unit,Entire home/apt,4,512.0,40,1,1.0,2,362,0,4,4.75,48.2052123,16.33425530185243
276.2,43713848,Neubau,Entire rental unit,Entire home/apt,4,509.0,51,2,1.5,5,247,1,60,4.98,48.20154,16.35424
28.71,141076697,Leopoldstadt,Private room in rental unit,Private room,1,457.0,36,1,1.0,30,236,0,103,4.81,48.22475,16.3697
136.94,47886296,Landstraße,Entire rental unit,Entire home/apt,4,379.0,49,2,1.5,2,301,0,154,4.81,48.20248,16.38691
28.65,141076697,Leopoldstadt,Private room in rental unit,Private room,1,457.0,38,1,1.0,30,244,0,127,4.85,48.22439,16.37163
97.0,481918816,Mariahilf,Entire rental unit,Entire home/apt,4,290.0,9,1,1.0,1,329,0,11,4.27,48.18905,16.34708
61.02,46617589,Ottakring,Entire condo,Entire home/apt,3,459.0,32,1,1.5,30,78,1,3,5.0,48.21869,16.31229
151.0,8632750,Ottakring,Entire serviced apartment,Entire home/apt,4,338.0,42,1,1.0,1,231,0,3,4.0,48.21363,16.31558
137.0,287308525,Meidling,Entire rental unit,Entire home/apt,4,460.0,42,1,1.5,2,90,1,32,4.94,48.18181,16.33193
320.0,9556855,Mariahilf,Entire rental unit,Entire home/apt,4,0.0,39,2,2.0,2,345,1,20,4.7,48.19891,16.35877
118.0,275853009,Meidling,Entire rental unit,Entire home/apt,6,264.0,34,2,1.0,2,352,0,7,4.43,48.180160570113046,16.344837606172945
38.0,442362484,Meidling,Private room in rental unit,Private room,1,534.0,13,1,1.0,1,335,0,3,5.0,48.1801,16.34083
158.0,27775775,Neubau,Entire condo,Entire home/apt,4,501.0,35,1,1.0,1,264,0,351,4.75,48.20332,16.34778
196.0,4800220,Innere Stadt,Entire rental unit,Entire home/apt,4,459.0,31,1,1.0,1,42,1,41,4.73,48.20526,16.36914
205.5,25959855,Mariahilf,Entire rental unit,Entire home/apt,5,499.0,42,1,1.0,2,273,1,58,4.91,48.1939959,16.3412671
141.6,260107649,Josefstadt,Entire rental unit,Entire home/apt,4,424.0,25,1,1.0,5,32,0,147,4.75,48.20754,16.34684
94.0,489945708,Alsergrund,Entire rental unit,Entire home/apt,2,309.0,30,1,1.0,2,348,0,25,4.6,48.21697623034687,16.35081128836061
52.63,1252225,Hernals,Entire rental unit,Entire home/apt,2,479.0,23,1,1.0,31,194,1,34,4.94,48.21896,16.32046
551.67,10847088,Währing,Entire rental unit,Entire home/apt,6,491.0,36,3,2.5,3,53,1,11,5.0,48.2285,16.34087
106.0,205828749,Ottakring,Entire rental unit,Entire home/apt,3,213.0,19,1,1.0,1,5,0,8,4.88,48.2063,16.3245
236.0,47278964,Mariahilf,Entire rental unit,Entire home/apt,5,479.0,40,1,1.0,1,309,1,7,4.71,48.200486962909565,16.364886418796093
42.67,464683936,Brigittenau,Entire condo,Entire home/apt,2,280.0,18,1,1.0,31,47,0,59,4.9,48.23111,16.36525
171.25,515796952,Hernals,Entire rental unit,Entire home/apt,6,470.0,23,3,2.0,4,153,0,33,4.67,48.21511,16.3276046
111.84,92979273,Alsergrund,Entire rental unit,Entire home/apt,4,291.0,22,2,1.0,3,340,1,108,4.61,48.21735,16.34226
447.0,107032606,Mariahilf,Entire rental unit,Entire home/apt,8,451.0,42,4,2.0,2,41,1,97,4.82,48.20001035746505,16.35705074043584
115.5,659583639,Hernals,Entire rental unit,Entire home/apt,5,319.0,36,2,1.0,2,136,1,65,4.92,48.21860346626517,16.32437013134664
80.58,19088621,Alsergrund,Entire rental unit,Entire home/apt,4,455.0,35,2,1.0,29,239,1,8,4.88,48.2311442,16.3563007
97.0,335059861,Ottakring,Entire rental unit,Entire home/apt,3,374.0,39,1,1.0,3,288,0,23,4.91,48.21086236464559,16.324097353534267
283.5,4331202,Innere Stadt,Entire rental unit,Entire home/apt,6,112.0,30,2,2.0,2,49,0,75,4.75,48.20448,16.37096
220.67,507367102,Wieden,Entire rental unit,Entire home/apt,4,514.0,35,2,1.0,2,245,1,101,4.97,48.18829,16.37124
239.0,71074913,Innere Stadt,Entire rental unit,Entire home/apt,4,545.0,41,1,1.0,3,7,0,71,4.87,48.20219,16.3676
162.9,520985618,Wieden,Entire rental unit,Entire home/apt,3,500.0,41,1,1.0,1,160,1,137,4.88,48.1916589,16.3743479
188.4,16850315,Margareten,Entire condo,Entire home/apt,2,248.0,37,1,1.0,5,355,1,20,4.95,48.1923426,16.3556325
404.0,437291529,Rudolfsheim-Fünfhaus,Entire rental unit,Entire home/apt,8,362.0,44,4,1.5,1,314,0,30,4.87,48.18444939777964,16.327030397951603
137.0,7147147,Innere Stadt,Entire rental unit,Entire home/apt,6,227.0,25,1,1.5,1,154,0,40,4.38,48.21532,16.36899
90.0,143669966,Rudolfsheim-Fünfhaus,Entire rental unit,Entire home/apt,5,475.0,41,1,1.0,4,319,0,291,4.7,48.19179,16.32901
149.33,20507981,Neubau,Entire rental unit,Entire home/apt,2,218.0,49,1,1.0,21,274,1,72,4.9,48.20474,16.35476
120.0,490354529,Neubau,Entire rental unit,Entire home/apt,2,54.0,45,1,1.0,2,202,1,176,4.89,48.2010933,16.3532849
103.0,200084869,Mariahilf,Entire condo,Entire home/apt,6,205.0,41,1,1.0,2,202,0,102,4.57,48.19307,16.33967
95.5,14756880,Meidling,Entire rental unit,Entire home/apt,1,210.0,46,1,1.0,4,363,0,1,5.0,48.1805,16.34595
100.25,487695177,Neubau,Entire rental unit,Entire home/apt,2,466.0,25,1,1.0,3,120,0,22,4.68,48.20283,16.34341
365.0,100351711,Neubau,Tiny home,Entire home/apt,6,429.0,44,3,2.5,1,246,1,135,4.96,48.20202,16.34938
90.6,14756880,Meidling,Entire rental unit,Entire home/apt,2,196.0,44,1,1.0,7,363,0,9,4.22,48.18106,16.34372
306.98,305673,Innere Stadt,Entire rental unit,Entire home/apt,6,515.0,25,2,1.5,3,269,0,111,4.65,48.21308,16.37216
113.0,189895939,Rudolfsheim-Fünfhaus,Entire rental unit,Entire home/apt,6,48.0,43,2,1.0,1,288,1,360,4.91,48.193273,16.3286634
114.0,156784089,Leopoldstadt,Entire rental unit,Entire home/apt,4,297.0,41,1,1.5,1,261,0,161,4.68,48.22664,16.38805
93.0,235195974,Meidling,Entire rental unit,Entire home/apt,2,459.0,26,1,1.0,1,273,1,360,4.8,48.18421,16.34399
99.0,5699156,Margareten,Private room in rental unit,Private room,2,455.0,43,1,1.0,1,110,1,31,4.9,48.18834,16.35432
94.0,235195974,Meidling,Entire rental unit,Entire home/apt,2,471.0,19,1,1.0,1,235,1,102,4.82,48.18387,16.34399
27.13,141076697,Brigittenau,Private room in rental unit,Private room,1,394.0,37,1,1.0,30,274,0,56,4.91,48.22682442709373,16.37023684485978
125.0,490354529,Neubau,Entire rental unit,Entire home/apt,3,82.0,40,1,1.0,2,197,1,90,4.89,48.20107408170445,16.35343875735998
68.7,141076697,Leopoldstadt,Entire rental unit,Entire home/apt,4,500.0,40,1,1.0,30,243,0,201,4.69,48.2261,16.37124
111.0,454679029,Leopoldstadt,Entire rental unit,Entire home/apt,3,504.0,32,1,1.0,1,170,0,243,4.93,48.220509,16.387686
68.0,168294721,Brigittenau,Private room in bed and breakfast,Private room,6,488.0,13,3,1.0,1,355,0,1,5.0,48.2329,16.39084
240.5,22607058,Landstraße,Entire rental unit,Entire home/apt,5,466.0,47,2,1.0,2,62,0,212,4.66,48.20771,16.39172
186.0,15717058,Landstraße,Entire loft,Entire home/apt,2,507.0,27,1,1.0,3,364,1,230,4.87,48.20624,16.39107
108.0,129960877,Leopoldstadt,Entire rental unit,Entire home/apt,2,476.0,38,1,1.0,2,323,0,157,4.85,48.22553,16.38279
93.29,240023972,Brigittenau,Entire rental unit,Entire home/apt,2,380.0,35,1,1.0,2,324,1,238,4.82,48.23146,16.37328
126.0,114204359,Leopoldstadt,Entire rental unit,Entire home/apt,4,436.0,36,1,1.0,1,220,1,41,4.88,48.22515,16.3842
656.33,434901709,Wieden,Entire rental unit,Entire home/apt,4,355.0,50,2,1.0,3,80,0,17,4.88,48.19798,16.37338
191.25,1790433,Landstraße,Entire serviced apartment,Entire home/apt,2,544.0,48,1,1.0,4,360,1,29,5.0,48.20658,16.39239
266.33,508152302,Wieden,Entire rental unit,Entire home/apt,2,393.0,41,1,1.0,3,20,0,34,4.97,48.19429,16.3668
117.54,34876001,Leopoldstadt,Entire rental unit,Entire home/apt,4,450.0,33,1,1.0,1,243,1,8,4.88,48.22531,16.38428
99.0,157599452,Leopoldstadt,Entire rental unit,Entire home/apt,2,508.0,30,1,1.0,1,10,1,243,4.85,48.22389,16.38744
96.0,511689935,Innere Stadt,Private room in hostel,Private room,2,237.0,27,1,3.0,1,141,0,22,4.55,48.2129079,16.3684478
156.0,6571299,Margareten,Entire rental unit,Entire home/apt,4,280.0,13,1,1.0,5,107,1,31,4.81,48.19369,16.35622
191.15,59297304,Rudolfsheim-Fünfhaus,Entire rental unit,Entire home/apt,4,448.0,53,1,1.0,1,289,1,16,4.94,48.1923283,16.3346147
105.0,432493088,Favoriten,Entire rental unit,Entire home/apt,4,498.0,12,2,0.0,1,166,0,93,4.71,48.16924122811234,16.371330078295912
207.5,257789824,Landstraße,Entire rental unit,Entire home/apt,7,293.0,42,3,2.5,2,27,1,113,4.78,48.21243,16.38912
103.0,200084869,Mariahilf,Entire condo,Entire home/apt,5,259.0,42,1,1.0,2,209,0,80,4.56,48.19251,16.34066
175.67,551661125,Landstraße,Entire rental unit,Entire home/apt,3,59.0,25,1,1.0,3,231,0,10,4.3,48.2049484,16.3880455
213.33,9556855,Mariahilf,Entire rental unit,Entire home/apt,2,277.0,36,1,1.0,3,364,1,53,4.74,48.19881,16.35876
95.0,235195974,Meidling,Entire rental unit,Entire home/apt,2,461.0,27,1,1.0,1,337,1,300,4.84,48.1838,16.3436
87.0,368866724,Margareten,Entire loft,Entire home/apt,2,455.0,17,1,1.0,1,261,0,272,4.77,48.18509,16.35531
88.5,2341275,Margareten,Entire rental unit,Entire home/apt,4,518.0,37,1,1.0,2,114,1,103,4.84,48.18517,16.35726
125.0,154549337,Ottakring,Entire rental unit,Entire home/apt,2,350.0,53,1,1.0,3,91,1,135,4.96,48.214,16.31914
291.0,743398,Neubau,Entire rental unit,Entire home/apt,6,428.0,30,2,1.5,2,232,0,156,4.73,48.20388,16.3535
281.67,100351711,Neubau,Tiny home,Entire home/apt,4,452.0,43,2,2.5,3,238,1,136,4.93,48.20281,16.35009
85.0,235195974,Meidling,Entire rental unit,Entire home/apt,2,461.0,25,1,1.0,1,327,1,265,4.72,48.18376,16.34215
207.8,3263969,Wieden,Entire rental unit,Entire home/apt,6,507.0,29,2,1.5,5,99,0,1,5.0,48.1961704,16.3719579
148.4,9506888,Rudolfsheim-Fünfhaus,Entire rental unit,Entire home/apt,2,539.0,32,1,1.0,4,76,0,64,4.88,48.19176,16.33132
113.0,468133069,Neubau,Entire rental unit,Entire home/apt,2,469.0,23,1,1.0,3,145,0,11,4.82,48.20424159324368,16.35337364240034
434.0,72306907,Innere Stadt,Entire rental unit,Entire home/apt,4,440.0,41,2,1.0,1,292,0,36,4.94,48.20965,16.37478
220.0,1557725,Margareten,Entire rental unit,Entire home/apt,5,510.0,50,2,1.0,1,106,0,172,4.91,48.18956,16.35513
116.0,11543433,Rudolfsheim-Fünfhaus,Entire rental unit,Entire home/apt,4,496.0,37,1,1.5,2,106,1,216,4.87,48.19525,16.32779
184.0,196356933,Margareten,Entire rental unit,Entire home/apt,5,496.0,32,2,1.5,2,278,1,254,4.85,48.18827,16.35917
126.0,385936669,Favoriten,Entire rental unit,Entire home/apt,2,60.0,26,1,1.0,2,333,0,18,4.67,48.1781313383766,16.36728649811109
185.5,207485285,Rudolfsheim-Fünfhaus,Entire rental unit,Entire home/apt,4,510.0,13,1,1.5,2,42,0,1,5.0,48.19577970073017,16.329946237936745
68.5,20651672,Margareten,Entire rental unit,Entire home/apt,2,234.0,29,1,1.0,2,48,0,56,4.75,48.1834,16.35096
60.0,97275819,Ottakring,Entire rental unit,Entire home/apt,6,584.0,37,2,1.0,1,342,0,249,4.29,48.21177,16.33823
231.0,235844510,Wieden,Entire rental unit,Entire home/apt,7,446.0,50,4,1.5,1,304,0,121,4.81,48.1865979,16.3746444
74.0,53178880,Landstraße,Entire rental unit,Entire home/apt,2,215.0,38,1,1.0,1,245,0,220,4.72,48.21163,16.39172
123.0,198589034,Rudolfsheim-Fünfhaus,Entire rental unit,Entire home/apt,6,482.0,38,1,1.0,2,18,1,119,4.59,48.19676,16.3236
217.0,55526511,Landstraße,Entire rental unit,Entire home/apt,4,204.0,26,2,1.0,2,67,1,74,4.84,48.19327140000001,16.38822
134.25,237046286,Landstraße,Entire rental unit,Entire home/apt,4,413.0,32,2,1.0,3,34,0,34,4.41,48.21052,16.39172
95.0,235195974,Meidling,Entire rental unit,Entire home/apt,2,477.0,17,1,1.0,1,156,1,103,4.82,48.18555567879799,16.342220374165002
83.0,12379091,Meidling,Entire rental unit,Entire home/apt,2,371.0,45,1,1.0,2,355,0,98,4.6,48.18282293464262,16.343724531877125
124.85,66040140,Margareten,Entire rental unit,Entire home/apt,2,460.0,38,1,1.0,1,333,0,192,4.64,48.18262,16.35327
121.0,448716728,Rudolfsheim-Fünfhaus,Entire serviced apartment,Entire home/apt,4,220.0,40,1,1.0,1,363,1,11,4.64,48.186805725097656,16.331497192382812
54.26,230062212,Alsergrund,Entire rental unit,Entire home/apt,3,508.0,30,1,1.0,30,361,0,1,5.0,48.227433,16.3560952
136.0,406937496,Rudolfsheim-Fünfhaus,Room in aparthotel,Entire home/apt,4,466.0,31,1,1.0,1,329,0,32,4.75,48.18807,16.32707
165.33,238860064,Rudolfsheim-Fünfhaus,Entire serviced apartment,Entire home/apt,6,472.0,44,2,1.0,1,246,0,107,4.73,48.18577194213867,16.334598541259766
513.0,1391676,Innere Stadt,Entire rental unit,Entire home/apt,10,494.0,58,3,2.0,2,104,1,217,4.99,48.21117,16.37106
240.0,314982213,Neubau,Entire condo,Entire home/apt,3,0.0,42,1,1.5,1,23,1,266,4.92,48.20339584350586,16.356130599975586
170.0,1547126,Neubau,Entire rental unit,Entire home/apt,6,59.0,43,2,1.0,1,313,1,18,4.83,48.20001110812163,16.349060554962396
65.05,484810261,Rudolfsheim-Fünfhaus,Entire rental unit,Entire home/apt,2,510.0,39,1,1.0,1,273,0,23,4.61,48.1841647,16.3278198
89.5,473779995,Mariahilf,Entire serviced apartment,Entire home/apt,2,351.0,47,1,1.0,2,332,0,373,4.75,48.19017,16.34568
138.0,1547126,Neubau,Entire rental unit,Entire home/apt,4,59.0,48,1,1.0,1,338,1,7,4.71,48.20216688057571,16.349543136678186
186.0,14952347,Rudolfsheim-Fünfhaus,Entire rental unit,Entire home/apt,4,228.0,40,1,1.0,1,331,1,26,5.0,48.18492,16.32625
94.0,368866724,Margareten,Entire serviced apartment,Entire home/apt,3,480.0,21,1,1.0,1,289,0,177,4.72,48.18656,16.35558
283.67,34271259,Landstraße,Entire rental unit,Entire home/apt,2,537.0,50,1,1.5,3,95,0,16,5.0,48.20011,16.38396
121.0,34876001,Leopoldstadt,Entire rental unit,Entire home/apt,4,436.0,32,1,1.0,1,227,1,22,4.82,48.22412,16.38354
195.2,393413573,Penzing,Entire rental unit,Entire home/apt,4,502.0,25,2,2.5,5,159,0,45,4.87,48.19168,16.31232
100.0,598526407,Meidling,Entire rental unit,Entire home/apt,2,462.0,27,1,1.0,2,137,0,43,4.84,48.18493302579674,16.339766630688455
128.0,1547126,Neubau,Entire rental unit,Entire home/apt,4,59.0,41,1,1.0,1,353,1,28,4.93,48.20026,16.35107
123.14,116849625,Alsergrund,Entire rental unit,Entire home/apt,4,497.0,38,2,1.5,29,249,0,17,4.71,48.21952778537095,16.365358617469486
422.4,50653737,Landstraße,Entire rental unit,Entire home/apt,4,475.0,32,1,1.0,2,157,0,141,4.79,48.20098,16.38164
140.5,743398,Leopoldstadt,Entire rental unit,Entire home/apt,4,480.0,26,1,1.0,2,297,0,127,4.49,48.22393,16.38401
63.94,14070533,Alsergrund,Entire serviced apartment,Entire home/apt,2,517.0,38,1,1.0,30,162,1,12,5.0,48.2162,16.35533
174.0,536093976,Mariahilf,Entire serviced apartment,Entire home/apt,4,390.0,45,1,1.0,1,298,1,9,4.89,48.1961215,16.3514093
79.12,166996710,Rudolfsheim-Fünfhaus,Entire rental unit,Entire home/apt,2,348.0,20,1,1.0,3,47,1,220,4.82,48.19453811645508,16.33399200439453
183.67,4002176,Landstraße,Entire rental unit,Entire home/apt,4,518.0,23,1,1.0,3,201,0,111,4.74,48.2007,16.38901
148.5,522477547,Ottakring,Entire rental unit,Entire home/apt,5,506.0,48,1,1.0,2,249,0,82,4.57,48.20973,16.33551
98.9,4073649,Rudolfsheim-Fünfhaus,Entire condo,Entire home/apt,4,279.0,36,1,1.0,3,191,0,70,4.73,48.20004,16.327
179.16,156784089,Neubau,Entire rental unit,Entire home/apt,4,334.0,30,1,1.5,1,246,0,305,4.82,48.20192,16.35275
71.97,323853836,Rudolfsheim-Fünfhaus,Entire rental unit,Entire home/apt,4,222.0,40,2,1.0,1,90,0,209,4.67,48.19734,16.33247
499.0,1391676,Innere Stadt,Entire rental unit,Entire home/apt,9,545.0,52,3,1.0,2,271,1,168,4.83,48.21104,16.36991
71.33,574406262,Favoriten,Entire rental unit,Entire home/apt,2,48.0,39,1,1.0,2,60,0,4,4.5,48.17523,16.39107
135.0,9403216,Rudolfsheim-Fünfhaus,Entire rental unit,Entire home/apt,3,530.0,40,6,1.0,1,322,0,67,4.82,48.18853,16.3317
153.0,238860064,Rudolfsheim-Fünfhaus,Entire serviced apartment,Entire home/apt,6,455.0,45,2,1.0,1,313,0,193,4.6,48.18579,16.33461
97.0,537086875,Simmering,Entire rental unit,Entire home/apt,2,437.0,40,1,1.0,1,103,1,46,4.65,48.1764804,16.4119695
243.21,15594055,Neubau,Entire rental unit,Entire home/apt,5,481.0,60,2,1.5,1,188,1,410,4.81,48.20408,16.34167
84.0,235195974,Meidling,Entire condo,Entire home/apt,2,459.0,27,1,1.0,1,296,1,362,4.82,48.18586,16.3421
209.33,517692143,Meidling,Entire home,Entire home/apt,4,401.0,47,2,1.5,2,172,1,21,4.71,48.16974277243551,16.305254756081307
155.0,213877224,Hernals,Entire rental unit,Entire home/apt,5,485.0,24,2,1.5,2,91,1,74,4.68,48.21660614013672,16.33045768737793
125.67,135810468,Margareten,Entire rental unit,Entire home/apt,2,489.0,43,1,1.0,3,9,0,27,5.0,48.18351,16.36554
119.85,385064248,Hietzing,Entire rental unit,Entire home/apt,2,265.0,26,1,1.5,30,232,0,2,5.0,48.18498779999999,16.296657
160.0,115915838,Neubau,Room in boutique hotel,Hotel room,3,146.0,16,1,1.0,1,280,0,32,4.47,48.19846,16.34827
228.0,132749688,Leopoldstadt,Entire loft,Entire home/apt,2,436.0,50,1,1.0,1,121,1,56,4.95,48.2207903455177,16.383132050117016
125.0,115915838,Neubau,Room in boutique hotel,Hotel room,3,516.0,27,1,1.0,1,325,0,27,4.37,48.19893,16.34846
136.0,670951392,Favoriten,Entire rental unit,Entire home/apt,4,361.0,41,1,1.0,1,120,0,1,5.0,48.17308697077587,16.370356319049076
114.0,500954340,Brigittenau,Entire rental unit,Entire home/apt,3,361.0,38,1,1.5,2,32,0,42,4.74,48.23063,16.36976
161.0,548674689,Favoriten,Entire rental unit,Entire home/apt,2,585.0,50,1,1.0,1,246,1,13,4.92,48.17174857976626,16.391075561901843
110.0,30158835,Leopoldstadt,Entire rental unit,Entire home/apt,2,580.0,36,1,1.0,1,209,1,17,4.94,48.21712493896485,16.387754440307617
152.29,385064248,Hietzing,Entire rental unit,Entire home/apt,6,302.0,27,3,1.5,30,289,0,1,4.0,48.1848347,16.2968209
97.4,29494065,Hernals,Entire rental unit,Entire home/apt,2,407.0,12,1,1.0,5,170,0,17,4.71,48.22013,16.32986
125.02,188320967,Meidling,Entire rental unit,Entire home/apt,4,506.0,42,1,1.0,1,246,1,39,4.87,48.17087,16.31014
240.0,1280395,Mariahilf,Entire rental unit,Entire home/apt,5,140.0,20,2,2.5,2,167,1,43,4.95,48.19269,16.34431
98.0,547677118,Simmering,Entire rental unit,Entire home/apt,4,490.0,39,1,1.0,1,19,0,13,4.77,48.17147266758691,16.407861198781482
103.0,185439589,Hernals,Entire rental unit,Entire home/apt,4,179.0,38,1,1.0,1,242,1,125,4.71,48.21509,16.33517
142.75,4361476,Neubau,Entire rental unit,Entire home/apt,2,399.0,40,1,1.0,4,165,1,29,4.9,48.2012,16.34504
109.67,473782801,Favoriten,Entire rental unit,Entire home/apt,2,494.0,33,1,1.0,3,108,1,83,4.95,48.17498,16.36695
107.0,85692072,Margareten,Entire rental unit,Entire home/apt,2,190.0,41,1,1.0,4,28,0,119,4.96,48.18854,16.35156
230.5,8632750,Innere Stadt,Entire serviced apartment,Entire home/apt,5,414.0,41,1,1.0,1,316,0,18,4.22,48.20652,16.37539
119.0,560447677,Rudolfsheim-Fünfhaus,Entire rental unit,Entire home/apt,4,278.0,35,2,1.0,1,145,0,95,4.64,48.19242,16.33593
119.0,115915838,Neubau,Room in boutique hotel,Hotel room,2,175.0,16,1,1.0,1,284,0,44,4.66,48.19871,16.34651
142.0,1996189,Simmering,Entire rental unit,Entire home/apt,4,520.0,34,2,1.0,2,316,1,9,4.89,48.1783204,16.4115796
100.0,252167157,Margareten,Entire rental unit,Entire home/apt,2,159.0,31,1,1.0,2,131,1,379,4.77,48.19283,16.36204
251.5,723613349,Favoriten,Entire rental unit,Entire home/apt,4,397.0,19,2,1.0,2,184,0,3,4.33,48.17262,16.39429
216.85,732557110,Innere Stadt,Entire rental unit,Entire home/apt,6,394.0,45,3,2.0,28,296,0,1,5.0,48.20834,16.37188
96.43,62119591,Landstraße,Entire rental unit,Entire home/apt,3,524.0,31,1,1.0,1,63,0,1,5.0,48.18564105787571,16.41142013979102
94.0,270804594,Meidling,Entire rental unit,Entire home/apt,4,288.0,47,1,1.0,1,323,0,217,4.59,48.17302,16.31884
83.3,150784775,Innere Stadt,Entire condo,Entire home/apt,2,508.0,29,1,1.0,30,350,0,35,4.83,48.20687,16.36873
186.5,491312976,Rudolfsheim-Fünfhaus,Entire rental unit,Entire home/apt,8,433.0,43,3,1.0,2,98,0,150,4.64,48.19349,16.33348
151.25,1792095,Margareten,Entire condo,Entire home/apt,2,208.0,47,1,1.5,2,25,1,98,4.99,48.19279431453423,16.357262979507606
108.0,36695936,Neubau,Private room in guesthouse,Private room,4,516.0,31,1,1.0,1,204,0,17,4.59,48.19936,16.34977
118.0,13394586,Rudolfsheim-Fünfhaus,Entire condo,Entire home/apt,4,434.0,53,1,1.0,2,362,0,3,3.33,48.18641,16.3302
60.0,511689935,Innere Stadt,Private room in hostel,Private room,1,237.0,28,1,3.0,1,122,0,5,4.4,48.2129079,16.3684478
198.5,743398,Leopoldstadt,Entire rental unit,Entire home/apt,5,478.0,27,2,1.0,2,344,0,104,4.65,48.22372,16.38429
99.0,129960877,Leopoldstadt,Entire rental unit,Entire home/apt,2,489.0,30,1,1.0,2,321,0,230,4.77,48.22559,16.38271
79.79,105560545,Innere Stadt,Entire rental unit,Entire home/apt,3,385.0,23,1,1.0,30,144,0,3,5.0,48.21021,16.37601
156.0,530403818,Mariahilf,Entire rental unit,Entire home/apt,6,535.0,31,1,1.0,1,41,1,43,4.86,48.1945985,16.3504336
134.0,114204359,Leopoldstadt,Entire rental unit,Entire home/apt,4,439.0,32,1,1.0,1,206,1,125,4.82,48.22336,16.38462
314.0,257543717,Donaustadt,Entire rental unit,Entire home/apt,4,429.0,24,1,1.0,1,256,1,90,4.99,48.24052,16.42825
207.0,328095771,Wieden,Entire rental unit,Entire home/apt,2,526.0,32,1,1.0,2,172,0,8,4.88,48.19664,16.36485
101.96,511094923,Hernals,Entire rental unit,Entire home/apt,3,486.0,42,1,1.0,2,151,0,54,4.85,48.214046,16.3295393
200.0,31327541,Donaustadt,Entire rental unit,Entire home/apt,3,535.0,59,2,1.5,1,206,1,177,4.93,48.23869,16.42952
85.75,5888815,Rudolfsheim-Fünfhaus,Entire rental unit,Entire home/apt,2,448.0,16,3,1.5,4,149,1,17,5.0,48.19841,16.32901
113.0,518644,Margareten,Entire rental unit,Entire home/apt,5,560.0,32,1,1.0,1,336,0,72,4.61,48.1935,16.35862
85.5,306329005,Leopoldstadt,Private room in serviced apartment,Private room,3,0.0,61,1,1.0,1,166,1,187,4.81,48.22290682580372,16.40773625422659
488.0,424267568,Donaustadt,Entire serviced apartment,Entire home/apt,8,455.0,70,3,2.5,1,252,0,50,4.84,48.2335568,16.421803
100.0,571036712,Meidling,Entire rental unit,Entire home/apt,4,485.0,28,1,1.0,1,208,0,9,4.44,48.17352,16.31322
163.0,2015270,Mariahilf,Entire condo,Entire home/apt,4,467.0,35,2,1.5,7,248,0,9,4.78,48.19399,16.3466
103.0,185439589,Hernals,Entire rental unit,Entire home/apt,4,423.0,30,1,1.0,1,261,1,143,4.8,48.2146591,16.3340027
177.76,123148011,Neubau,Entire rental unit,Entire home/apt,8,486.0,56,2,1.5,1,14,0,217,4.79,48.20495,16.34727
146.5,700674779,Rudolfsheim-Fünfhaus,Entire rental unit,Entire home/apt,5,418.0,48,2,1.0,2,14,1,10,5.0,48.19765,16.32768
93.33,92419176,Margareten,Entire rental unit,Entire home/apt,4,527.0,40,1,1.5,2,25,1,227,4.85,48.187191,16.35133
196.0,236933676,Donaustadt,Entire rental unit,Entire home/apt,4,275.0,36,2,1.5,2,83,1,176,4.93,48.23373,16.41257
116.0,652733403,Favoriten,Entire rental unit,Entire home/apt,3,59.0,55,1,1.0,1,334,0,4,4.25,48.1740893,16.381907
27.0,396597805,Rudolfsheim-Fünfhaus,Shared room in hotel,Shared room,1,47.0,42,1,1.0,1,322,0,48,4.71,48.1958464,16.337778
177.0,723791568,Neubau,Entire rental unit,Entire home/apt,2,156.0,37,1,1.0,2,67,1,13,4.92,48.1981301,16.3432498
168.0,146196,Neubau,Entire rental unit,Entire home/apt,6,247.0,43,1,1.0,1,246,0,376,4.47,48.20572,16.34609
172.33,551965438,Hernals,Entire rental unit,Entire home/apt,4,418.0,32,1,1.0,3,173,1,7,4.57,48.21540206034162,16.336748895890107
97.67,24704076,Rudolfsheim-Fünfhaus,Entire rental unit,Entire home/apt,3,433.0,50,1,1.0,2,42,0,66,4.7,48.19229,16.3377
73.8,582470476,Rudolfsheim-Fünfhaus,Entire rental unit,Entire home/apt,4,459.0,23,1,1.0,3,211,0,35,4.4,48.1930614,16.3367265
112.75,165334421,Donaustadt,Entire rental unit,Entire home/apt,4,336.0,39,2,1.0,4,164,1,91,4.98,48.223232,16.425415
119.6,505919215,Ottakring,Entire rental unit,Entire home/apt,2,456.0,27,1,1.0,4,362,1,47,4.83,48.2112434858203,16.33399317439037
99.0,270804594,Meidling,Entire rental unit,Entire home/apt,2,295.0,44,1,1.0,1,276,0,257,4.64,48.17137,16.31992
104.2,19099726,Rudolfsheim-Fünfhaus,Entire rental unit,Entire home/apt,4,454.0,38,1,1.0,4,49,0,49,4.71,48.19275,16.33401
82.0,116811441,Hernals,Entire rental unit,Entire home/apt,4,451.0,27,1,1.0,2,240,0,221,4.71,48.21643,16.33836
112.75,101472118,Donaustadt,Entire condo,Entire home/apt,3,427.0,49,1,1.0,4,170,1,203,4.91,48.22458,16.4219
205.0,471500310,Donaustadt,Entire rental unit,Entire home/apt,4,0.0,47,1,1.5,3,339,1,4,5.0,48.24028337224685,16.432045342852767
71.5,5722190,Ottakring,Private room in rental unit,Private room,1,411.0,18,1,1.0,2,279,0,36,4.86,48.21052,16.33367
189.44,45072882,Mariahilf,Entire rental unit,Entire home/apt,6,499.0,44,2,1.5,1,247,1,285,4.8,48.19485,16.34959
101.0,252167157,Margareten,Entire rental unit,Entire home/apt,2,159.0,28,1,1.0,2,141,1,365,4.77,48.19336,16.36049
124.2,652733403,Favoriten,Entire rental unit,Entire home/apt,4,88.0,57,1,1.0,1,300,0,3,4.67,48.1740893,16.381907
143.65,245165047,Leopoldstadt,Entire rental unit,Entire home/apt,2,269.0,35,1,1.0,2,288,1,28,4.96,48.2206925,16.4088224
122.67,46942194,Margareten,Entire rental unit,Entire home/apt,2,499.0,17,1,1.0,3,89,0,1,5.0,48.19586,16.35721
275.14,516360514,Hernals,Entire rental unit,Entire home/apt,6,409.0,50,3,1.0,2,103,1,125,4.86,48.2153939,16.327432
103.27,385064248,Landstraße,Entire rental unit,Entire home/apt,2,269.0,27,1,1.0,30,270,0,2,4.5,48.1847231,16.39922019999999
142.65,473779995,Meidling,Entire serviced apartment,Entire home/apt,4,307.0,46,2,1.5,2,305,0,24,4.79,48.178769023438704,16.324692899829092
112.5,590239113,Meidling,Entire rental unit,Entire home/apt,6,379.0,59,2,1.0,1,293,0,75,4.81,48.17883,16.32383
106.8,115915838,Neubau,Room in hotel,Private room,2,336.0,30,1,1.0,1,313,0,5,4.2,48.1977687,16.347468
279.25,423873068,Wieden,Entire rental unit,Entire home/apt,3,497.0,44,2,2.5,4,289,0,7,4.71,48.1952407,16.3612208
109.0,544898806,Hietzing,Entire rental unit,Entire home/apt,4,460.0,33,1,1.0,1,196,1,16,5.0,48.17953989999999,16.2720982
1205.33,687091050,Penzing,Entire rental unit,Entire home/apt,6,521.0,32,3,1.0,3,23,0,3,4.0,48.19519315819685,16.274456296811763
130.0,222345303,Favoriten,Entire rental unit,Entire home/apt,6,484.0,35,2,1.0,1,39,0,3,4.33,48.173331259492,16.385147742246183
93.0,445934964,Ottakring,Entire rental unit,Entire home/apt,4,559.0,31,1,1.0,1,68,0,3,5.0,48.21366,16.3375
149.0,436366702,Favoriten,Entire rental unit,Entire home/apt,6,429.0,45,1,1.0,1,314,0,1,5.0,48.177,16.3832265
99.0,424267568,Meidling,Entire rental unit,Entire home/apt,2,463.0,51,1,1.0,1,314,0,49,4.47,48.1797637795255,16.32257835602798
110.0,522477547,Simmering,Entire rental unit,Entire home/apt,3,519.0,39,1,1.0,2,285,0,37,4.68,48.16926481456638,16.415586331100137
208.2,569024287,Simmering,Entire rental unit,Entire home/apt,6,532.0,48,2,1.5,1,339,0,15,4.93,48.16979,16.42232
214.0,414241532,Innere Stadt,Entire serviced apartment,Entire home/apt,2,442.0,48,1,1.0,2,159,1,13,5.0,48.20874,16.37206
109.33,4695515,Margareten,Entire rental unit,Entire home/apt,5,395.0,46,2,1.0,3,245,0,225,4.45,48.19367,16.36191
113.0,518644,Margareten,Entire rental unit,Entire home/apt,3,560.0,37,1,1.0,1,314,0,126,4.44,48.19444,16.35969
79.0,545861056,Favoriten,Entire rental unit,Entire home/apt,3,451.0,43,1,1.0,1,125,1,118,4.86,48.17323382995261,16.36431075632572
235.5,6438265,Hietzing,Entire condo,Entire home/apt,4,510.0,53,2,1.5,2,267,1,86,4.99,48.18376,16.29711
165.0,61794197,Hietzing,Entire rental unit,Entire home/apt,4,498.0,55,1,1.5,3,155,1,16,5.0,48.1850204,16.2960077
84.0,537086875,Simmering,Entire rental unit,Entire home/apt,2,423.0,39,1,1.0,1,95,1,54,4.56,48.1763009,16.412162
144.5,7147147,Innere Stadt,Entire rental unit,Entire home/apt,3,299.0,19,1,1.0,1,321,0,52,4.13,48.20673,16.36966
150.0,86735971,Hernals,Entire rental unit,Entire home/apt,2,502.0,48,1,1.5,1,186,1,56,4.89,48.21466064453125,16.334003448486328
200.0,485171868,Leopoldstadt,Entire rental unit,Entire home/apt,4,501.0,39,1,1.0,1,209,1,41,4.9,48.2168691,16.3856874
21.0,571387667,Favoriten,Shared room in hotel,Shared room,1,465.0,15,1,1.0,1,179,0,228,4.5,48.18014429999999,16.3744278
131.67,4278320,Leopoldstadt,Entire condo,Entire home/apt,4,249.0,31,1,1.0,3,296,1,158,4.92,48.2235,16.38651
147.0,196356933,Margareten,Entire rental unit,Entire home/apt,2,475.0,27,1,1.0,2,352,1,15,4.6,48.19242,16.36194
78.0,549331758,Favoriten,Entire rental unit,Entire home/apt,3,311.0,32,1,1.0,1,154,0,212,4.73,48.1735058,16.3894297
265.33,151355610,Leopoldstadt,Entire rental unit,Entire home/apt,4,515.0,69,1,1.0,3,149,1,287,4.99,48.2158,16.39034
161.5,132088260,Leopoldstadt,Entire rental unit,Entire home/apt,6,455.0,29,2,1.0,2,129,1,297,4.8,48.21662,16.3877
80.0,10269862,Rudolfsheim-Fünfhaus,Entire rental unit,Entire home/apt,4,480.0,39,1,1.0,1,93,1,93,4.8,48.19611,16.32915
212.67,233506119,Innere Stadt,Entire rental unit,Entire home/apt,3,244.0,29,2,1.5,3,151,0,293,4.74,48.20723,16.37324
340.0,115915838,Neubau,Entire serviced apartment,Entire home/apt,8,399.0,15,2,1.0,1,269,0,3,3.0,48.19862,16.3463
104.0,313423785,Favoriten,Entire rental unit,Entire home/apt,3,390.0,32,1,1.0,1,334,1,50,4.62,48.1725,16.36769
90.15,299219964,Leopoldstadt,Entire rental unit,Entire home/apt,2,59.0,32,1,1.0,1,263,0,282,4.69,48.21814,16.38946
144.5,196356933,Margareten,Entire rental unit,Entire home/apt,4,474.0,29,1,1.5,2,364,1,95,4.81,48.19286,16.36216
252.0,299219964,Leopoldstadt,Entire rental unit,Entire home/apt,6,181.0,31,3,2.0,1,197,0,111,4.81,48.21633690935245,16.391211702156433
234.35,442912,Innere Stadt,Entire rental unit,Entire home/apt,4,243.0,48,2,1.0,13,294,0,115,4.77,48.20845,16.37722
126.65,371175044,Währing,Entire rental unit,Entire home/apt,4,481.0,35,1,1.0,2,85,0,74,4.78,48.22454414009531,16.338158027136245
210.9,313423785,Mariahilf,Entire rental unit,Entire home/apt,5,104.0,43,2,1.5,1,317,1,183,4.82,48.19548,16.34964
102.55,66040140,Rudolfsheim-Fünfhaus,Entire condo,Entire home/apt,2,460.0,33,1,1.0,1,344,0,54,4.65,48.19312,16.33027
114.5,1280395,Mariahilf,Private room in condo,Private room,2,537.0,45,1,1.0,2,292,1,19,4.84,48.19283,16.34387
41.61,27761259,Ottakring,Entire rental unit,Entire home/apt,2,240.0,22,1,1.0,30,214,1,52,4.69,48.20618,16.33571
99.5,571405647,Simmering,Entire rental unit,Entire home/apt,5,440.0,41,1,1.0,1,320,1,54,4.85,48.17510679999999,16.396959
135.0,146020503,Innere Stadt,Entire rental unit,Entire home/apt,2,405.0,36,1,1.0,1,330,0,92,4.6,48.21049836945685,16.37651131013915
160.0,86735971,Hernals,Entire rental unit,Entire home/apt,4,501.0,25,1,1.0,1,180,1,12,5.0,48.214673398140114,16.334067073016353
373.67,13394586,Rudolfsheim-Fünfhaus,Entire rental unit,Entire home/apt,8,434.0,43,3,2.0,3,357,0,4,3.25,48.18599,16.33119
127.5,548077465,Landstraße,Entire rental unit,Entire home/apt,4,73.0,34,1,1.0,1,252,0,8,4.63,48.18957379837211,16.38896570078189
79.88,692461749,Simmering,Entire rental unit,Entire home/apt,2,138.0,28,1,1.0,1,74,0,15,4.13,48.17511,16.40102
100.0,96937048,Rudolfsheim-Fünfhaus,Entire rental unit,Entire home/apt,3,382.0,40,1,1.0,2,257,0,97,4.59,48.1968,16.32627
60.0,452281710,Hernals,Entire rental unit,Entire home/apt,4,570.0,40,1,1.0,1,151,1,50,4.72,48.21785,16.32812
141.5,136698196,Hernals,Entire rental unit,Entire home/apt,6,535.0,44,1,1.5,2,131,1,17,4.88,48.22083594066135,16.335690111337
98.0,566831684,Landstraße,Entire rental unit,Entire home/apt,4,447.0,28,1,1.0,1,332,0,66,4.7,48.18683693958393,16.41207948884756
145.0,66040140,Favoriten,Entire rental unit,Entire home/apt,4,460.0,46,1,1.0,1,159,0,21,4.57,48.17153,16.37269
127.0,72805133,Ottakring,Entire rental unit,Entire home/apt,4,503.0,26,2,1.0,1,360,0,5,5.0,48.21343,16.33048
90.0,396597805,Rudolfsheim-Fünfhaus,Private room in hostel,Private room,3,417.0,46,1,1.5,1,309,0,32,4.66,48.196735,16.337521
90.5,313814498,Favoriten,Entire rental unit,Entire home/apt,4,487.0,40,1,1.0,2,237,0,58,4.74,48.17651355137316,16.36720050126314
184.0,441490913,Landstraße,Entire rental unit,Entire home/apt,3,304.0,59,1,1.0,2,93,1,42,4.95,48.194,16.41167
143.0,40479356,Landstraße,Entire rental unit,Entire home/apt,2,135.0,36,1,1.5,1,251,0,137,4.91,48.18929772492514,16.388805744685058
121.9,30158835,Leopoldstadt,Entire rental unit,Entire home/apt,2,580.0,36,1,1.0,1,313,1,67,4.69,48.21712493896485,16.387754440307617
158.17,652906300,Döbling,Entire rental unit,Entire home/apt,6,459.0,35,1,1.5,2,94,1,19,4.79,48.2367579,16.349273
176.0,571036712,Meidling,Entire rental unit,Entire home/apt,5,335.0,25,2,1.0,1,164,0,11,4.18,48.17532419168736,16.314227191860493
88.5,124849222,Rudolfsheim-Fünfhaus,Entire condo,Entire home/apt,3,341.0,37,1,1.5,2,5,0,1,4.0,48.19647639999999,16.3313257
74.0,523634144,Favoriten,Entire rental unit,Entire home/apt,4,547.0,37,1,1.0,1,345,1,37,4.81,48.17325,16.37993
124.0,698213337,Favoriten,Entire rental unit,Entire home/apt,4,366.0,34,1,1.0,1,349,1,18,4.61,48.1719217,16.3665388
155.0,15935294,Leopoldstadt,Entire rental unit,Entire home/apt,2,66.0,29,1,1.0,1,321,0,7,4.71,48.20599,16.42747
68.51,82520509,Favoriten,Entire rental unit,Entire home/apt,4,463.0,47,1,1.5,31,112,1,65,4.97,48.1794,16.36705
469.0,131677242,Rudolfsheim-Fünfhaus,Entire serviced apartment,Entire home/apt,12,449.0,60,4,1.0,2,319,1,217,4.94,48.19487,16.33810997
91.3,177288819,Brigittenau,Entire rental unit,Entire home/apt,2,382.0,25,1,1.0,2,228,1,57,4.75,48.24150143055331,16.376612826744005
81.0,523634144,Favoriten,Entire rental unit,Entire home/apt,4,555.0,38,1,1.0,1,353,1,122,4.71,48.173397667649176,16.379801029308194
152.33,22192185,Wieden,Entire rental unit,Entire home/apt,2,495.0,41,1,1.5,3,150,0,79,4.76,48.19769,16.36278
169.66,575253843,Donaustadt,Entire rental unit,Entire home/apt,2,537.0,74,1,1.0,1,333,1,9,5.0,48.22982961584463,16.415730698274682
130.97,652906300,Döbling,Entire rental unit,Entire home/apt,4,469.0,33,1,1.0,2,343,1,5,5.0,48.2367579,16.349273
134.5,151869337,Penzing,Entire rental unit,Entire home/apt,5,502.0,42,2,1.0,2,69,0,20,4.55,48.19156783439464,16.296668922083835
136.0,66040140,Rudolfsheim-Fünfhaus,Entire rental unit,Entire home/apt,3,460.0,39,1,1.0,1,345,0,143,4.8,48.19623,16.32885
122.0,518644,Margareten,Entire rental unit,Entire home/apt,4,390.0,32,1,1.5,1,309,0,38,4.68,48.19446,16.36087
158.0,676004801,Innere Stadt,Room in hotel,Private room,2,382.0,42,1,1.0,1,165,1,27,4.81,48.2062884,16.3677519
89.48,510757039,Brigittenau,Entire rental unit,Entire home/apt,7,341.0,45,3,1.5,4,63,1,58,4.95,48.23707386450977,16.367606474280613
84.0,523634144,Favoriten,Entire rental unit,Entire home/apt,4,532.0,36,1,1.0,1,341,1,81,4.69,48.172149934751125,16.38018640566558
55.42,8632750,Brigittenau,Entire serviced apartment,Entire home/apt,4,383.0,48,1,1.0,28,261,0,13,4.69,48.22866,16.36823
155.0,9403216,Ottakring,Entire rental unit,Entire home/apt,6,512.0,39,2,1.0,1,339,0,75,4.85,48.21401,16.33354
91.47,39994078,Hietzing,Entire rental unit,Entire home/apt,4,324.0,49,2,1.0,30,364,0,1,5.0,48.18833,16.29028
151.78,71423714,Landstraße,Entire rental unit,Entire home/apt,3,305.0,29,1,1.0,1,315,1,14,4.93,48.1890868,16.3931972
60.64,125118240,Brigittenau,Entire rental unit,Entire home/apt,4,448.0,32,1,1.0,30,106,1,13,5.0,48.22756,16.36671
69.0,549331758,Favoriten,Entire rental unit,Entire home/apt,2,305.0,34,1,1.0,1,173,0,254,4.69,48.1735058,16.3894297
73.0,103028422,Favoriten,Entire rental unit,Entire home/apt,4,484.0,43,1,1.5,2,73,1,72,4.86,48.16607,16.38255
241.5,216276706,Döbling,Entire rental unit,Entire home/apt,4,219.0,41,2,1.0,2,302,1,3,4.33,48.2406306,16.3491216
81.0,667769229,Brigittenau,Entire rental unit,Entire home/apt,6,534.0,21,2,1.0,1,347,0,87,4.52,48.24171851196093,16.377475192852113
99.86,2418146,Brigittenau,Entire rental unit,Entire home/apt,4,260.0,50,2,1.5,4,54,1,157,4.82,48.22875,16.37405
157.94,368679982,Hietzing,Entire rental unit,Entire home/apt,2,477.0,31,1,1.0,2,180,0,1,5.0,48.16436,16.28265
283.5,473779995,Meidling,Entire serviced apartment,Entire home/apt,6,303.0,50,4,1.5,2,258,0,55,4.69,48.17878055649929,16.324151836525807
199.71,288328438,Hernals,Entire rental unit,Entire home/apt,10,77.0,43,3,1.0,1,309,0,9,4.11,48.21783,16.33265
154.06,661128919,Favoriten,Entire rental unit,Entire home/apt,8,87.0,41,2,1.5,2,237,0,53,4.74,48.16906374112567,16.389051371249487
100.0,738594828,Hernals,Entire rental unit,Entire home/apt,4,511.0,31,1,1.0,2,254,0,2,5.0,48.2154211,16.3261043
148.67,24508490,Neubau,Entire rental unit,Entire home/apt,2,300.0,32,1,1.0,3,33,1,171,4.85,48.2017,16.34665
227.0,313830783,Innere Stadt,Entire rental unit,Entire home/apt,2,126.0,43,1,1.0,1,68,0,86,4.74,48.20671,16.37631
130.0,129829780,Innere Stadt,Room in aparthotel,Hotel room,3,492.0,22,1,1.0,1,362,0,219,4.53,48.20882,16.37651
137.0,727654127,Hernals,Entire rental unit,Entire home/apt,3,345.0,42,1,1.0,2,364,0,5,4.6,48.2169374,16.3370143
133.29,542223104,Favoriten,Entire rental unit,Entire home/apt,2,394.0,28,1,1.0,1,225,1,77,4.91,48.1854,16.38123
148.0,15935294,Hietzing,Entire rental unit,Entire home/apt,2,292.0,28,1,1.0,1,321,0,8,4.13,48.18909,16.29386
182.59,321861358,Brigittenau,Entire rental unit,Entire home/apt,4,701.0,44,1,1.0,1,70,1,131,4.85,48.23667536330292,16.391060857942513
132.5,547503864,Döbling,Entire rental unit,Entire home/apt,4,503.0,36,1,1.0,2,247,1,36,4.97,48.24573179999999,16.3592473
191.89,37606148,Landstraße,Entire rental unit,Entire home/apt,6,482.0,39,2,1.0,14,251,0,32,4.81,48.20677,16.38518
101.0,439242777,Favoriten,Entire rental unit,Entire home/apt,5,495.0,37,1,1.5,1,335,0,49,4.59,48.171841526501424,16.366487368941307
53.93,58774679,Landstraße,Entire rental unit,Entire home/apt,3,341.0,23,1,1.0,28,70,0,2,5.0,48.1992746,16.4050488
141.33,7147147,Alsergrund,Entire rental unit,Entire home/apt,9,315.0,22,3,1.5,1,146,0,8,4.5,48.219261916074274,16.35948235550387
633.5,562826879,Leopoldstadt,Entire rental unit,Entire home/apt,6,530.0,32,2,2.5,2,177,0,2,5.0,48.20640129999999,16.431036311114482
202.39,47784710,Landstraße,Entire condo,Entire home/apt,7,535.0,64,4,2.0,30,80,1,1,5.0,48.1995,16.38482
161.0,243331985,Rudolfsheim-Fünfhaus,Entire rental unit,Entire home/apt,5,494.0,30,1,1.0,2,41,0,28,4.54,48.19624,16.32984
78.0,523634144,Favoriten,Entire rental unit,Entire home/apt,4,524.0,38,1,1.0,1,354,1,84,4.6,48.17157,16.38022
118.5,460076008,Brigittenau,Entire rental unit,Entire home/apt,4,431.0,35,1,1.0,4,237,0,3,5.0,48.24098,16.37673
68.33,451773596,Döbling,Entire rental unit,Entire home/apt,4,163.0,49,1,1.5,3,201,0,4,5.0,48.2468442,16.3603992
172.33,415041890,Hietzing,Entire rental unit,Entire home/apt,3,495.0,49,1,1.0,3,356,0,3,5.0,48.18897,16.27606
83.0,549331758,Favoriten,Entire rental unit,Entire home/apt,2,332.0,32,1,1.0,1,177,0,196,4.78,48.1735058,16.3894297
4213.0,161306287,Innere Stadt,Private room in loft,Private room,2,476.0,24,1,1.5,1,358,0,94,4.86,48.2072,16.369
87.67,24704076,Rudolfsheim-Fünfhaus,Entire rental unit,Entire home/apt,3,264.0,49,1,1.0,2,27,0,11,5.0,48.19275100000001,16.3366589
143.0,9719601,Neubau,Entire rental unit,Entire home/apt,2,397.0,44,1,1.0,2,244,1,525,4.94,48.20096,16.3461
241.0,518644,Margareten,Entire rental unit,Entire home/apt,11,575.0,40,2,2.5,1,355,0,49,4.65,48.19468,16.36066
58.0,452812420,Penzing,Private room in rental unit,Private room,2,454.0,42,1,1.0,1,354,0,2,5.0,48.19113,16.2911
145.0,749299086,Donaustadt,Entire rental unit,Entire home/apt,6,471.0,11,1,3.0,1,143,0,2,5.0,48.25701,16.44519
122.0,115540983,Ottakring,Entire rental unit,Entire home/apt,5,489.0,21,1,1.0,1,154,0,175,4.78,48.2134,16.33401
52.75,222345303,Leopoldstadt,Entire rental unit,Entire home/apt,4,489.0,32,1,1.0,30,293,0,4,5.0,48.22191,16.40769
171.0,131677242,Rudolfsheim-Fünfhaus,Entire serviced apartment,Entire home/apt,4,411.0,56,1,1.0,1,315,1,92,4.86,48.19487,16.33810997
228.0,581933592,Rudolfsheim-Fünfhaus,Entire rental unit,Entire home/apt,6,507.0,45,3,1.5,1,246,1,118,4.97,48.18722,16.32017
80.0,1643928,Landstraße,Entire rental unit,Entire home/apt,4,338.0,40,2,1.5,1,228,0,339,4.4,48.20243,16.398
102.57,43866157,Hernals,Entire rental unit,Entire home/apt,4,424.0,43,1,1.0,2,322,1,237,4.95,48.21777725219727,16.33666229248047
97.0,407417015,Favoriten,Entire condo,Entire home/apt,2,101.0,41,1,1.0,2,226,1,18,5.0,48.17442,16.36403
99.0,581903560,Währing,Entire rental unit,Entire home/apt,6,59.0,30,1,1.0,1,165,0,8,4.13,48.228126833775136,16.32644618515508
198.0,26802497,Döbling,Entire rental unit,Entire home/apt,4,568.0,46,1,1.0,3,335,0,5,5.0,48.24463312291908,16.362986949124018
134.0,41693032,Brigittenau,Entire rental unit,Entire home/apt,3,465.0,43,2,1.0,4,6,1,17,4.88,48.2378192,16.3897146
260.0,713652769,Innere Stadt,Entire rental unit,Entire home/apt,4,346.0,41,1,1.0,1,294,1,47,4.94,48.2087,16.37251
73.31,709130045,Favoriten,Entire rental unit,Entire home/apt,4,530.0,61,1,1.0,30,324,0,3,3.0,48.1831766198983,16.382834015032774
143.03,407937258,Donaustadt,Entire rental unit,Entire home/apt,4,590.0,51,2,1.5,19,293,1,4,5.0,48.23684,16.41135
169.0,274565185,Brigittenau,Entire rental unit,Entire home/apt,2,456.0,25,1,1.5,1,247,0,29,4.93,48.23176,16.37087
91.5,200084869,Mariahilf,Entire rental unit,Entire home/apt,4,337.0,44,1,1.0,2,217,0,13,4.31,48.1936867,16.3404421
246.5,743398,Margareten,Entire rental unit,Entire home/apt,4,423.0,28,2,1.0,2,266,0,122,4.7,48.19238,16.35916
67.66,1280331,Mariahilf,Entire rental unit,Entire home/apt,4,198.0,57,1,1.5,1,52,0,189,4.79,48.19214418427229,16.342926651005616
109.0,53178880,Brigittenau,Entire rental unit,Entire home/apt,2,82.0,45,1,1.0,1,229,0,48,4.52,48.23082,16.36666
250.0,100351711,Neubau,Entire rental unit,Entire home/apt,4,354.0,38,2,1.0,1,284,1,123,4.95,48.20204507923305,16.348667321897207
157.14,9158703,Innere Stadt,Entire rental unit,Entire home/apt,4,288.0,34,2,1.5,30,96,1,2,5.0,48.20936414184711,16.371729761778898
56.49,27775775,Brigittenau,Entire rental unit,Entire home/apt,3,483.0,28,2,1.0,1,290,0,121,4.63,48.23089556938926,16.373914288573168
150.96,178996639,Innere Stadt,Entire rental unit,Entire home/apt,5,762.0,33,1,1.0,29,326,0,225,4.89,48.21182,16.37246
148.0,743398,Margareten,Entire rental unit,Entire home/apt,2,492.0,28,1,1.0,2,332,0,183,4.77,48.19409,16.35749
127.5,47784262,Hernals,Entire rental unit,Entire home/apt,5,458.0,27,2,1.0,2,108,1,71,4.72,48.21656,16.33038
47.67,95007570,Hernals,Entire rental unit,Entire home/apt,4,488.0,25,1,1.0,30,344,0,143,4.72,48.21817,16.33037
77.6,36974809,Ottakring,Entire rental unit,Entire home/apt,4,329.0,38,1,1.5,5,27,0,76,4.95,48.21271,16.33255
41.0,396597805,Rudolfsheim-Fünfhaus,Shared room in hotel,Shared room,1,57.0,36,1,2.0,1,345,0,44,4.7,48.1958464,16.337778
160.0,12118196,Neubau,Entire rental unit,Entire home/apt,2,245.0,34,1,1.0,3,211,1,85,4.93,48.20549,16.34664
114.17,117136301,Hietzing,Entire rental unit,Entire home/apt,5,265.0,61,1,1.5,6,211,1,195,4.97,48.18756,16.27651
92.0,260641262,Brigittenau,Entire rental unit,Entire home/apt,2,457.0,20,1,1.0,3,278,0,180,4.62,48.23178,16.36629
222.0,209229991,Rudolfsheim-Fünfhaus,Entire rental unit,Entire home/apt,4,65.0,17,2,1.5,4,361,0,4,4.0,48.195235197575705,16.337359584867954
113.43,2418146,Leopoldstadt,Entire rental unit,Entire home/apt,3,66.0,53,2,1.5,7,306,1,12,5.0,48.22756,16.37309
111.72,127214881,Mariahilf,Entire rental unit,Entire home/apt,3,365.0,45,1,1.0,2,39,1,174,4.98,48.1934240395545,16.351639634975303
152.75,398472585,Mariahilf,Entire rental unit,Entire home/apt,4,406.0,50,2,1.5,4,28,1,89,4.72,48.18971,16.35101
702.0,309964410,Rudolfsheim-Fünfhaus,Entire rental unit,Entire home/apt,10,490.0,54,5,4.0,3,270,1,120,4.91,48.193958,16.335398
400.0,393807464,Innere Stadt,Entire serviced apartment,Entire home/apt,4,508.0,24,1,2.0,1,200,1,17,4.82,48.20728,16.37661
172.5,243331985,Rudolfsheim-Fünfhaus,Entire rental unit,Entire home/apt,5,483.0,23,2,1.0,2,41,0,77,4.75,48.19802,16.32807
165.5,3270220,Neubau,Entire condo,Entire home/apt,5,498.0,46,2,1.5,2,74,0,26,5.0,48.20288,16.35109
77.33,13656498,Neubau,Private room in rental unit,Private room,2,262.0,13,1,1.5,1,33,0,6,5.0,48.2018785,16.3393952
167.0,243331985,Rudolfsheim-Fünfhaus,Entire rental unit,Entire home/apt,5,507.0,24,2,1.0,2,41,0,25,4.52,48.19683,16.32889
227.5,398266736,Brigittenau,Entire condo,Entire home/apt,4,481.0,24,2,1.5,4,88,0,14,5.0,48.23469770467731,16.383459886117322
92.6,11549764,Ottakring,Entire rental unit,Entire home/apt,4,210.0,49,1,1.0,5,75,1,117,4.7,48.21347,16.3363
96.43,573124115,Ottakring,Entire rental unit,Entire home/apt,4,107.0,44,1,1.0,2,21,0,19,4.47,48.21396,16.33801
117.0,252151299,Brigittenau,Entire rental unit,Entire home/apt,4,382.0,39,1,1.5,1,335,0,7,5.0,48.23801567968373,16.38931745114752
159.0,265140657,Rudolfsheim-Fünfhaus,Entire condo,Entire home/apt,5,442.0,40,2,1.0,1,283,1,169,4.83,48.19211,16.32912
89.0,50945012,Margareten,Entire rental unit,Entire home/apt,4,339.0,39,1,1.0,1,316,0,6,4.67,48.19349,16.356
236.5,474943273,Innere Stadt,Entire serviced apartment,Entire home/apt,4,469.0,38,1,1.0,1,296,0,45,4.29,48.2120499,16.3732409
118.8,115915838,Neubau,Room in hotel,Private room,2,339.0,28,1,1.0,1,298,0,15,4.2,48.1977687,16.347468
107.46,135786114,Donaustadt,Entire rental unit,Entire home/apt,2,433.0,45,1,1.0,28,231,0,2,5.0,48.230088951024186,16.414006054401398
84.0,1668143588406242628,Rudolfsheim-Fünfhaus,Entire rental unit,Entire home/apt,2,481.0,41,1,1.0,1,71,0,4,4.75,48.19282487763323,16.33210764044076
80.25,385064248,Donaustadt,Entire rental unit,Entire home/apt,2,264.0,26,1,1.0,30,171,0,1,5.0,48.2358651,16.4244409
129.33,346345158,Brigittenau,Entire rental unit,Entire home/apt,4,407.0,33,1,1.0,2,143,0,124,4.89,48.22778,16.36688
27.67,587077341,Meidling,Private room in rental unit,Private room,2,389.0,39,1,1.0,3,69,0,23,4.74,48.16687280175885,16.30891406628863
87.0,135359251,Meidling,Entire rental unit,Entire home/apt,4,265.0,30,1,1.0,1,164,0,49,4.73,48.18096862514727,16.322195200258513
119.0,571036712,Meidling,Entire rental unit,Entire home/apt,4,507.0,26,1,1.0,1,195,0,10,4.6,48.1748299555266,16.31488940465079
143.0,424253159,Landstraße,Entire rental unit,Entire home/apt,4,484.0,38,1,1.0,1,325,0,18,4.44,48.19127,16.38674
592.0,72306907,Innere Stadt,Entire rental unit,Entire home/apt,6,519.0,48,2,1.0,1,344,0,86,4.7,48.21038,16.37888
93.64,385064248,Landstraße,Entire rental unit,Entire home/apt,2,269.0,29,1,1.0,30,356,0,1,5.0,48.1850794,16.4121081
79.29,85907825,Innere Stadt,Entire rental unit,Entire home/apt,4,317.0,42,2,1.0,32,114,0,231,4.88,48.21098,16.37594
127.0,17438449,Landstraße,Entire rental unit,Entire home/apt,2,385.0,35,1,1.5,1,127,1,446,4.95,48.19966,16.38999
80.55,473779995,Favoriten,Entire serviced apartment,Entire home/apt,2,307.0,56,1,1.5,2,356,0,56,4.8,48.17516,16.35535
148.0,34168893,Favoriten,Entire rental unit,Entire home/apt,4,483.0,28,2,1.0,2,248,1,37,4.78,48.17412,16.36382
113.52,670951392,Favoriten,Entire rental unit,Entire home/apt,4,356.0,38,1,1.0,1,135,0,2,4.5,48.17203,16.36934
228.0,523634144,Favoriten,Entire rental unit,Entire home/apt,6,551.0,40,2,1.0,1,332,1,194,4.78,48.17305,16.38013
103.0,5583424,Penzing,Entire rental unit,Entire home/apt,5,461.0,45,1,0.5,1,70,0,20,5.0,48.19154,16.31073
123.0,9403216,Ottakring,Entire rental unit,Entire home/apt,4,449.0,41,2,1.0,1,287,0,77,4.75,48.21401,16.33354
70.46,538814587,Favoriten,Entire rental unit,Entire home/apt,3,289.0,41,1,1.0,3,283,1,89,4.85,48.16903115629812,16.380532250992808
85.0,313814498,Favoriten,Entire rental unit,Entire home/apt,4,499.0,37,1,1.0,2,212,0,182,4.69,48.17601,16.36639
110.0,196378139,Rudolfsheim-Fünfhaus,Entire condo,Entire home/apt,4,490.0,32,1,1.0,1,311,0,2,5.0,48.19398,16.33811
184.5,482369201,Rudolfsheim-Fünfhaus,Entire rental unit,Entire home/apt,4,77.0,18,1,1.0,2,151,0,60,4.77,48.19806,16.33271
149.0,115540983,Ottakring,Entire rental unit,Entire home/apt,4,391.0,30,1,1.0,1,71,0,139,4.66,48.21335,16.33399
74.0,418270816,Hietzing,Room in hotel,Private room,2,444.0,26,1,1.0,1,263,0,4,4.75,48.1864013,16.300567
196.4,64601861,Ottakring,Entire rental unit,Entire home/apt,2,146.0,45,1,1.5,5,70,1,118,4.9,48.20667,16.33479
225.0,396597805,Rudolfsheim-Fünfhaus,Private room in hostel,Private room,8,417.0,36,1,1.0,1,262,0,4,5.0,48.196735,16.337521
81.0,523634144,Favoriten,Entire rental unit,Entire home/apt,4,536.0,41,1,1.0,1,354,1,49,4.84,48.17317,16.38002
88.0,270804594,Meidling,Entire rental unit,Entire home/apt,2,235.0,45,1,1.0,1,264,0,253,4.61,48.17192,16.31849
120.67,476082609,Leopoldstadt,Entire condo,Entire home/apt,2,374.0,29,1,1.0,2,87,0,45,4.6,48.22347,16.40401
105.5,571405647,Simmering,Entire rental unit,Entire home/apt,5,440.0,40,1,1.0,1,354,1,50,4.94,48.17433,16.39808
63.0,452281710,Hernals,Entire rental unit,Entire home/apt,2,468.0,33,1,1.0,1,81,1,39,4.87,48.21881613686853,16.327032409608364
47.48,393655464,Döbling,Entire serviced apartment,Entire home/apt,2,0.0,28,1,1.0,29,344,0,63,4.7,48.24837,16.3684
74.2,340057554,Brigittenau,Entire rental unit,Entire home/apt,4,485.0,35,1,1.0,4,341,0,59,4.64,48.23116,16.36872
372.65,31117604,Leopoldstadt,Entire rental unit,Entire home/apt,6,470.0,29,2,1.5,2,256,0,61,4.9,48.21696218506569,16.389302442327875
120.0,24403804,Margareten,Entire rental unit,Entire home/apt,6,444.0,28,1,1.0,2,137,0,140,4.68,48.19569,16.35677
137.0,369205828,Meidling,Entire condo,Entire home/apt,4,230.0,44,1,1.0,1,28,1,104,4.93,48.1796642,16.32346
98.2,47156073,Brigittenau,Entire rental unit,Entire home/apt,3,466.0,44,1,1.0,5,136,1,226,4.97,48.23233,16.37364
118.0,249583292,Brigittenau,Entire rental unit,Entire home/apt,4,420.0,26,1,1.0,1,9,0,17,4.18,48.23747659529013,16.38979959997885
218.0,563874905,Favoriten,Entire rental unit,Entire home/apt,4,482.0,42,1,1.5,2,115,1,6,5.0,48.1848965,16.3836457
395.0,369764263,Mariahilf,Entire rental unit,Entire home/apt,2,452.0,41,1,2.0,1,138,1,38,4.95,48.1917866,16.3398339
130.0,129829780,Innere Stadt,Room in serviced apartment,Hotel room,2,493.0,27,1,1.0,1,363,0,576,4.53,48.21007,16.37504
105.29,4053187,Brigittenau,Entire rental unit,Entire home/apt,2,423.0,61,1,1.0,7,364,1,47,4.94,48.23383,16.37418
179.0,47034279,Wieden,Entire rental unit,Entire home/apt,4,363.0,59,2,1.5,1,194,1,364,4.84,48.19855,16.36548
133.5,47784262,Hernals,Entire rental unit,Entire home/apt,5,431.0,33,2,1.0,2,141,1,131,4.7,48.216605,16.3304581
122.0,9403216,Ottakring,Entire rental unit,Entire home/apt,4,494.0,40,2,1.0,1,324,0,70,4.76,48.21401,16.33354
115.0,491312976,Rudolfsheim-Fünfhaus,Entire rental unit,Entire home/apt,4,418.0,41,1,1.0,2,171,0,36,4.47,48.19517,16.33327
135.0,146020503,Innere Stadt,Entire rental unit,Entire home/apt,2,405.0,33,1,1.0,1,353,0,93,4.63,48.20872,16.37577
61.43,35867465,Döbling,Entire rental unit,Entire home/apt,2,302.0,27,1,1.0,30,320,0,1,5.0,48.243033,16.3499683
117.0,146020503,Innere Stadt,Entire rental unit,Entire home/apt,2,496.0,23,1,1.0,1,353,0,93,4.47,48.21055772376121,16.375402767795126
246.0,288328438,Hernals,Entire rental unit,Entire home/apt,8,267.0,29,2,1.0,1,324,0,29,4.52,48.216819,16.330297
106.0,2418146,Brigittenau,Entire rental unit,Entire home/apt,3,410.0,51,1,1.5,7,237,1,32,4.97,48.228642,16.374226
76.67,71980584,Leopoldstadt,Entire condo,Entire home/apt,2,204.0,22,1,1.0,2,163,1,52,4.73,48.225327,16.388664
126.0,106235114,Rudolfsheim-Fünfhaus,Entire rental unit,Entire home/apt,5,467.0,19,1,1.0,1,162,0,242,4.66,48.19719,16.33541
85.67,408315494,Mariahilf,Entire rental unit,Entire home/apt,3,452.0,30,1,1.0,3,83,0,55,4.84,48.19265141927334,16.342647484655757
142.0,9403216,Ottakring,Entire rental unit,Entire home/apt,5,473.0,41,2,1.0,1,350,0,54,4.69,48.21401,16.33354
111.0,87484808,Leopoldstadt,Entire rental unit,Entire home/apt,3,450.0,39,1,1.5,1,154,0,34,4.74,48.21968,16.41246
232.5,4353508,Ottakring,Entire rental unit,Entire home/apt,3,269.0,28,2,1.0,1,21,0,334,4.73,48.21058,16.33573
97.67,118965986,Hernals,Entire rental unit,Entire home/apt,4,463.0,55,1,1.5,3,5,0,219,4.94,48.2177,16.33424
337.0,548869588,Leopoldstadt,Entire rental unit,Entire home/apt,6,125.0,39,2,1.0,1,209,0,24,4.96,48.21918040000001,16.4109657
170.0,151869337,Meidling,Entire rental unit,Entire home/apt,5,337.0,30,2,1.5,1,345,0,17,4.82,48.17156784746743,16.31216743601325
166.0,553141569,Ottakring,Private room in rental unit,Private room,9,502.0,55,3,1.5,2,124,1,55,4.85,48.2145137,16.335299
116.0,383835177,Neubau,Entire rental unit,Entire home/apt,2,418.0,23,1,1.0,1,322,0,5,4.2,48.20287322936876,16.339443197621442
89.1,516360514,Favoriten,Entire rental unit,Entire home/apt,4,308.0,43,2,1.0,2,78,1,71,4.52,48.17395511105329,16.384664805438955
111.33,560447677,Rudolfsheim-Fünfhaus,Entire rental unit,Entire home/apt,4,285.0,31,1,1.0,1,145,0,77,4.69,48.18492,16.3275
270.33,427167168,Landstraße,Entire condo,Entire home/apt,3,402.0,53,1,1.0,3,340,1,105,4.91,48.19365,16.41194
251.0,548869588,Leopoldstadt,Entire rental unit,Entire home/apt,2,90.0,37,1,1.0,1,223,0,14,4.93,48.21918040000001,16.4109657
64.2,732583190,Penzing,Room in hotel,Private room,2,279.0,41,1,1.0,1,326,1,7,5.0,48.2001749,16.286878
139.0,72805133,Ottakring,Entire rental unit,Entire home/apt,2,503.0,24,1,1.0,1,323,0,1,4.0,48.21348,16.33021
62.66,4304771,Brigittenau,Entire serviced apartment,Entire home/apt,4,284.0,47,1,1.0,30,136,1,10,4.9,48.2328121,16.387898
74.0,53178880,Brigittenau,Entire rental unit,Entire home/apt,2,77.0,32,1,1.0,1,248,0,85,4.65,48.2309117,16.3665766
76.0,540236834,Penzing,Entire rental unit,Entire home/apt,2,401.0,35,1,1.0,1,169,0,2,5.0,48.19845767552914,16.279756143825256
62.01,4304771,Brigittenau,Entire serviced apartment,Entire home/apt,4,284.0,47,1,1.0,30,107,1,28,4.79,48.232746,16.387941
104.86,2418146,Brigittenau,Entire rental unit,Entire home/apt,4,291.0,59,1,2.0,3,276,1,53,4.92,48.22873,16.37182
146.0,440259734,Donaustadt,Entire condo,Entire home/apt,4,444.0,30,1,1.0,2,311,0,21,4.9,48.226578,16.421495
274.0,546106539,Donaustadt,Entire rental unit,Entire home/apt,4,334.0,11,1,1.0,1,280,0,6,3.83,48.23693636321596,16.423714980483055
90.0,353271266,Brigittenau,Entire rental unit,Entire home/apt,2,506.0,30,1,1.0,1,181,1,104,4.73,48.23456366183093,16.38785360383466
89.67,560447677,Rudolfsheim-Fünfhaus,Entire rental unit,Entire home/apt,4,258.0,29,1,1.0,3,132,0,67,4.57,48.18678209207692,16.329143137399434
141.5,487002282,Brigittenau,Entire rental unit,Entire home/apt,6,485.0,67,1,1.0,2,286,1,104,4.9,48.24080086825124,16.383597638061755
68.0,250157049,Penzing,Entire rental unit,Entire home/apt,2,529.0,33,1,1.0,3,111,0,119,4.76,48.19841,16.28032
83.5,5130306,Döbling,Entire rental unit,Entire home/apt,2,494.0,27,1,1.0,1,68,0,67,4.76,48.2399188637377,16.354163966117945
136.0,68371919,Penzing,Entire rental unit,Entire home/apt,6,510.0,58,3,1.5,1,152,0,131,4.79,48.194554333538285,16.28205152031829
134.47,552009253,Penzing,Entire rental unit,Entire home/apt,6,417.0,47,2,1.0,1,175,0,1,5.0,48.19462,16.28138
183.0,104081593,Döbling,Entire condo,Entire home/apt,2,439.0,42,1,1.5,1,364,0,12,4.5,48.241356034896,16.3514233200989
61.64,4304771,Brigittenau,Entire serviced apartment,Entire home/apt,4,364.0,48,1,1.0,30,146,1,16,4.56,48.232819,16.387899
47.1,18996772,Hietzing,Entire rental unit,Entire home/apt,2,365.0,23,1,1.0,30,238,0,4,4.75,48.1734444,16.2893314
140.0,690487614,Brigittenau,Entire rental unit,Entire home/apt,4,483.0,33,1,1.0,1,324,1,22,4.86,48.23858622175353,16.3639078192438
66.05,4304771,Brigittenau,Entire serviced apartment,Entire home/apt,4,378.0,47,1,1.0,30,113,1,23,4.87,48.232819,16.387899
123.67,487002282,Brigittenau,Entire rental unit,Entire home/apt,6,522.0,68,1,1.0,2,185,1,134,4.9,48.23924,16.38538
139.0,113081062,Döbling,Entire condo,Entire home/apt,4,523.0,50,1,1.5,1,364,0,14,4.07,48.24582,16.34168
151.0,9403216,Ottakring,Entire rental unit,Entire home/apt,4,511.0,38,1,1.0,1,352,0,55,4.78,48.21401,16.33354
82.0,452281710,Hernals,Entire rental unit,Entire home/apt,8,522.0,45,1,1.0,1,85,1,4,3.5,48.2189361,16.3270505
142.0,383835177,Penzing,Entire rental unit,Entire home/apt,6,417.0,45,2,1.5,28,194,0,27,4.67,48.19047,16.29404
120.0,72805133,Ottakring,Entire rental unit,Entire home/apt,4,503.0,26,2,1.0,1,364,0,7,3.71,48.214,16.33044
114.74,385064248,Hietzing,Entire rental unit,Entire home/apt,8,298.0,26,4,1.5,30,355,0,4,4.0,48.18514330000001,16.2964904
144.0,565193960,Döbling,Entire rental unit,Entire home/apt,5,509.0,60,1,1.0,1,351,1,30,5.0,48.248138,16.3619085
77.59,1963384,Innere Stadt,Entire rental unit,Entire home/apt,2,304.0,21,1,1.0,31,306,1,99,4.89,48.20904,16.37182
65.9,702050480,Landstraße,Entire rental unit,Entire home/apt,4,492.0,49,2,1.5,6,86,1,10,4.9,48.2119,16.39015
44.43,87484808,Leopoldstadt,Entire rental unit,Entire home/apt,4,439.0,39,1,1.0,1,99,0,4,4.75,48.21942845666221,16.41296816391753
134.09,105800866,Leopoldstadt,Entire rental unit,Entire home/apt,3,253.0,30,1,1.0,1,254,0,11,5.0,48.22289,16.39981
78.0,549331758,Favoriten,Entire rental unit,Entire home/apt,2,382.0,35,1,1.0,1,163,0,210,4.67,48.1735058,16.3894297
40.45,18187202,Landstraße,Entire rental unit,Entire home/apt,2,310.0,39,1,1.0,31,124,0,143,4.83,48.21163037359369,16.38887249243962
43.0,1680355426411254402,Simmering,Private room in rental unit,Private room,2,541.0,33,1,1.0,1,35,0,5,3.8,48.17309,16.41998
128.0,6539867,Landstraße,Entire rental unit,Entire home/apt,2,304.0,58,1,1.0,3,231,1,210,4.78,48.21043,16.39126
116.0,59957265,Leopoldstadt,Entire rental unit,Entire home/apt,4,435.0,43,1,1.0,1,25,0,632,4.76,48.21903,16.38858
134.5,455484998,Simmering,Entire rental unit,Entire home/apt,4,466.0,41,1,1.0,2,257,0,13,5.0,48.1812137,16.4148706
242.0,540236834,Favoriten,Entire rental unit,Entire home/apt,10,497.0,32,4,1.0,1,248,0,4,4.5,48.17697,16.36643
147.0,1996189,Simmering,Entire rental unit,Entire home/apt,4,530.0,34,2,1.0,1,338,1,3,5.0,48.1783204,16.4115796
119.0,258186099,Brigittenau,Private room in rental unit,Private room,2,418.0,31,1,1.0,1,363,0,2,5.0,48.23949097218913,16.38426572084427
79.31,62606668,Landstraße,Entire rental unit,Entire home/apt,4,472.0,30,1,1.0,3,175,1,50,4.9,48.19606,16.39372
47.57,449508953,Landstraße,Entire rental unit,Entire home/apt,2,560.0,35,1,1.0,30,324,1,54,4.98,48.19862,16.40029
161.0,668583558,Döbling,Entire rental unit,Entire home/apt,6,531.0,57,3,1.0,1,299,0,11,4.73,48.24191425415092,16.34925375291337
62.5,275028386,Landstraße,Entire rental unit,Entire home/apt,2,496.0,22,1,1.0,30,230,1,32,4.97,48.2096,16.39284
100.0,319136516,Simmering,Entire rental unit,Entire home/apt,2,453.0,38,1,1.0,2,293,0,54,4.8,48.16707679479423,16.422477833868424
188.0,15935294,Leopoldstadt,Entire rental unit,Entire home/apt,2,342.0,30,1,1.0,1,256,0,11,4.55,48.20549,16.42925
142.0,548869588,Leopoldstadt,Entire rental unit,Entire home/apt,2,99.0,35,1,1.0,1,232,0,3,5.0,48.21918040000001,16.4109657
126.0,65765107,Döbling,Private room in rental unit,Private room,2,501.0,33,1,1.0,1,363,0,2,5.0,48.24525,16.33237
178.0,548869588,Leopoldstadt,Entire rental unit,Entire home/apt,4,90.0,35,1,1.0,1,211,0,2,5.0,48.21918040000001,16.4109657
304.0,2831716,Wieden,Entire serviced apartment,Entire home/apt,10,461.0,31,3,2.5,1,131,1,167,4.89,48.19665,16.3649
157.0,15935294,Leopoldstadt,Entire rental unit,Entire home/apt,2,332.0,30,1,1.0,1,304,0,8,4.5,48.20662,16.42731
173.0,184859618,Simmering,Entire rental unit,Entire home/apt,6,500.0,42,1,1.0,1,190,0,28,4.75,48.17478329999999,16.4017769
159.0,584193781,Meidling,Private room in bed and breakfast,Private room,2,496.0,41,1,1.0,2,269,0,2,5.0,48.16764008332868,16.317880308181586
128.95,676930811,Innere Stadt,Entire rental unit,Entire home/apt,4,177.0,17,1,1.0,1,338,0,52,4.62,48.21111,16.375
159.0,15935294,Leopoldstadt,Entire rental unit,Entire home/apt,2,64.0,31,1,1.0,1,331,0,9,4.11,48.20734,16.42777
114.08,4361476,Landstraße,Entire rental unit,Entire home/apt,3,498.0,44,2,1.0,30,231,1,8,5.0,48.2025416,16.3870185
54.0,1680355426411254402,Simmering,Private room in rental unit,Private room,3,499.0,34,1,1.0,1,16,0,6,4.17,48.17342,16.41988
128.0,146020503,Innere Stadt,Entire rental unit,Entire home/apt,2,405.0,22,1,1.0,1,327,0,23,4.61,48.21004,16.37711
199.5,540109894,Innere Stadt,Entire rental unit,Entire home/apt,5,478.0,30,2,1.0,2,281,0,82,4.83,48.21017945573053,16.37623389422439
65.0,521999221,Brigittenau,Entire rental unit,Entire home/apt,4,496.0,51,2,1.0,1,311,0,5,4.0,48.23471,16.37182
176.0,548674689,Favoriten,Entire rental unit,Entire home/apt,2,634.0,50,1,1.0,1,270,1,15,4.93,48.17172,16.39095
166.0,152426320,Ottakring,Entire rental unit,Entire home/apt,3,436.0,34,1,1.0,1,58,1,184,4.89,48.21205,16.33741
98.5,151926955,Rudolfsheim-Fünfhaus,Entire rental unit,Entire home/apt,2,438.0,29,1,1.0,1,326,0,72,4.18,48.19553349287427,16.337975484959397
143.0,709530191,Rudolfsheim-Fünfhaus,Entire rental unit,Entire home/apt,4,246.0,41,1,1.0,1,231,1,28,4.79,48.20237,16.31412
257.46,157500977,Innere Stadt,Entire rental unit,Entire home/apt,6,354.0,33,2,2.0,28,139,0,202,4.94,48.20979025942744,16.382294442105664
100.0,64743752,Innere Stadt,Entire rental unit,Entire home/apt,2,451.0,37,1,1.0,2,130,0,17,4.88,48.21256,16.37271
137.0,734369505,Brigittenau,Entire rental unit,Entire home/apt,3,474.0,29,1,1.0,1,282,1,22,4.86,48.23831,16.36472
72.5,4598127,Ottakring,Entire rental unit,Entire home/apt,2,484.0,45,1,1.5,4,37,0,32,4.97,48.2095,16.33366
391.7,22229400,Favoriten,Entire rental unit,Entire home/apt,12,311.0,62,4,1.5,2,154,0,73,4.74,48.18051,16.36915
106.67,362208992,Rudolfsheim-Fünfhaus,Entire rental unit,Entire home/apt,2,344.0,13,1,1.0,3,222,0,42,4.74,48.1907647,16.3326172
101.32,516360514,Favoriten,Entire rental unit,Entire home/apt,2,326.0,45,1,1.0,2,47,1,116,4.75,48.17339424177469,16.384221457847175
97.0,188384002,Brigittenau,Entire rental unit,Entire home/apt,4,469.0,42,1,1.0,1,50,0,246,4.85,48.2387369,16.3887785
300.67,178991281,Innere Stadt,Entire rental unit,Entire home/apt,4,507.0,27,1,1.5,1,210,1,282,4.97,48.21195,16.36767
181.0,548869588,Leopoldstadt,Entire rental unit,Entire home/apt,2,90.0,40,1,1.0,1,230,0,13,4.69,48.21918040000001,16.4109657
121.0,245165047,Leopoldstadt,Entire rental unit,Entire home/apt,2,398.0,13,1,1.0,2,272,1,4,4.75,48.21950425495564,16.409353762500473
126.0,115915838,Neubau,Room in boutique hotel,Private room,2,284.0,20,1,1.0,1,332,0,18,4.5,48.19735,16.34662
106.2,29494065,Hernals,Entire rental unit,Entire home/apt,3,407.0,12,2,1.0,5,170,0,25,4.28,48.21965,16.33145
203.0,676004801,Innere Stadt,Room in hotel,Private room,4,365.0,34,1,1.0,1,186,1,5,5.0,48.2062884,16.3677519
117.0,566831684,Landstraße,Entire rental unit,Entire home/apt,4,447.0,27,1,1.0,1,353,0,59,4.75,48.18696,16.41347
70.0,1680355426411254402,Simmering,Entire rental unit,Entire home/apt,3,525.0,33,1,1.0,1,344,0,5,3.4,48.17357,16.42028
103.99,657257173,Favoriten,Entire rental unit,Entire home/apt,4,508.0,37,1,1.0,1,177,0,28,4.71,48.17096351610021,16.387612918230698
84.0,523634144,Favoriten,Entire rental unit,Entire home/apt,4,521.0,38,1,1.0,1,355,1,22,4.95,48.172815393380525,16.380318029633926
91.3,528677963,Favoriten,Entire rental unit,Entire home/apt,3,491.0,8,1,1.0,1,34,0,2,5.0,48.16544,16.38301
169.0,566831684,Landstraße,Entire rental unit,Entire home/apt,6,467.0,28,2,1.0,1,333,0,43,4.7,48.18691755787337,16.413779436321608
62.02,342114669,Döbling,Entire serviced apartment,Entire home/apt,2,360.0,38,1,1.0,28,335,0,78,4.36,48.24587,16.34192
94.0,54741385,Simmering,Entire rental unit,Entire home/apt,4,84.0,43,1,1.0,1,348,0,86,4.73,48.1754,16.40785
70.0,97275819,Ottakring,Entire rental unit,Entire home/apt,5,586.0,40,2,1.5,1,337,0,208,4.24,48.21188,16.33829
422.33,39158443,Innere Stadt,Entire rental unit,Entire home/apt,4,259.0,26,3,1.0,3,223,1,289,4.95,48.20981,16.36755
134.5,207694245,Leopoldstadt,Entire rental unit,Entire home/apt,4,246.0,24,1,1.0,2,66,0,56,4.77,48.21919,16.39008
59.11,372625323,Döbling,Entire serviced apartment,Entire home/apt,2,414.0,35,1,1.0,28,325,0,23,4.83,48.24587,16.34192
73.0,549331758,Favoriten,Entire rental unit,Entire home/apt,3,311.0,33,1,1.0,1,151,0,247,4.74,48.1735058,16.3894297
147.63,157500977,Innere Stadt,Entire rental unit,Entire home/apt,4,290.0,40,1,1.0,28,139,0,90,4.72,48.209762722257096,16.381592715623647
139.8,6571299,Margareten,Entire rental unit,Entire home/apt,4,299.0,35,1,1.0,5,67,1,78,4.85,48.19352,16.35611
116.24,385064248,Favoriten,Entire rental unit,Entire home/apt,2,263.0,30,1,1.0,30,309,0,1,5.0,48.1853004,16.3826486
77.81,1244924,Landstraße,Entire rental unit,Entire home/apt,2,237.0,53,1,1.0,31,311,1,22,4.95,48.20744,16.39212
123.0,489549662,Ottakring,Entire rental unit,Entire home/apt,4,497.0,40,1,1.0,3,192,0,52,4.9,48.2118506,16.3346813
69.0,549331758,Favoriten,Entire rental unit,Entire home/apt,2,390.0,36,1,1.0,1,171,0,238,4.71,48.1735058,16.3894297
36.0,595673115,Simmering,Private room in rental unit,Private room,4,396.0,15,1,1.0,1,5,0,15,4.33,48.18259706003305,16.41983429245137
71.33,698891164,Brigittenau,Entire rental unit,Entire home/apt,2,498.0,18,1,1.0,2,222,0,4,3.5,48.23477,16.36526
212.26,162882293,Meidling,Entire rental unit,Entire home/apt,4,433.0,41,2,1.0,5,75,0,29,5.0,48.18617,16.34107
78.0,549331758,Favoriten,Entire rental unit,Entire home/apt,2,332.0,33,1,1.0,1,149,0,235,4.79,48.1735058,16.3894297
63.5,559125948,Brigittenau,Entire rental unit,Entire home/apt,2,394.0,16,1,0.5,6,269,0,11,4.45,48.234833938690144,16.3882239603997
60.11,125118240,Brigittenau,Entire rental unit,Entire home/apt,4,454.0,28,1,1.5,30,180,1,4,5.0,48.229161636646765,16.366748221994442
74.5,466334739,Brigittenau,Entire rental unit,Entire home/apt,3,519.0,24,1,1.0,2,68,0,7,3.57,48.23848,16.38619
80.59,27775775,Favoriten,Entire rental unit,Entire home/apt,4,429.0,37,1,1.0,1,359,0,1,4.0,48.17317,16.39328
54.14,9165185,Landstraße,Entire rental unit,Entire home/apt,2,247.0,42,1,1.0,30,67,1,64,4.91,48.20645997965458,16.390348661083518
149.4,473779995,Meidling,Entire serviced apartment,Entire home/apt,5,298.0,45,2,1.5,2,273,0,39,4.67,48.17872169876215,16.325055478299056
134.0,114204359,Leopoldstadt,Entire rental unit,Entire home/apt,4,450.0,33,1,1.0,1,232,1,133,4.75,48.22546,16.38437
112.88,45580310,Mariahilf,Entire rental unit,Entire home/apt,3,0.0,38,1,1.0,3,69,1,20,4.9,48.1974896,16.3505101
25.81,141076697,Brigittenau,Private room in rental unit,Private room,1,394.0,37,1,1.0,30,282,0,207,4.75,48.22912,16.37025
121.32,662845914,Simmering,Entire rental unit,Entire home/apt,3,498.0,38,1,1.0,1,364,0,18,4.44,48.16801294930297,16.424628609422484
24.23,141076697,Brigittenau,Private room in rental unit,Private room,1,394.0,41,1,1.0,30,274,0,271,4.71,48.22771,16.37095
67.25,189066567,Rudolfsheim-Fünfhaus,Entire rental unit,Entire home/apt,2,491.0,45,1,1.5,30,180,1,4,5.0,48.19598,16.33364
67.72,323912303,Hernals,Entire rental unit,Entire home/apt,4,299.0,35,1,1.0,30,192,1,59,4.88,48.21704,16.33913
327.07,68112445,Favoriten,Entire rental unit,Entire home/apt,2,500.0,41,1,1.0,30,128,1,169,4.96,48.18402,16.37265
120.0,64601861,Ottakring,Entire rental unit,Entire home/apt,2,423.0,45,1,1.5,4,141,1,153,4.9,48.20667,16.33479
98.33,26147097,Ottakring,Entire serviced apartment,Entire home/apt,2,449.0,36,1,1.0,2,121,0,8,4.0,48.20850372314453,16.333911895751953
356.5,22156310,Neubau,Entire rental unit,Entire home/apt,8,508.0,61,3,1.5,4,56,0,154,4.79,48.20582,16.35095
260.5,303734966,Mariahilf,Entire rental unit,Entire home/apt,6,468.0,28,3,3.0,2,98,0,108,4.78,48.196388244628906,16.35205078125
329.0,151869337,Landstraße,Entire rental unit,Entire home/apt,6,513.0,61,2,1.5,1,5,0,51,4.88,48.19480133,16.41110039
48.91,8577925,Favoriten,Entire rental unit,Entire home/apt,2,489.0,32,1,1.0,1,25,0,2,5.0,48.1768,16.36715
131.0,146020503,Innere Stadt,Entire rental unit,Entire home/apt,2,488.0,14,1,1.0,1,299,0,103,4.58,48.20848,16.37572
22.57,341379065,Favoriten,Private room in rental unit,Private room,1,239.0,30,1,1.0,30,41,0,3,4.33,48.1743392944336,16.366941452026367
111.5,559659279,Favoriten,Entire rental unit,Entire home/apt,2,282.0,53,1,1.0,2,53,0,30,4.73,48.17748048969526,16.381827523125708
220.0,548869588,Leopoldstadt,Entire rental unit,Entire home/apt,6,125.0,37,2,1.0,1,202,0,7,5.0,48.21918040000001,16.4109657
110.7,473779995,Meidling,Entire serviced apartment,Entire home/apt,2,302.0,45,1,1.0,2,329,0,40,4.9,48.17712,16.32379
123.25,189895939,Rudolfsheim-Fünfhaus,Entire rental unit,Entire home/apt,4,167.0,45,2,1.0,1,291,1,360,4.93,48.193273,16.3286634
48.0,1680355426411254402,Simmering,Private room in rental unit,Private room,2,537.0,33,1,1.0,1,42,0,4,4.0,48.17359,16.42045
98.09,385064248,Landstraße,Entire rental unit,Entire home/apt,2,310.0,27,1,1.0,30,324,0,1,4.0,48.1847231,16.39922019999999
88.0,549331758,Favoriten,Entire rental unit,Entire home/apt,2,305.0,34,1,1.0,1,180,0,226,4.68,48.1735058,16.3894297
286.0,151869337,Landstraße,Entire rental unit,Entire home/apt,5,395.0,56,2,1.5,1,13,0,51,4.73,48.19436,16.40986
103.67,16541872,Leopoldstadt,Entire rental unit,Entire home/apt,2,33.0,13,1,1.0,3,346,0,63,4.24,48.22444,16.38778
71.35,695246045,Favoriten,Entire serviced apartment,Entire home/apt,4,325.0,37,2,1.5,31,269,0,2,5.0,48.17061196580326,16.37035440297706
200.85,162706547,Innere Stadt,Entire rental unit,Entire home/apt,6,307.0,53,2,2.0,1,214,0,580,4.78,48.21015,16.37611
136.67,372661485,Brigittenau,Entire rental unit,Entire home/apt,5,213.0,36,1,1.0,3,184,1,17,4.88,48.228788429674445,16.37315486616646
142.0,548869588,Leopoldstadt,Entire rental unit,Entire home/apt,2,99.0,37,1,1.0,1,227,0,1,5.0,48.21918040000001,16.4109657
81.0,523634144,Favoriten,Entire rental unit,Entire home/apt,4,548.0,38,1,1.0,1,336,1,17,4.71,48.1718211145562,16.37983110020261
168.0,548869588,Leopoldstadt,Entire rental unit,Entire home/apt,2,99.0,36,1,1.0,1,223,0,3,5.0,48.21918040000001,16.4109657
335.67,20068276,Hernals,Entire serviced apartment,Entire home/apt,7,370.0,38,2,2.0,3,123,1,25,4.72,48.21238,16.33884
225.0,889194,Leopoldstadt,Entire rental unit,Entire home/apt,3,500.0,33,1,1.5,2,285,0,69,4.91,48.22131,16.38757
125.6,91721706,Favoriten,Entire rental unit,Entire home/apt,2,501.0,32,1,1.0,5,232,1,15,5.0,48.177924095573175,16.38240099284801
90.15,683954295,Meidling,Entire rental unit,Entire home/apt,4,592.0,33,1,1.0,1,173,1,23,4.7,48.1864,16.33943
181.0,676568718,Meidling,Entire rental unit,Entire home/apt,6,86.0,11,2,1.0,2,58,0,8,4.88,48.171748967842966,16.313970322851276
267.87,308825890,Innere Stadt,Entire rental unit,Entire home/apt,6,134.0,43,2,1.0,2,255,0,47,4.7,48.2110395,16.3714434
102.0,115915838,Neubau,Room in boutique hotel,Hotel room,1,498.0,16,1,1.0,1,318,0,127,4.33,48.19777,16.34747
104.0,652733403,Favoriten,Entire rental unit,Entire home/apt,4,59.0,57,1,1.0,1,305,0,8,4.75,48.1740893,16.381907
450.0,5807913,Innere Stadt,Entire rental unit,Entire home/apt,6,437.0,27,3,2.0,1,23,0,8,5.0,48.20812,16.36929
118.67,700674779,Rudolfsheim-Fünfhaus,Entire rental unit,Entire home/apt,4,437.0,51,2,1.0,2,36,1,63,4.94,48.19745,16.32919
114.0,270804594,Meidling,Entire rental unit,Entire home/apt,4,0.0,49,1,1.0,1,313,0,254,4.74,48.17351,16.32041
102.0,511689935,Innere Stadt,Private room in hostel,Private room,2,439.0,27,1,3.0,1,114,0,12,4.33,48.2129079,16.3684478
282.0,23537323,Leopoldstadt,Entire serviced apartment,Entire home/apt,12,198.0,17,5,2.0,1,256,0,13,4.54,48.2262661,16.3869983
125.0,652733403,Favoriten,Entire rental unit,Entire home/apt,4,88.0,58,1,1.0,1,360,0,9,4.67,48.1740893,16.381907
24.23,95007570,Hernals,Private room in rental unit,Private room,2,84.0,20,1,1.5,30,233,0,1,5.0,48.218604493882346,16.329506360819806
181.0,548869588,Leopoldstadt,Entire rental unit,Entire home/apt,4,90.0,34,1,1.0,1,226,0,4,4.75,48.21918040000001,16.4109657
444.49,72306907,Innere Stadt,Entire rental unit,Entire home/apt,6,497.0,44,3,1.5,1,253,0,64,4.8,48.20801,16.36895
224.67,414469778,Mariahilf,Entire rental unit,Entire home/apt,6,171.0,30,2,1.0,1,248,1,66,4.88,48.19994,16.35901
106.38,9158703,Innere Stadt,Entire rental unit,Entire home/apt,2,207.0,39,1,1.5,30,147,1,12,4.92,48.2111,16.36753
149.5,20598167,Hernals,Entire rental unit,Entire home/apt,4,503.0,46,2,1.0,2,355,0,9,4.56,48.21226,16.33883
67.86,393655464,Döbling,Entire serviced apartment,Entire home/apt,2,0.0,28,1,1.0,1,364,0,39,4.36,48.24881,16.36802
327.4,64627440,Landstraße,Entire rental unit,Entire home/apt,6,415.0,57,3,3.0,1,233,1,65,4.98,48.19696,16.39593
68.5,289925112,Ottakring,Entire rental unit,Entire home/apt,3,510.0,41,1,1.0,2,161,0,25,4.92,48.21093399301775,16.334787582879027
103.0,1441217,Mariahilf,Entire rental unit,Entire home/apt,2,0.0,30,1,1.0,2,278,1,308,4.66,48.19418,16.3501
84.0,537086875,Simmering,Entire rental unit,Entire home/apt,2,436.0,39,1,1.0,1,86,1,50,4.8,48.1764804,16.4119695
1140.0,7770370,Neubau,Entire rental unit,Entire home/apt,5,118.0,21,1,1.5,1,313,1,73,4.88,48.20501590488144,16.3477314472117
100.0,439242777,Favoriten,Entire rental unit,Entire home/apt,4,508.0,36,1,1.5,1,346,0,48,4.63,48.1719217,16.3665388
201.0,34932019,Brigittenau,Entire rental unit,Entire home/apt,4,482.0,39,1,1.0,1,269,0,13,4.69,48.2383079,16.3647172
68.0,5783,Meidling,Entire rental unit,Entire home/apt,4,499.0,30,2,1.0,1,177,0,50,4.68,48.17139,16.33288
151.38,132964788,Meidling,Entire rental unit,Entire home/apt,5,536.0,44,2,1.0,2,245,0,7,5.0,48.17919,16.32096
152.33,90266862,Rudolfsheim-Fünfhaus,Entire rental unit,Entire home/apt,3,504.0,25,1,1.5,3,138,0,33,4.79,48.19749,16.33237
94.0,54741385,Simmering,Entire rental unit,Entire home/apt,4,84.0,47,1,1.0,1,363,0,79,4.66,48.17688,16.40564
48.95,153610377,Neubau,Entire rental unit,Entire home/apt,3,300.0,41,1,1.0,28,203,1,64,4.8,48.20633,16.34108
123.0,69176180,Ottakring,Entire rental unit,Entire home/apt,4,369.0,31,1,1.0,1,263,0,6,4.83,48.20626,16.32951
99.0,270804594,Meidling,Entire rental unit,Entire home/apt,2,320.0,46,1,1.0,1,259,0,224,4.63,48.17154,16.31896
116.5,444868892,Penzing,Room in boutique hotel,Private room,2,404.0,35,1,1.0,1,153,1,19,5.0,48.188447314592686,16.30326070740967
114.5,176693095,Rudolfsheim-Fünfhaus,Entire rental unit,Entire home/apt,4,373.0,27,1,1.0,2,289,0,1,5.0,48.19762,16.32926
271.6,5032541,Mariahilf,Entire rental unit,Entire home/apt,6,459.0,50,4,1.0,4,14,1,38,5.0,48.19521,16.3468
276.0,467474820,Landstraße,Entire condo,Entire home/apt,4,492.0,48,2,1.0,1,72,1,65,4.82,48.1875,16.39751
112.0,167239852,Ottakring,Entire condo,Entire home/apt,4,441.0,40,1,1.0,1,239,0,135,4.84,48.20914,16.32797
154.0,222345303,Favoriten,Entire rental unit,Entire home/apt,6,338.0,29,2,1.0,1,4,0,12,4.42,48.17311784775828,16.381073242519143
412.0,418270816,Meidling,Entire serviced apartment,Entire home/apt,7,444.0,33,3,1.0,1,344,0,3,5.0,48.175371,16.331714
172.0,255645218,Döbling,Entire rental unit,Entire home/apt,10,374.0,42,4,1.0,1,4,0,3,4.67,48.24449,16.35756
362.5,108413640,Innere Stadt,Entire rental unit,Entire home/apt,2,450.0,26,1,1.5,3,113,0,95,4.99,48.20715,16.37127
188.67,118869485,Leopoldstadt,Entire townhouse,Entire home/apt,5,499.0,65,3,2.0,2,34,1,76,4.75,48.21945,16.38479
85.0,95007570,Hernals,Entire rental unit,Entire home/apt,4,538.0,43,2,1.0,1,71,0,119,4.82,48.2207,16.33238
122.11,678019790,Leopoldstadt,Entire rental unit,Entire home/apt,4,502.0,16,1,1.0,1,358,0,5,5.0,48.21941972413447,16.38377856463194
132.0,308688308,Währing,Entire rental unit,Entire home/apt,4,396.0,32,1,1.0,1,358,0,18,4.78,48.22053,16.33672
81.0,418270816,Hietzing,Room in hotel,Private room,2,444.0,27,1,1.0,1,309,0,1,5.0,48.1864013,16.300567
91.5,40742403,Hernals,Entire rental unit,Entire home/apt,3,449.0,35,1,1.0,2,253,1,75,4.96,48.2221779,16.3328801
92.22,38984115,Innere Stadt,Entire rental unit,Entire home/apt,2,509.0,38,1,1.0,30,197,1,83,4.95,48.20707,16.37528
83.33,13253802,Brigittenau,Entire rental unit,Entire home/apt,2,244.0,20,1,1.0,30,330,1,145,4.91,48.230272105803245,16.373908951914242
73.0,579965958,Favoriten,Entire rental unit,Entire home/apt,4,499.0,15,1,1.0,1,320,0,57,4.42,48.17631904279266,16.356567218899727
61.84,485405290,Mariahilf,Entire rental unit,Entire home/apt,4,490.0,32,1,1.0,30,251,0,12,5.0,48.19473,16.34611
115.17,6958146,Wieden,Entire rental unit,Entire home/apt,5,482.0,63,1,1.5,3,245,0,327,4.85,48.195,16.36537
258.5,10073302,Margareten,Entire rental unit,Entire home/apt,2,371.0,21,1,1.0,2,28,0,59,4.71,48.19336,16.36217
66.82,371192288,Wieden,Entire rental unit,Entire home/apt,2,518.0,33,1,1.0,28,327,1,11,4.55,48.19545,16.36345
157.9,547677118,Meidling,Entire rental unit,Entire home/apt,6,419.0,37,2,1.0,1,319,0,92,4.65,48.17953,16.32144
141.0,469304386,Favoriten,Entire rental unit,Entire home/apt,6,446.0,41,2,1.0,2,289,1,76,4.84,48.1696497,16.3658883
24.39,141076697,Brigittenau,Private room in rental unit,Private room,1,457.0,37,1,1.0,30,284,0,138,4.68,48.22743539254012,16.370848096185878
137.0,27775775,Landstraße,Entire rental unit,Entire home/apt,4,510.0,35,1,1.0,1,307,0,1,5.0,48.1947,16.41053
106.0,6872789,Rudolfsheim-Fünfhaus,Entire rental unit,Entire home/apt,2,501.0,43,1,1.0,1,14,0,10,5.0,48.188399201554034,16.324860490858555
162.0,4331202,Penzing,Entire rental unit,Entire home/apt,4,225.0,45,1,1.0,1,352,0,3,5.0,48.18907068571322,16.305065934177023
109.5,473779995,Meidling,Entire serviced apartment,Entire home/apt,4,308.0,45,2,1.5,2,327,0,22,4.68,48.1789009168235,16.324796207884688
83.15,9719601,Neubau,Entire rental unit,Entire home/apt,3,204.0,46,2,1.5,31,98,1,19,4.89,48.20287,16.3447
76.66,508795370,Wieden,Entire rental unit,Entire home/apt,2,496.0,31,1,1.0,30,365,0,3,4.0,48.19566,16.36177
102.5,169752168,Ottakring,Entire condo,Entire home/apt,3,404.0,47,1,1.0,2,288,1,212,4.89,48.20839,16.3258
72.29,308073976,Neubau,Entire rental unit,Entire home/apt,2,497.0,38,1,1.0,28,165,0,121,4.8,48.20533,16.34189
100.0,668583558,Penzing,Entire rental unit,Entire home/apt,2,548.0,49,1,1.0,1,360,0,1,5.0,48.19548,16.28307
60.87,126884106,Margareten,Entire rental unit,Entire home/apt,2,488.0,33,1,1.0,30,231,1,6,5.0,48.186993596223246,16.35200212983061
202.0,9158703,Währing,Entire rental unit,Entire home/apt,4,376.0,34,2,1.0,2,23,1,58,4.97,48.22737,16.33857
22.57,341379065,Rudolfsheim-Fünfhaus,Private room in rental unit,Private room,1,511.0,23,1,1.0,30,72,0,2,3.5,48.1899129,16.3300326
135.0,146020503,Innere Stadt,Entire rental unit,Entire home/apt,2,496.0,35,1,0.0,1,341,0,84,4.8,48.21055,16.37683
142.0,27775775,Favoriten,Entire rental unit,Entire home/apt,4,555.0,39,1,1.0,1,317,0,126,4.67,48.17383798042865,16.356737900814576
154.0,313423785,Ottakring,Entire rental unit,Entire home/apt,6,278.0,42,2,1.0,1,325,1,45,4.91,48.20651,16.32901
288.5,32774443,Penzing,Entire condo,Entire home/apt,2,0.0,63,1,1.5,2,213,0,15,4.93,48.19076,16.30612
166.5,511689935,Rudolfsheim-Fünfhaus,Entire rental unit,Entire home/apt,8,347.0,29,3,1.0,1,119,0,59,4.47,48.19283,16.33588
67.0,222345303,Rudolfsheim-Fünfhaus,Room in boutique hotel,Private room,4,512.0,17,1,1.0,1,352,0,30,4.7,48.18724,16.32461
225.34,15594055,Ottakring,Entire rental unit,Entire home/apt,6,519.0,51,2,1.5,1,193,1,320,4.87,48.20989,16.33055
63.05,690021535,Simmering,Entire condo,Entire home/apt,4,545.0,53,2,1.5,31,214,0,4,4.75,48.17564,16.41038
94.0,5551389,Währing,Entire rental unit,Entire home/apt,3,441.0,24,1,1.0,2,311,1,8,4.88,48.22211,16.33836
80.0,732144249,Penzing,Entire rental unit,Entire home/apt,4,476.0,36,2,1.0,1,93,0,32,4.53,48.18887,16.3104
82.74,83109185,Favoriten,Entire rental unit,Entire home/apt,4,530.0,35,1,1.0,2,332,0,17,4.94,48.17433767462012,16.37640416622162
167.0,15935294,Hietzing,Entire rental unit,Entire home/apt,2,292.0,28,1,1.0,1,75,0,19,4.63,48.18898,16.294
107.27,104907423,Landstraße,Entire rental unit,Entire home/apt,4,484.0,55,1,1.5,2,350,1,94,4.79,48.20119,16.4008
114.5,444868892,Penzing,Room in boutique hotel,Private room,2,404.0,34,1,1.0,1,122,1,5,5.0,48.18839724545733,16.30269463380312
83.0,459909479,Favoriten,Private room in rental unit,Private room,6,60.0,19,1,1.0,1,334,0,22,4.55,48.17313,16.35492
117.86,15043034,Mariahilf,Entire rental unit,Entire home/apt,4,370.0,32,2,1.5,1,178,0,212,4.86,48.19805,16.35249
267.0,27775775,Währing,Entire rental unit,Entire home/apt,6,549.0,42,2,1.0,1,249,0,112,4.72,48.226330264710725,16.33690788533245
74.7,473779995,Meidling,Entire serviced apartment,Entire home/apt,2,301.0,46,1,1.5,2,344,0,14,4.5,48.17745,16.32348
126.5,662845914,Ottakring,Entire rental unit,Entire home/apt,4,416.0,40,1,1.0,1,357,0,10,4.7,48.20872,16.32987
171.75,1422776,Margareten,Entire rental unit,Entire home/apt,2,0.0,17,1,2.0,1,313,0,18,4.89,48.18747,16.34898
107.27,1643928,Landstraße,Entire rental unit,Entire home/apt,7,464.0,35,3,1.0,1,355,0,50,4.28,48.20454,16.39519
210.67,562539934,Penzing,Entire rental unit,Entire home/apt,4,492.0,52,2,1.0,2,163,1,37,4.97,48.18887404815988,16.30947259501477
69.95,37659965,Rudolfsheim-Fünfhaus,Entire rental unit,Entire home/apt,5,406.0,32,2,1.0,30,225,0,12,4.83,48.18526,16.32868
121.0,728287327,Meidling,Entire rental unit,Entire home/apt,6,384.0,43,1,1.0,1,134,0,9,4.11,48.17248,16.3283
115.83,61673410,Leopoldstadt,Entire rental unit,Entire home/apt,2,510.0,39,1,1.0,1,42,0,494,4.64,48.21887,16.38992
125.0,204455189,Penzing,Entire rental unit,Entire home/apt,4,469.0,43,1,1.0,1,242,1,30,4.97,48.196382843164464,16.2994061619961
70.13,14070533,Alsergrund,Entire serviced apartment,Entire home/apt,2,502.0,38,1,1.0,30,130,1,5,4.6,48.21535873413086,16.349708557128906
99.0,473779995,Währing,Entire serviced apartment,Entire home/apt,3,358.0,55,1,1.0,2,327,0,134,4.63,48.22159,16.34284
259.0,491528225,Rudolfsheim-Fünfhaus,Entire rental unit,Entire home/apt,3,554.0,41,1,1.0,1,262,0,5,4.2,48.18576,16.32527
112.5,146750922,Währing,Entire rental unit,Entire home/apt,4,399.0,30,2,1.0,2,315,0,36,4.56,48.22496,16.33863
26.78,141076697,Brigittenau,Private room in rental unit,Private room,1,394.0,38,1,1.0,30,222,0,226,4.77,48.22909,16.3698
134.5,146750922,Währing,Entire rental unit,Entire home/apt,5,451.0,36,3,1.0,2,15,0,78,4.78,48.2245397,16.337697
111.04,385064248,Landstraße,Entire rental unit,Entire home/apt,2,305.0,28,1,1.5,30,162,0,1,4.0,48.18663979999999,16.4190243
99.86,83109185,Favoriten,Entire rental unit,Entire home/apt,4,404.0,30,1,1.0,2,108,0,5,5.0,48.1744189,16.3765742
143.0,741410184,Meidling,Entire rental unit,Entire home/apt,2,486.0,19,1,1.0,1,155,0,3,4.33,48.17409,16.32691
84.0,521999221,Währing,Entire rental unit,Entire home/apt,4,496.0,55,1,1.0,1,294,0,104,4.68,48.22661,16.34951
132.0,116811441,Währing,Entire rental unit,Entire home/apt,4,430.0,30,1,1.0,2,19,0,14,4.79,48.22196225362565,16.33750761052672
159.76,447580660,Leopoldstadt,Entire rental unit,Entire home/apt,4,477.0,51,2,1.0,1,175,1,17,4.71,48.22289,16.38621
176.0,474456233,Ottakring,Entire rental unit,Entire home/apt,5,286.0,55,2,3.0,1,129,0,11,4.45,48.21117419999999,16.3264116
138.1,40267960,Mariahilf,Entire rental unit,Entire home/apt,4,424.0,40,1,1.0,30,334,0,308,4.81,48.1962,16.34845
100.74,14070533,Alsergrund,Entire serviced apartment,Entire home/apt,3,398.0,45,2,1.0,30,191,1,11,4.91,48.21528625488281,16.34979248046875
162.0,72805133,Ottakring,Entire rental unit,Entire home/apt,4,503.0,25,2,1.0,1,324,0,4,4.0,48.21293,16.33018
187.5,17284982,Mariahilf,Entire rental unit,Entire home/apt,4,399.0,50,2,1.5,2,304,1,183,4.82,48.19033,16.34604
101.0,474456233,Ottakring,Entire rental unit,Entire home/apt,2,247.0,54,1,1.0,1,160,0,3,4.67,48.21117419999999,16.3264116
191.0,530403818,Alsergrund,Entire rental unit,Entire home/apt,7,323.0,20,3,1.5,1,64,1,11,5.0,48.22506200416041,16.35372178404902
86.5,15631155,Währing,Entire rental unit,Entire home/apt,2,495.0,25,1,1.0,1,55,0,30,4.67,48.22338,16.34278
166.0,163735053,Ottakring,Entire rental unit,Entire home/apt,4,472.0,10,2,1.0,1,360,0,10,4.9,48.2096136,16.3290899
234.0,396597805,Rudolfsheim-Fünfhaus,Private room in hostel,Private room,10,452.0,34,1,2.0,1,322,0,77,4.77,48.196735,16.337521
368.5,107997171,Landstraße,Entire rental unit,Entire home/apt,16,443.0,44,5,3.0,2,337,1,131,4.93,48.20471,16.39395
165.5,293104680,Leopoldstadt,Entire rental unit,Entire home/apt,6,388.0,30,3,1.5,2,86,0,91,4.65,48.221378326416016,16.401113510131836
97.0,442203051,Währing,Entire condo,Entire home/apt,4,463.0,44,1,1.0,2,53,0,72,4.88,48.23096,16.34812
96.0,50945012,Hernals,Entire rental unit,Entire home/apt,2,348.0,20,1,1.0,1,287,0,33,4.85,48.2208372,16.3285802
53.6,222345303,Leopoldstadt,Entire rental unit,Entire home/apt,4,489.0,34,1,1.0,30,268,0,1,5.0,48.2202,16.41087
52.31,67694335,Alsergrund,Entire condo,Entire home/apt,2,567.0,30,1,1.0,7,321,0,64,4.48,48.21733,16.34262
82.0,222345303,Rudolfsheim-Fünfhaus,Room in hotel,Private room,5,470.0,17,1,1.0,1,334,0,17,4.53,48.18533,16.32461
61.95,4361476,Neubau,Entire rental unit,Entire home/apt,2,389.0,42,1,1.0,30,352,1,34,4.82,48.20099,16.34488
52.33,686647256,Brigittenau,Entire rental unit,Entire home/apt,4,510.0,26,1,1.0,29,355,0,6,4.5,48.22959,16.37059
51.14,535686159,Rudolfsheim-Fünfhaus,Entire rental unit,Entire home/apt,2,217.0,37,1,1.0,28,181,1,7,5.0,48.18852630000001,16.3316979
139.0,227232876,Favoriten,Entire rental unit,Entire home/apt,3,432.0,20,1,1.0,1,284,1,4,4.5,48.1769444,16.3568536
61.0,222345303,Rudolfsheim-Fünfhaus,Room in hotel,Private room,3,470.0,17,1,1.0,1,365,0,76,4.74,48.18565,16.32411
227.0,27775775,Brigittenau,Entire rental unit,Entire home/apt,5,458.0,31,1,1.0,1,316,0,123,4.64,48.22821,16.3661
143.0,418270816,Meidling,Entire serviced apartment,Entire home/apt,2,444.0,30,1,1.0,1,361,0,2,3.0,48.175371,16.331714
75.97,5647750,Wieden,Entire condo,Entire home/apt,2,300.0,35,1,1.0,30,297,0,27,4.93,48.19592,16.36251
83.28,3904929,Innere Stadt,Entire rental unit,Entire home/apt,4,474.0,47,1,1.0,30,205,1,90,4.84,48.20616,16.37622
402.0,539648729,Hernals,Entire rental unit,Entire home/apt,10,268.0,45,4,1.5,1,140,0,62,4.85,48.2215488632478,16.33433782499759
149.0,351218076,Mariahilf,Entire rental unit,Entire home/apt,2,410.0,30,1,1.0,1,9,1,21,4.62,48.19729,16.35208
93.67,408687610,Leopoldstadt,Entire rental unit,Entire home/apt,3,314.0,13,1,1.0,3,16,0,3,5.0,48.22075248255776,16.40083681436651
66.96,28331678,Brigittenau,Entire rental unit,Entire home/apt,2,228.0,55,1,1.0,30,110,1,71,4.92,48.22848,16.3711
51.47,14070533,Alsergrund,Entire rental unit,Entire home/apt,2,284.0,28,1,1.0,30,186,1,2,4.0,48.21604879044409,16.349308122149523
56.06,148907522,Neubau,Entire rental unit,Entire home/apt,4,413.0,33,1,1.0,6,241,1,33,4.85,48.2055703,16.3488402
137.0,483943564,Favoriten,Entire condo,Entire home/apt,4,472.0,30,1,1.0,1,364,0,184,4.81,48.17043,16.3784
98.0,163735053,Ottakring,Entire rental unit,Entire home/apt,2,274.0,19,1,1.0,1,246,0,98,4.36,48.2105,16.32874
148.26,385064248,Leopoldstadt,Entire rental unit,Entire home/apt,4,315.0,28,2,2.0,30,113,0,1,5.0,48.2061084,16.4301824
71.0,566831684,Hernals,Entire rental unit,Entire home/apt,2,427.0,26,1,1.0,1,353,0,23,4.78,48.22136,16.3342
77.43,14070533,Alsergrund,Entire serviced apartment,Entire home/apt,2,510.0,41,1,1.0,30,44,1,1,5.0,48.215472,16.3498084
91.36,6509233,Brigittenau,Entire condo,Entire home/apt,2,727.0,50,1,1.5,14,191,0,21,4.95,48.23585,16.38033
160.5,678135749,Donaustadt,Entire rental unit,Entire home/apt,4,457.0,38,1,1.5,2,350,0,2,5.0,48.23903,16.43067
175.0,113189546,Ottakring,Entire rental unit,Entire home/apt,4,338.0,35,2,1.5,1,76,1,186,4.78,48.21195,16.33247
79.28,14070533,Alsergrund,Entire serviced apartment,Entire home/apt,2,500.0,44,1,1.0,22,181,1,20,4.85,48.21525573730469,16.34971809387207
124.5,731861182,Währing,Entire rental unit,Entire home/apt,4,407.0,27,1,1.0,2,88,0,4,4.5,48.22373,16.33864
93.5,391685367,Leopoldstadt,Entire rental unit,Entire home/apt,8,425.0,36,3,1.5,1,186,0,10,4.9,48.22321,16.39945
82.5,424267568,Meidling,Entire rental unit,Entire home/apt,2,348.0,51,1,1.0,2,351,0,3,4.67,48.17814381106909,16.320572671459058
150.0,566831684,Penzing,Entire rental unit,Entire home/apt,4,447.0,22,2,1.0,1,340,0,24,4.71,48.19535084106685,16.305990520035085
142.0,548869588,Leopoldstadt,Entire rental unit,Entire home/apt,2,99.0,38,1,1.0,1,226,0,7,4.86,48.21918040000001,16.4109657
107.0,554191791,Penzing,Entire guesthouse,Entire home/apt,2,241.0,40,1,1.0,1,243,1,1,5.0,48.19030524605377,16.309106125692125
112.0,585612326,Favoriten,Entire rental unit,Entire home/apt,2,498.0,42,1,1.0,1,268,0,2,4.0,48.17650996695056,16.355076469583153
100.43,540246,Rudolfsheim-Fünfhaus,Entire condo,Entire home/apt,4,138.0,44,1,1.0,2,301,0,97,4.72,48.197815,16.32939
106.33,32819484,Brigittenau,Entire rental unit,Entire home/apt,4,213.0,33,1,1.0,2,192,1,74,4.77,48.22759,16.36996
75.43,124849222,Rudolfsheim-Fünfhaus,Entire condo,Entire home/apt,2,341.0,38,1,1.5,2,76,0,126,4.62,48.19733,16.33228
77.5,435984982,Penzing,Entire condo,Entire home/apt,3,461.0,38,1,1.0,4,39,0,150,4.65,48.19836,16.30797
64.0,391685367,Leopoldstadt,Entire rental unit,Entire home/apt,8,437.0,32,1,1.5,1,247,0,111,4.62,48.22393669150331,16.401076833726492
116.15,9158703,Mariahilf,Entire rental unit,Entire home/apt,2,197.0,43,1,1.5,30,180,1,15,5.0,48.19284,16.34413
105.75,360720245,Leopoldstadt,Entire condo,Entire home/apt,2,211.0,36,1,1.0,4,294,1,58,4.79,48.2251943,16.3981897
175.14,71074913,Leopoldstadt,Entire serviced apartment,Entire home/apt,4,442.0,40,1,1.0,7,41,0,17,4.76,48.20719,16.42968
164.0,72805133,Ottakring,Entire rental unit,Entire home/apt,2,503.0,21,1,1.0,1,332,0,3,4.33,48.21265,16.3284
151.0,1853977,Donaustadt,Entire rental unit,Entire home/apt,4,250.0,58,1,1.0,1,356,0,13,4.77,48.22660446166992,16.510326385498047
53.11,88980542,Ottakring,Private room in rental unit,Private room,1,421.0,38,1,1.0,28,177,1,2,5.0,48.20633466715475,16.333652306257406
121.0,474456233,Ottakring,Entire rental unit,Entire home/apt,3,303.0,59,1,1.0,1,156,0,3,4.33,48.21117419999999,16.3264116
216.0,588115225,Meidling,Entire rental unit,Entire home/apt,4,307.0,54,2,1.5,1,357,1,15,4.73,48.1795832,16.3214037
49.59,141141224,Rudolfsheim-Fünfhaus,Entire rental unit,Entire home/apt,2,508.0,38,1,1.0,29,166,1,31,4.97,48.1879199,16.3261409
88.37,8632750,Brigittenau,Entire rental unit,Entire home/apt,4,466.0,27,2,1.0,28,297,0,1,5.0,48.23588306258653,16.38356404970015
107.0,523923262,Brigittenau,Entire condo,Entire home/apt,4,234.0,53,1,1.0,1,178,0,59,4.83,48.23353,16.36591
177.0,313423785,Alsergrund,Entire rental unit,Entire home/apt,6,486.0,30,2,1.0,1,306,1,25,4.84,48.22196,16.36436
97.2,539870211,Hernals,Entire rental unit,Entire home/apt,2,423.0,37,1,1.0,1,365,1,63,4.97,48.22115579386826,16.335101866849122
181.0,548869588,Leopoldstadt,Entire rental unit,Entire home/apt,4,90.0,38,1,1.0,1,218,0,7,4.71,48.21918040000001,16.4109657
134.0,732611480,Währing,Entire rental unit,Entire home/apt,4,480.0,52,1,1.0,1,346,0,5,4.8,48.22301128542431,16.336398743729994
115.0,474456233,Ottakring,Entire rental unit,Entire home/apt,3,320.0,53,2,1.0,1,156,0,10,4.4,48.21117419999999,16.3264116
40.34,540236834,Landstraße,Entire rental unit,Entire home/apt,4,59.0,34,1,1.0,30,100,0,2,5.0,48.18851612663606,16.38893696674752
79.0,115915838,Neubau,Room in boutique hotel,Hotel room,2,303.0,25,1,1.0,1,282,0,107,4.26,48.19804,16.34634
100.0,418270816,Meidling,Entire serviced apartment,Entire home/apt,2,444.0,30,1,1.0,1,330,0,3,4.33,48.175371,16.331714
111.33,20076579,Hietzing,Entire rental unit,Entire home/apt,1,102.0,26,1,1.0,3,327,0,3,4.33,48.19009,16.26761
80.75,547677118,Meidling,Entire rental unit,Entire home/apt,4,336.0,28,1,1.0,2,351,0,11,4.27,48.17904,16.32325
172.0,449036112,Leopoldstadt,Entire serviced apartment,Entire home/apt,4,435.0,44,1,1.0,1,200,0,3,3.67,48.2173609,16.3805124
110.0,521566852,Favoriten,Entire rental unit,Entire home/apt,4,371.0,45,1,1.5,2,54,0,42,4.64,48.17229652594786,16.376093618116446
76.42,5239823,Mariahilf,Entire rental unit,Entire home/apt,4,48.0,43,1,1.0,2,79,1,42,4.83,48.19084,16.33951
120.0,24403804,Rudolfsheim-Fünfhaus,Entire loft,Entire home/apt,5,223.0,17,1,1.0,2,162,0,26,4.54,48.18788100820375,16.323341205059414
277.0,269780920,Alsergrund,Entire rental unit,Entire home/apt,8,363.0,56,2,2.0,1,321,0,258,4.74,48.22685047365171,16.361517164128674
120.0,4320959,Favoriten,Entire serviced apartment,Entire home/apt,3,474.0,47,1,1.5,1,132,1,19,5.0,48.1744445,16.3559618
94.25,557199090,Meidling,Entire rental unit,Entire home/apt,2,471.0,39,1,1.0,4,196,0,32,4.91,48.18309666983395,16.322524112428393
127.0,53270900,Mariahilf,Entire rental unit,Entire home/apt,4,446.0,33,1,1.0,1,3,0,11,5.0,48.1932509,16.3523662
102.0,271233765,Penzing,Private room in serviced apartment,Private room,3,381.0,36,1,1.0,1,229,0,1,5.0,48.19877793728285,16.311044635581972
44.8,1280395,Mariahilf,Entire rental unit,Entire home/apt,3,519.0,24,1,1.0,3,94,1,68,4.81,48.1929,16.34508
123.4,233314458,Mariahilf,Entire rental unit,Entire home/apt,2,149.0,35,1,1.0,5,137,0,21,4.95,48.19463,16.3516
127.5,1384125,Leopoldstadt,Entire rental unit,Entire home/apt,3,145.0,24,1,1.0,1,194,0,218,4.72,48.21992,16.37994
128.0,104907423,Favoriten,Entire rental unit,Entire home/apt,4,524.0,49,1,1.5,2,269,1,396,4.83,48.18007,16.37723
62.45,1252225,Neubau,Entire rental unit,Entire home/apt,2,502.0,23,1,1.0,31,155,1,125,4.98,48.20391,16.35255
100.0,96263307,Favoriten,Entire condo,Entire home/apt,4,323.0,27,1,1.0,2,302,1,209,4.9,48.17893,16.3781
200.0,107997171,Landstraße,Entire rental unit,Entire home/apt,8,413.0,44,2,2.0,2,350,1,187,4.93,48.20455,16.39369
144.0,299219964,Leopoldstadt,Entire rental unit,Entire home/apt,6,443.0,42,2,1.0,1,256,0,107,4.79,48.21813,16.39122
104.5,555031779,Alsergrund,Entire rental unit,Entire home/apt,4,477.0,39,1,1.0,1,137,0,71,4.62,48.22562,16.35621
260.59,22229400,Meidling,Entire rental unit,Entire home/apt,10,441.0,57,3,2.0,1,162,0,65,4.71,48.1820371,16.3216362
126.0,47487108,Wieden,Entire rental unit,Entire home/apt,3,346.0,30,1,1.5,2,16,1,356,4.91,48.19875,16.36457
204.67,401393188,Meidling,Entire rental unit,Entire home/apt,6,483.0,36,2,2.0,3,351,1,31,4.65,48.17855975075177,16.32297516137694
181.0,530816957,Leopoldstadt,Entire rental unit,Entire home/apt,4,240.0,19,2,1.0,1,337,0,1,5.0,48.21856,16.38459
122.0,577331384,Rudolfsheim-Fünfhaus,Entire rental unit,Entire home/apt,4,48.0,35,1,1.0,1,365,0,15,4.67,48.19521,16.33426
271.3,367491211,Margareten,Entire rental unit,Entire home/apt,8,488.0,52,2,2.5,2,254,1,57,4.98,48.19551990103584,16.356741782665207
191.0,200153685,Alsergrund,Entire rental unit,Entire home/apt,2,459.0,39,1,1.0,1,8,0,8,4.88,48.22377,16.36594
127.0,474456233,Ottakring,Entire rental unit,Entire home/apt,3,302.0,52,1,1.0,1,152,0,3,4.0,48.21117419999999,16.3264116
111.0,329660758,Penzing,Entire rental unit,Entire home/apt,4,508.0,38,1,1.0,2,19,1,23,4.96,48.19818,16.28015
155.5,254536193,Ottakring,Entire rental unit,Entire home/apt,4,299.0,31,2,1.0,2,151,0,1,4.0,48.21124487020687,16.329154707491398
185.0,483250137,Leopoldstadt,Entire rental unit,Entire home/apt,3,319.0,51,1,1.0,1,258,0,1,5.0,48.21765,16.38245
113.0,474456233,Ottakring,Entire rental unit,Entire home/apt,3,317.0,49,2,1.0,1,162,0,8,4.88,48.21117419999999,16.3264116
148.4,6070388,Leopoldstadt,Entire rental unit,Entire home/apt,2,283.0,15,1,1.0,5,72,0,2,5.0,48.21127892415749,16.41139962963671
125.0,7084729,Simmering,Entire rental unit,Entire home/apt,3,364.0,37,2,1.0,1,364,0,42,4.86,48.17945099762353,16.41172987907171
47.0,1680355426411254402,Simmering,Private room in rental unit,Private room,2,546.0,33,1,1.0,1,47,0,3,3.67,48.17356,16.42011
149.0,1547126,Innere Stadt,Entire rental unit,Entire home/apt,5,509.0,25,1,1.5,1,245,1,30,4.73,48.20872,16.37727
155.5,1996189,Simmering,Entire rental unit,Entire home/apt,3,508.0,33,2,1.0,2,331,1,3,5.0,48.1783204,16.4115796
99.0,444868892,Penzing,Room in boutique hotel,Private room,2,404.0,33,1,1.0,1,127,1,16,5.0,48.18877276278025,16.303389453442385
94.0,54741385,Simmering,Entire rental unit,Entire home/apt,4,84.0,43,1,1.0,1,362,0,63,4.65,48.17699728892415,16.407000237900082
152.0,474456233,Ottakring,Entire rental unit,Entire home/apt,5,238.0,55,2,3.0,1,127,0,1,3.0,48.21117419999999,16.3264116
85.59,83109185,Favoriten,Entire rental unit,Entire home/apt,4,383.0,32,1,1.0,2,162,0,29,4.93,48.17538,16.37712
102.0,713500333,Favoriten,Entire rental unit,Entire home/apt,4,352.0,41,1,1.0,1,344,1,11,4.45,48.17557,16.36499
279.0,151869337,Landstraße,Entire rental unit,Entire home/apt,4,515.0,48,1,1.0,1,29,0,167,4.91,48.19527,16.41021
247.33,672066855,Margareten,Entire condo,Entire home/apt,5,355.0,37,2,1.5,3,178,1,48,4.96,48.1838967,16.3662548
142.0,178837107,Meidling,Entire rental unit,Entire home/apt,6,490.0,43,1,1.0,1,304,0,15,4.8,48.1807672,16.3186663
102.0,383835177,Landstraße,Entire rental unit,Entire home/apt,4,405.0,32,1,1.0,2,361,0,6,4.67,48.19808,16.40061
152.5,541384762,Innere Stadt,Entire rental unit,Entire home/apt,4,458.0,42,1,1.0,2,258,0,74,4.58,48.212069252258985,16.370793924166463
177.0,151274765,Simmering,Entire serviced apartment,Entire home/apt,6,460.0,42,2,1.0,2,340,0,26,4.81,48.17672,16.408747
114.12,1643928,Landstraße,Entire rental unit,Entire home/apt,8,436.0,32,3,1.5,1,294,0,78,4.45,48.2028,16.39625
80.0,728986933,Landstraße,Room in hotel,Private room,3,291.0,25,1,1.0,1,286,0,4,4.75,48.1961531,16.4073139
155.25,385064248,Leopoldstadt,Entire rental unit,Entire home/apt,4,289.0,30,2,2.0,30,203,0,1,5.0,48.2061084,16.4301824
59.96,10232185,Neubau,Entire rental unit,Entire home/apt,3,479.0,25,1,1.0,30,298,0,19,4.84,48.199762832610816,16.34005860155225
107.0,153864304,Leopoldstadt,Entire rental unit,Entire home/apt,2,196.0,35,1,1.0,1,344,0,32,4.53,48.2188076,16.3833432
99.86,83109185,Favoriten,Entire rental unit,Entire home/apt,4,383.0,29,1,1.0,2,92,0,42,4.95,48.17463791411181,16.376392766833305
99.0,212603294,Landstraße,Entire rental unit,Entire home/apt,2,513.0,27,1,1.0,3,76,1,16,5.0,48.19181,16.39554
168.0,7084729,Simmering,Entire rental unit,Entire home/apt,4,349.0,38,2,1.5,1,361,0,19,4.53,48.18012,16.41054
158.5,742557461,Leopoldstadt,Entire rental unit,Entire home/apt,4,467.0,59,1,1.0,2,347,0,3,4.33,48.2163355,16.3894104
90.0,311151517,Mariahilf,Entire rental unit,Entire home/apt,2,483.0,25,1,1.0,1,337,0,79,4.33,48.19561,16.34663
390.0,718253303,Innere Stadt,Entire rental unit,Entire home/apt,5,0.0,31,2,2.0,1,328,1,8,4.38,48.20610635963527,16.368589310586806
104.0,407417015,Favoriten,Entire condo,Entire home/apt,2,453.0,41,1,1.0,1,310,1,168,4.94,48.17346643537191,16.364276784655765
150.0,153864304,Floridsdorf,Entire vacation home,Entire home/apt,6,53.0,15,2,1.5,1,363,0,38,4.53,48.268639,16.403496
94.8,115915838,Neubau,Room in boutique hotel,Hotel room,2,387.0,17,1,1.0,1,314,0,25,3.76,48.19801,16.34652
246.67,4495626,Penzing,Entire rental unit,Entire home/apt,4,353.0,41,1,1.0,3,364,0,1,5.0,48.19760222793374,16.282362907348798
159.0,227232876,Favoriten,Entire rental unit,Entire home/apt,3,432.0,16,1,1.0,1,284,1,11,5.0,48.1769444,16.3568536
95.86,277972516,Favoriten,Entire rental unit,Entire home/apt,3,424.0,37,1,1.0,1,229,0,91,4.79,48.17523871713762,16.35520779315738
113.0,511409231,Leopoldstadt,Entire rental unit,Entire home/apt,4,501.0,48,1,1.0,1,222,0,205,4.47,48.22193,16.4045
158.0,307146767,Leopoldstadt,Entire rental unit,Entire home/apt,6,523.0,37,2,1.0,1,136,0,11,4.64,48.22305558399009,16.40467548819876
88.44,83109185,Favoriten,Entire rental unit,Entire home/apt,4,383.0,32,1,1.0,2,83,0,29,4.83,48.17393,16.37544
160.0,454387319,Favoriten,Entire condo,Entire home/apt,4,385.0,50,1,1.0,1,189,1,288,4.95,48.179512,16.377489
124.5,163735053,Ottakring,Entire rental unit,Entire home/apt,6,416.0,10,2,1.0,1,336,0,14,4.64,48.20895,16.32822
121.0,742962260,Simmering,Private room in serviced apartment,Private room,4,410.0,32,2,1.0,1,317,0,3,5.0,48.17119967100811,16.42014375316898
101.0,474456233,Ottakring,Entire rental unit,Entire home/apt,2,235.0,55,1,1.0,1,152,0,7,4.43,48.21117419999999,16.3264116
157.0,269780920,Alsergrund,Entire rental unit,Entire home/apt,4,360.0,49,1,1.0,1,334,0,33,4.82,48.22513,16.36326
98.0,151926955,Rudolfsheim-Fünfhaus,Entire condo,Entire home/apt,2,438.0,31,1,1.0,1,338,0,96,4.67,48.195432415802834,16.338875554392057
37.94,87484808,Leopoldstadt,Entire rental unit,Entire home/apt,4,495.0,39,1,1.5,1,58,0,2,3.5,48.22008,16.41147
88.0,709712782,Ottakring,Entire rental unit,Entire home/apt,4,257.0,30,1,1.0,1,267,0,7,4.71,48.20856,16.32814
63.72,40341714,Neubau,Entire rental unit,Entire home/apt,4,496.0,38,2,1.0,31,75,1,15,5.0,48.20557,16.33951
67.0,1680355426411254402,Simmering,Entire rental unit,Entire home/apt,3,489.0,32,1,1.0,1,338,0,2,2.5,48.17457894773873,16.42022895164887
211.5,491772713,Leopoldstadt,Entire rental unit,Entire home/apt,3,538.0,35,1,1.0,2,156,0,13,4.92,48.21368,16.3851
64.71,6666498,Neubau,Entire rental unit,Entire home/apt,4,520.0,41,1,1.0,12,232,0,341,4.75,48.20162,16.34834
128.0,474456233,Ottakring,Entire rental unit,Entire home/apt,3,302.0,56,1,1.0,1,154,0,1,5.0,48.21117419999999,16.3264116
87.0,1680355426411254402,Simmering,Entire rental unit,Entire home/apt,6,542.0,32,2,1.0,1,341,0,4,3.0,48.17387,16.42044
230.33,470786961,Simmering,Entire rental unit,Entire home/apt,3,425.0,11,1,1.5,3,90,0,6,4.67,48.17565,16.42014
49.0,566831684,Hernals,Room in hotel,Private room,1,520.0,22,1,1.0,1,365,0,121,4.59,48.217583789984566,16.33441764033889
128.99,657257173,Hernals,Entire rental unit,Entire home/apt,8,535.0,33,2,1.0,1,162,0,23,4.52,48.22396,16.33138
47.93,92493483,Hernals,Entire rental unit,Entire home/apt,2,315.0,41,1,1.0,30,284,1,34,5.0,48.22081791742296,16.327060419302114
393.87,3841106,Leopoldstadt,Entire rental unit,Entire home/apt,5,494.0,30,2,1.5,1,149,1,81,4.95,48.2168764,16.3893239
103.9,451942326,Hernals,Entire rental unit,Entire home/apt,4,445.0,46,1,1.0,1,361,0,22,4.68,48.22179,16.33262
57.32,407937258,Leopoldstadt,Entire rental unit,Entire home/apt,3,603.0,49,1,1.0,28,140,1,31,4.84,48.2198,16.41261
92.0,338276015,Favoriten,Entire rental unit,Entire home/apt,4,496.0,37,1,1.0,1,303,1,175,4.86,48.173207222493474,16.374407596886158
264.0,586986181,Hietzing,Entire rental unit,Entire home/apt,5,456.0,40,2,2.5,2,169,1,22,4.95,48.1818026915513,16.292162094688386
124.67,731861182,Währing,Entire rental unit,Entire home/apt,4,451.0,31,2,1.0,2,88,0,12,4.58,48.22197944191111,16.338637003262754
228.0,713120295,Leopoldstadt,Entire rental unit,Entire home/apt,12,243.0,20,3,2.0,1,301,0,5,4.4,48.22027,16.39699
88.44,83109185,Favoriten,Entire rental unit,Entire home/apt,4,383.0,30,1,1.0,2,44,0,45,4.71,48.17509,16.37734
271.0,725143984,Floridsdorf,Entire rental unit,Entire home/apt,6,438.0,56,2,1.0,1,362,1,4,4.75,48.2578482,16.3926964
69.0,391685367,Leopoldstadt,Entire rental unit,Entire home/apt,8,494.0,37,2,1.5,1,232,0,48,4.58,48.22164,16.40012
102.0,511409231,Leopoldstadt,Entire rental unit,Entire home/apt,4,495.0,45,1,1.0,1,244,0,101,4.44,48.22152939999999,16.4055195
153.0,164241591,Favoriten,Entire rental unit,Entire home/apt,4,391.0,11,1,1.0,1,260,1,6,5.0,48.1768067,16.3779579
90.2,30923164,Mariahilf,Entire rental unit,Entire home/apt,2,294.0,25,1,1.0,30,323,0,86,4.88,48.19494,16.34169
100.5,488885043,Penzing,Entire rental unit,Entire home/apt,4,526.0,37,1,1.0,1,298,0,77,4.66,48.19154,16.29939
100.0,83109185,Favoriten,Entire rental unit,Entire home/apt,4,378.0,31,1,1.0,2,350,0,9,4.89,48.17433879254186,16.376361586153507
360.0,299219964,Leopoldstadt,Entire rental unit,Entire home/apt,8,161.0,31,4,1.5,1,165,0,84,4.61,48.216526513749,16.390838582159866
157.0,72805133,Ottakring,Entire rental unit,Entire home/apt,2,503.0,27,1,1.0,1,352,0,5,4.2,48.21305,16.3304
112.0,566831684,Landstraße,Entire rental unit,Entire home/apt,4,447.0,27,1,1.0,1,350,0,70,4.77,48.18506,16.4139
98.0,566831684,Landstraße,Entire rental unit,Entire home/apt,4,385.0,30,1,1.0,1,359,0,69,4.67,48.18589617378153,16.41082331488558
154.0,548869588,Leopoldstadt,Entire rental unit,Entire home/apt,4,90.0,34,1,1.0,1,221,0,19,5.0,48.21918040000001,16.4109657
121.68,542263386,Brigittenau,Entire rental unit,Entire home/apt,5,337.0,42,1,1.0,1,203,0,20,4.45,48.23486738553342,16.36521705816067
79.0,66207175,Ottakring,Entire rental unit,Entire home/apt,2,359.0,29,1,1.5,3,81,0,21,4.86,48.21332654262175,16.311046832032744
84.0,480282551,Favoriten,Entire rental unit,Entire home/apt,4,424.0,34,1,1.0,1,359,0,207,4.64,48.1798569,16.377888
152.0,723143824,Landstraße,Entire rental unit,Entire home/apt,4,442.0,28,1,1.0,1,344,0,5,4.8,48.19466,16.40854
197.0,222345303,Favoriten,Entire rental unit,Entire home/apt,12,389.0,35,3,1.0,1,25,0,28,4.86,48.17483582907473,16.382753844014974
181.0,17440106,Ottakring,Entire rental unit,Entire home/apt,6,505.0,37,2,1.0,1,113,1,37,4.78,48.21451,16.28323
173.0,72805133,Ottakring,Entire rental unit,Entire home/apt,4,503.0,28,2,1.0,1,335,0,4,3.5,48.21284,16.3302
154.0,716638225,Floridsdorf,Entire rental unit,Entire home/apt,2,574.0,45,1,1.0,1,347,1,1,5.0,48.26002,16.3983
123.55,66040140,Favoriten,Entire rental unit,Entire home/apt,3,430.0,36,1,1.0,1,344,0,201,4.75,48.17214,16.37604
152.0,448481739,Leopoldstadt,Entire rental unit,Entire home/apt,4,469.0,35,1,1.0,1,42,0,8,4.25,48.2182395,16.3858716
119.0,535320116,Penzing,Entire rental unit,Entire home/apt,4,490.0,51,2,1.0,2,85,1,74,4.96,48.19789,16.29319
96.5,571405647,Penzing,Entire rental unit,Entire home/apt,4,350.0,42,1,1.0,1,362,1,62,4.9,48.1949079028721,16.298306202271313
112.15,385064248,Leopoldstadt,Entire rental unit,Entire home/apt,2,289.0,29,1,1.0,30,143,0,1,1.0,48.2061084,16.4301824
98.99,657257173,Währing,Entire rental unit,Entire home/apt,6,498.0,42,1,1.0,1,169,0,34,4.35,48.22534,16.33696
160.89,13336646,Penzing,Entire rental unit,Entire home/apt,8,116.0,9,3,1.5,1,287,0,48,4.52,48.1971,16.28906
125.0,393655464,Döbling,Entire serviced apartment,Entire home/apt,2,0.0,27,1,1.0,1,365,0,7,4.86,48.24708,16.36702
147.0,87484808,Leopoldstadt,Entire rental unit,Entire home/apt,6,295.0,50,2,1.5,1,106,0,25,4.76,48.21787409781472,16.41087716660203
74.04,9719601,Neubau,Entire rental unit,Entire home/apt,3,215.0,45,1,1.0,31,211,1,331,4.92,48.20186,16.34391
139.0,474456233,Ottakring,Entire rental unit,Entire home/apt,2,247.0,52,1,1.0,1,160,0,3,4.0,48.21117419999999,16.3264116
90.0,728986933,Landstraße,Room in hotel,Private room,4,291.0,38,2,1.0,1,262,0,2,4.5,48.1961531,16.4073139
197.0,548674689,Favoriten,Entire rental unit,Entire home/apt,2,559.0,44,1,1.0,1,268,1,57,4.79,48.17172,16.39088
113.0,668583558,Penzing,Entire rental unit,Entire home/apt,4,76.0,51,1,1.0,1,304,0,4,5.0,48.1944361,16.2833668
71.0,549331758,Favoriten,Entire rental unit,Entire home/apt,2,332.0,34,1,1.0,1,142,0,169,4.69,48.1735058,16.3894297
72.67,35963719,Penzing,Entire rental unit,Entire home/apt,4,367.0,31,1,1.0,3,69,0,11,4.64,48.19567,16.28277
119.0,153864304,Leopoldstadt,Entire rental unit,Entire home/apt,4,338.0,9,1,1.0,1,332,0,12,4.33,48.2188076,16.3833432
141.6,3215088,Währing,Entire condo,Entire home/apt,2,476.0,43,1,1.0,5,298,1,44,4.98,48.22364,16.33872
201.0,271978980,Meidling,Entire rental unit,Entire home/apt,5,504.0,40,2,1.5,2,262,0,40,4.98,48.18336,16.32453
147.0,21312617,Donaustadt,Entire condo,Entire home/apt,4,454.0,47,1,1.0,2,97,1,65,4.86,48.2385977,16.4324905
74.25,223133838,Brigittenau,Entire rental unit,Entire home/apt,3,317.0,23,1,1.0,2,117,0,1,5.0,48.23858,16.36406
170.0,151274765,Favoriten,Entire serviced apartment,Entire home/apt,6,494.0,43,2,1.0,2,338,0,14,4.71,48.1752,16.35643
22.57,341379065,Josefstadt,Private room in rental unit,Private room,1,315.0,26,1,1.0,30,247,0,1,5.0,48.21436,16.34148
175.57,430508919,Josefstadt,Entire rental unit,Entire home/apt,4,428.0,59,2,1.0,7,111,1,18,4.94,48.21305,16.34692
80.76,23281039,Alsergrund,Entire rental unit,Entire home/apt,3,379.0,34,1,1.0,20,167,1,26,4.96,48.21646,16.34513
168.0,15935294,Hietzing,Entire rental unit,Entire home/apt,2,292.0,27,1,1.0,1,340,0,20,4.8,48.18893,16.29228
170.0,652733403,Favoriten,Entire rental unit,Entire home/apt,6,88.0,58,3,1.0,1,283,0,2,4.5,48.1740893,16.381907
94.0,54741385,Simmering,Entire rental unit,Entire home/apt,4,84.0,48,1,1.0,1,364,0,54,4.65,48.17523,16.40573
96.73,385064248,Favoriten,Entire rental unit,Entire home/apt,2,287.0,29,1,1.5,30,163,0,2,5.0,48.1836594,16.3810534
176.47,385064248,Favoriten,Entire rental unit,Entire home/apt,6,270.0,28,3,1.5,30,276,0,2,5.0,48.1836594,16.3810534
148.5,101939982,Währing,Entire rental unit,Entire home/apt,4,439.0,35,2,1.0,4,62,0,22,4.91,48.22750557818745,16.335272941069565
134.0,15935294,Penzing,Entire rental unit,Entire home/apt,2,292.0,29,1,1.0,1,315,0,6,4.5,48.19034,16.29223
104.0,444868892,Penzing,Room in boutique hotel,Private room,2,404.0,34,1,1.0,1,192,1,6,5.0,48.18884428957743,16.30281009629517
588.5,7368567,Ottakring,Entire rental unit,Entire home/apt,8,242.0,60,4,3.0,2,224,1,286,4.99,48.20989,16.32657
175.0,560447677,Rudolfsheim-Fünfhaus,Entire rental unit,Entire home/apt,7,356.0,33,2,1.0,1,135,0,86,4.67,48.18519,16.32705
89.0,473779995,Favoriten,Entire serviced apartment,Entire home/apt,2,369.0,56,1,1.5,2,350,0,75,4.81,48.175618172392,16.357121036956336
202.5,657257173,Mariahilf,Entire rental unit,Entire home/apt,10,364.0,40,1,1.0,1,164,0,10,4.3,48.19245783217798,16.340773337204627
127.64,385064248,Favoriten,Entire rental unit,Entire home/apt,6,275.0,28,3,1.5,30,231,0,1,5.0,48.1836594,16.3810534
117.26,66870262,Leopoldstadt,Entire rental unit,Entire home/apt,4,486.0,15,2,1.0,31,364,0,5,5.0,48.22118,16.38701
157.0,72805133,Ottakring,Entire rental unit,Entire home/apt,2,503.0,19,1,1.0,1,357,0,2,4.5,48.21305,16.3303
99.0,418270816,Hietzing,Entire rental unit,Entire home/apt,4,444.0,33,1,1.0,1,339,0,5,4.8,48.1864,16.30057
136.0,511409231,Leopoldstadt,Entire rental unit,Entire home/apt,6,530.0,45,2,1.0,1,257,0,67,4.78,48.22152939999999,16.4055195
125.0,706239436,Brigittenau,Entire rental unit,Entire home/apt,5,494.0,53,2,1.0,1,33,0,41,4.34,48.242101,16.3786658
115.97,385064248,Favoriten,Entire rental unit,Entire home/apt,2,304.0,30,1,1.5,30,153,0,2,4.5,48.1853004,16.3826486
108.33,476964404,Währing,Entire rental unit,Entire home/apt,2,259.0,32,1,1.0,3,310,1,28,4.93,48.22048,16.33825
114.0,662845914,Ottakring,Entire rental unit,Entire home/apt,4,416.0,39,1,1.0,1,325,0,19,4.53,48.20856,16.32785
22.57,341379065,Landstraße,Private room in rental unit,Private room,1,376.0,25,1,1.0,30,71,0,1,4.0,48.19506072998047,16.40728187561035
102.0,115915838,Neubau,Room in boutique hotel,Hotel room,2,565.0,17,1,1.0,1,306,0,37,4.3,48.19777,16.34747
79.6,420920,Josefstadt,Entire rental unit,Entire home/apt,2,440.0,36,1,1.0,30,364,0,39,4.72,48.21501,16.34325
87.0,248190013,Ottakring,Entire rental unit,Entire home/apt,2,504.0,15,1,1.0,1,313,0,21,4.62,48.21166,16.33188
124.93,404149,Leopoldstadt,Entire rental unit,Entire home/apt,2,425.0,34,1,1.0,14,267,0,16,4.88,48.22023,16.38979
142.0,178837107,Meidling,Entire rental unit,Entire home/apt,7,472.0,46,2,1.0,1,269,0,6,4.33,48.1807672,16.3186663
297.0,9158703,Währing,Entire rental unit,Entire home/apt,4,499.0,37,2,1.5,2,55,1,28,4.93,48.22792,16.338
405.14,58148644,Neubau,Entire rental unit,Entire home/apt,2,522.0,26,2,1.0,14,356,0,35,4.97,48.19962,16.35143
99.24,255747615,Leopoldstadt,Entire rental unit,Entire home/apt,2,152.0,44,1,1.0,13,73,1,197,4.9,48.22162,16.38882
197.6,22229400,Meidling,Entire rental unit,Entire home/apt,6,543.0,58,2,1.0,1,260,0,7,5.0,48.18269637349498,16.322676163134787
103.9,238860340,Leopoldstadt,Entire rental unit,Entire home/apt,2,483.0,34,1,1.0,1,153,0,122,4.54,48.21883,16.38624
54.95,54741385,Simmering,Entire rental unit,Entire home/apt,2,86.0,42,1,1.0,1,208,0,97,4.8,48.17715,16.41287
47.41,516308468,Penzing,Entire rental unit,Entire home/apt,2,421.0,42,1,1.0,28,124,1,2,5.0,48.18957874088421,16.300042372546823
200.0,271489716,Leopoldstadt,Entire serviced apartment,Entire home/apt,4,0.0,26,2,0.0,1,351,0,7,4.43,48.2236444,16.4066264
163.0,4331202,Penzing,Entire rental unit,Entire home/apt,4,435.0,48,1,1.0,1,347,0,10,4.9,48.18852390813498,16.30309055128937
108.0,277972516,Favoriten,Entire rental unit,Entire home/apt,4,264.0,44,1,1.0,2,214,0,94,4.82,48.17444509063365,16.356001100000007
91.3,521566852,Favoriten,Entire condo,Entire home/apt,3,293.0,46,1,1.0,2,84,0,50,4.62,48.1726250022483,16.37515425682068
99.0,385064248,Landstraße,Entire rental unit,Entire home/apt,2,287.0,27,1,1.5,30,356,0,1,5.0,48.19414,16.41326
73.84,540246,Hernals,Entire rental unit,Entire home/apt,4,168.0,50,1,1.0,31,330,0,348,4.62,48.21509519217383,16.339490038897125
119.82,288328438,Leopoldstadt,Entire rental unit,Entire home/apt,4,361.0,31,1,1.5,1,67,0,187,4.66,48.22361755371094,16.40053367614746
112.0,30158835,Leopoldstadt,Entire rental unit,Entire home/apt,2,580.0,36,1,1.0,1,310,1,31,4.65,48.21713,16.38775
210.0,313423785,Mariahilf,Entire rental unit,Entire home/apt,6,77.0,36,2,1.0,1,319,1,154,4.79,48.19547,16.35083
131.33,346343333,Rudolfsheim-Fünfhaus,Entire rental unit,Entire home/apt,2,483.0,44,1,1.0,3,179,1,88,4.85,48.18697,16.32341
23.26,141076697,Brigittenau,Private room in rental unit,Private room,1,394.0,37,1,1.0,30,183,0,149,4.84,48.22826,16.3709
144.8,22229400,Meidling,Entire rental unit,Entire home/apt,6,480.0,57,2,1.5,1,165,0,34,4.71,48.1811,16.32255
86.0,152433712,Favoriten,Entire serviced apartment,Entire home/apt,2,305.0,35,1,1.0,1,363,0,29,4.55,48.1833952,16.3772321
104.0,44325330,Leopoldstadt,Private room in condo,Private room,3,518.0,40,2,2.0,1,57,0,17,5.0,48.2238947,16.4033181
154.0,355981332,Leopoldstadt,Entire rental unit,Entire home/apt,4,429.0,18,3,1.0,1,294,0,171,4.51,48.21587482369409,16.383696855657146
228.67,562539934,Penzing,Entire rental unit,Entire home/apt,7,487.0,51,3,1.5,3,129,1,32,5.0,48.18891538924162,16.30973855239554
173.33,26734077,Leopoldstadt,Entire rental unit,Entire home/apt,3,246.0,15,1,1.0,1,343,1,119,4.92,48.21827,16.3882
101.5,444868892,Penzing,Room in boutique hotel,Private room,2,404.0,34,1,1.0,1,153,1,4,5.0,48.18866610100762,16.30280473187714
95.44,1449426,Rudolfsheim-Fünfhaus,Entire rental unit,Entire home/apt,4,250.0,53,2,1.0,21,171,1,175,4.95,48.194801,16.334133
118.68,29748862,Leopoldstadt,Entire rental unit,Entire home/apt,4,386.0,30,1,1.5,2,180,1,169,4.78,48.22199,16.38589
132.0,582402389,Favoriten,Entire rental unit,Entire home/apt,4,294.0,24,2,1.0,1,227,0,39,4.59,48.18108876596695,16.3778555800012
105.5,424267568,Meidling,Entire rental unit,Entire home/apt,4,422.0,51,2,1.0,2,333,0,4,4.75,48.17964,16.32046
144.75,515226652,Favoriten,Entire rental unit,Entire home/apt,4,511.0,43,3,2.5,30,324,0,13,4.77,48.18282,16.38098
52.43,407937258,Döbling,Entire rental unit,Entire home/apt,3,570.0,46,1,1.0,19,199,1,11,4.45,48.24775,16.36185
110.0,90441918,Leopoldstadt,Entire rental unit,Entire home/apt,4,519.0,34,1,1.5,2,78,0,79,4.8,48.21623,16.39137
519.99,22229400,Meidling,Entire rental unit,Entire home/apt,16,451.0,57,5,3.0,1,155,0,15,4.93,48.18238,16.32279
40.17,462202833,Penzing,Private room in rental unit,Private room,1,419.0,27,1,1.5,3,15,0,3,5.0,48.18962012387695,16.307926394904804
107.5,1557725,Leopoldstadt,Entire rental unit,Entire home/apt,4,301.0,20,1,1.5,20,203,0,5,4.8,48.21481,16.38694
81.67,432869386,Leopoldstadt,Entire rental unit,Entire home/apt,3,317.0,36,1,1.0,1,178,0,93,4.83,48.22168803548459,16.404693154979952
542.0,151274765,Favoriten,Entire serviced apartment,Entire home/apt,16,451.0,43,3,1.0,1,224,0,2,4.0,48.17291759535248,16.35478668795912
99.18,385064248,Favoriten,Entire rental unit,Entire home/apt,6,289.0,28,3,1.5,30,363,0,1,5.0,48.1836594,16.3810534
104.33,385064248,Landstraße,Entire rental unit,Entire home/apt,2,288.0,27,1,1.0,30,318,0,1,5.0,48.1847231,16.39922019999999
96.0,129960877,Leopoldstadt,Entire condo,Entire home/apt,2,277.0,42,1,1.0,1,328,0,163,4.78,48.216877,16.384003
100.0,33625185,Meidling,Entire condo,Entire home/apt,4,438.0,37,1,1.0,3,178,1,102,4.74,48.18304,16.32446
91.14,539208027,Leopoldstadt,Entire rental unit,Entire home/apt,2,488.0,31,1,1.0,2,268,1,125,4.86,48.2236,16.4021
110.0,718266493,Meidling,Private room in home,Private room,3,445.0,42,1,1.5,1,104,1,13,5.0,48.1764861,16.3377211
94.0,454827172,Ottakring,Entire vacation home,Entire home/apt,2,573.0,48,1,1.0,2,159,1,103,4.93,48.210793,16.330973
140.91,385064248,Leopoldstadt,Entire rental unit,Entire home/apt,4,290.0,26,2,1.5,30,172,0,1,5.0,48.20691,16.43106
105.02,385064248,Favoriten,Entire rental unit,Entire home/apt,2,304.0,29,1,1.5,30,197,0,1,1.0,48.1836594,16.3810534
52.84,365561660,Meidling,Entire rental unit,Entire home/apt,3,478.0,22,1,1.5,30,138,0,75,4.6,48.17900370956289,16.322561909232085
55.08,695246045,Margareten,Entire rental unit,Entire home/apt,2,225.0,39,1,1.0,31,171,0,93,4.87,48.18753589413564,16.352040182737
95.0,579965958,Favoriten,Entire rental unit,Entire home/apt,6,408.0,39,2,1.0,1,128,0,65,4.49,48.17574409704336,16.35579396450344
106.61,451388163,Rudolfsheim-Fünfhaus,Entire serviced apartment,Entire home/apt,4,367.0,50,1,1.5,1,197,0,33,4.82,48.18729,16.32268
79.0,50945012,Hernals,Entire rental unit,Entire home/apt,4,309.0,23,1,1.0,1,312,0,3,5.0,48.2208372,16.3285802
140.0,9403216,Favoriten,Entire rental unit,Entire home/apt,5,473.0,38,2,1.0,1,341,0,18,4.83,48.17380559999999,16.3750971
144.04,385064248,Favoriten,Entire rental unit,Entire home/apt,2,265.0,30,1,1.5,30,212,0,1,5.0,48.1853004,16.3826486
78.0,5783,Meidling,Entire rental unit,Entire home/apt,4,168.0,26,2,1.0,1,183,0,59,4.47,48.1724766,16.3323481
75.0,480282551,Favoriten,Entire rental unit,Entire home/apt,3,366.0,28,1,1.0,1,362,0,38,4.24,48.1802,16.37905
83.0,83109185,Favoriten,Entire rental unit,Entire home/apt,4,383.0,29,1,1.0,2,183,0,32,4.91,48.17466719734769,16.37717865407467
104.99,103413337,Leopoldstadt,Entire rental unit,Entire home/apt,5,400.0,42,2,1.5,3,119,0,359,4.75,48.22233,16.38779
69.0,418270816,Hietzing,Room in hotel,Private room,2,444.0,26,1,1.0,1,354,0,12,4.67,48.1864013,16.300567
177.67,7008216,Leopoldstadt,Entire rental unit,Entire home/apt,7,339.0,57,2,1.0,3,90,0,11,5.0,48.22608761708127,16.40144565826811
106.0,523923262,Währing,Entire rental unit,Entire home/apt,4,530.0,43,1,1.0,1,334,0,11,4.91,48.22265887124945,16.337613724959574
167.0,35120522,Leopoldstadt,Entire rental unit,Entire home/apt,4,430.0,34,1,1.0,2,143,1,17,4.94,48.22207802779576,16.396864041802964
212.0,122236588,Hernals,Entire rental unit,Entire home/apt,6,0.0,54,2,1.0,1,352,1,119,4.97,48.2222324,16.3350916
156.14,385064248,Leopoldstadt,Entire rental unit,Entire home/apt,4,271.0,32,2,1.5,30,335,0,1,5.0,48.2065631,16.4305972
90.0,551661125,Rudolfsheim-Fünfhaus,Entire rental unit,Entire home/apt,4,49.0,12,1,1.0,3,331,0,6,5.0,48.18776853267239,16.320540326490708
383.0,586917177,Innere Stadt,Entire rental unit,Entire home/apt,6,389.0,31,2,1.0,1,177,0,2,5.0,48.2062884,16.3677518
86.0,516360514,Meidling,Entire rental unit,Entire home/apt,4,486.0,40,1,1.0,2,106,1,4,5.0,48.17657,16.33383
162.5,16038716,Innere Stadt,Entire rental unit,Entire home/apt,5,228.0,25,1,2.0,1,35,1,113,4.94,48.211581479622645,16.36793630617302
128.0,178837107,Meidling,Entire rental unit,Entire home/apt,6,459.0,43,1,1.0,1,301,0,10,4.9,48.1807672,16.3186663
113.0,748405280,Favoriten,Entire rental unit,Entire home/apt,4,512.0,28,1,1.0,1,317,0,5,4.6,48.1808492,16.3766638
401.5,267756350,Meidling,Entire condo,Entire home/apt,10,279.0,50,3,2.0,2,322,1,54,4.98,48.18639,16.34185
51.05,670778959,Alsergrund,Entire rental unit,Entire home/apt,2,403.0,23,1,1.0,31,219,0,27,4.3,48.216496,16.342243
226.0,474456233,Ottakring,Entire rental unit,Entire home/apt,5,380.0,64,2,2.5,1,129,0,35,4.63,48.21117419999999,16.3264116
141.5,136698196,Hernals,Entire rental unit,Entire home/apt,6,496.0,41,1,1.5,2,118,1,43,4.95,48.22236,16.33574
72.68,156404033,Landstraße,Entire rental unit,Entire home/apt,6,531.0,34,2,1.0,1,132,0,2,4.5,48.19358,16.38794
105.0,664204728,Favoriten,Entire rental unit,Entire home/apt,4,525.0,19,2,1.0,1,133,0,16,4.38,48.17258,16.36886
79.0,459909479,Favoriten,Private room in rental unit,Private room,4,60.0,17,1,1.0,1,340,0,19,4.37,48.17083401878245,16.35470414028314
212.4,123148011,Mariahilf,Entire rental unit,Entire home/apt,5,411.0,48,1,1.0,1,96,0,6,5.0,48.19239,16.34246
92.0,6018536,Döbling,Entire rental unit,Entire home/apt,3,240.0,26,1,1.0,2,237,1,122,4.9,48.25029,16.2979
164.0,540236834,Liesing,Entire rental unit,Entire home/apt,4,458.0,35,2,1.0,1,256,0,3,4.0,48.13921,16.31843
166.0,728287327,Meidling,Entire rental unit,Entire home/apt,8,384.0,42,2,1.5,1,128,0,11,4.45,48.17179,16.32678
171.0,131677242,Rudolfsheim-Fünfhaus,Entire serviced apartment,Entire home/apt,4,409.0,57,1,1.0,1,299,1,67,4.99,48.1948698,16.33811
140.0,713500333,Favoriten,Entire rental unit,Entire home/apt,5,347.0,38,2,1.0,1,229,1,44,4.82,48.17713,16.36489
95.0,152433712,Favoriten,Room in serviced apartment,Hotel room,2,314.0,32,1,1.0,1,363,0,87,4.57,48.18335,16.37709
155.0,564758537,Währing,Entire condo,Entire home/apt,4,446.0,32,2,2.0,1,283,0,9,4.89,48.22652981984819,16.329546959730667
83.33,129960877,Alsergrund,Entire rental unit,Entire home/apt,4,349.0,44,1,1.0,30,354,0,7,4.43,48.21787636078059,16.34775166497176
182.0,189895939,Leopoldstadt,Entire rental unit,Entire home/apt,6,432.0,44,2,1.0,1,273,1,351,4.82,48.2236184,16.4005343
114.0,662845914,Ottakring,Entire rental unit,Entire home/apt,4,416.0,40,1,1.0,1,251,0,14,4.5,48.20869,16.32913
153.0,656977995,Favoriten,Entire rental unit,Entire home/apt,4,530.0,18,1,2.0,2,269,0,6,4.83,48.17289,16.35523
132.0,7084729,Simmering,Entire rental unit,Entire home/apt,2,408.0,37,1,1.5,1,361,0,58,4.78,48.17932,16.41106
88.0,169940573,Leopoldstadt,Entire rental unit,Entire home/apt,2,445.0,38,1,1.0,1,96,0,128,4.52,48.21882068591352,16.40088166202873
69.0,1676127078761690163,Floridsdorf,Private room in rental unit,Private room,2,420.0,10,1,1.0,1,272,0,2,5.0,48.29354650000001,16.411072
123.75,123148011,Alsergrund,Entire rental unit,Entire home/apt,2,303.0,33,1,1.0,1,68,0,5,5.0,48.22329,16.35662
124.67,481811717,Landstraße,Entire condo,Entire home/apt,2,455.0,30,1,1.0,3,355,1,68,4.96,48.19755,16.39775
196.0,123148011,Ottakring,Entire rental unit,Entire home/apt,6,503.0,61,2,1.0,1,211,0,16,4.94,48.21590050988571,16.318920675344756
74.33,27950078,Simmering,Entire rental unit,Entire home/apt,2,297.0,36,1,1.0,2,154,0,42,4.88,48.17946,16.41713
116.0,383835177,Leopoldstadt,Entire rental unit,Entire home/apt,2,394.0,28,1,1.0,2,348,0,2,4.0,48.22103,16.39868
179.0,536660425,Favoriten,Entire rental unit,Entire home/apt,2,500.0,39,2,1.0,2,345,1,36,4.83,48.16859909999999,16.350953
104.0,518159007,Alsergrund,Entire rental unit,Entire home/apt,5,415.0,27,2,1.0,1,147,0,1,5.0,48.23011751302272,16.356272291408903
92.0,480282551,Favoriten,Entire rental unit,Entire home/apt,6,427.0,37,2,1.5,1,326,0,250,4.69,48.1798569,16.377888
145.5,4135984,Alsergrund,Entire serviced apartment,Entire home/apt,4,496.0,36,2,1.0,1,312,0,69,4.7,48.2286841,16.3515262
110.0,6976115,Simmering,Entire condo,Entire home/apt,2,223.0,36,1,1.0,2,12,1,288,4.9,48.17171,16.41655
279.59,243860957,Favoriten,Entire rental unit,Entire home/apt,10,456.0,40,4,1.0,2,288,1,121,4.92,48.1782,16.37854
104.0,297724426,Penzing,Entire rental unit,Entire home/apt,2,465.0,46,1,1.0,2,322,0,33,4.7,48.20282782131325,16.25879466533661
169.33,47956243,Ottakring,Entire rental unit,Entire home/apt,2,250.0,37,1,1.0,3,363,0,34,5.0,48.21638,16.30745
143.0,153864304,Floridsdorf,Entire vacation home,Entire home/apt,5,49.0,14,2,1.5,1,358,0,2,4.0,48.268639,16.403496
125.42,426354078,Leopoldstadt,Entire rental unit,Entire home/apt,3,430.0,29,1,1.0,1,243,1,51,4.84,48.2230053,16.4028108
126.0,16968564,Favoriten,Entire rental unit,Entire home/apt,4,264.0,43,1,1.0,1,332,1,3,5.0,48.17279,16.36546
131.0,227323697,Ottakring,Entire rental unit,Entire home/apt,3,53.0,51,1,1.0,2,358,0,2,5.0,48.214563033198736,16.323366557648026
43.64,45798333,Hernals,Entire rental unit,Entire home/apt,2,438.0,39,1,1.0,28,236,1,4,5.0,48.22314739999999,16.3294849
152.0,426921234,Leopoldstadt,Entire rental unit,Entire home/apt,5,500.0,38,2,1.5,2,37,0,9,5.0,48.22147,16.40653
145.99,657257173,Donaustadt,Entire rental unit,Entire home/apt,5,496.0,41,1,1.0,1,153,0,10,4.5,48.22238,16.47955
90.0,222345303,Floridsdorf,Entire rental unit,Entire home/apt,4,184.0,32,1,1.0,1,28,0,9,4.44,48.27532708904167,16.407166674146154
233.75,439242777,Leopoldstadt,Entire rental unit,Entire home/apt,5,448.0,43,2,1.5,4,19,0,5,5.0,48.2212365,16.3990717
239.67,660966704,Währing,Entire home,Entire home/apt,8,495.0,46,3,1.5,2,91,1,26,4.96,48.22479748595022,16.343036216532884
166.0,23300272,Ottakring,Entire rental unit,Entire home/apt,2,346.0,49,1,1.5,1,74,1,60,4.87,48.21667023113554,16.310762371553825
127.0,15185027,Floridsdorf,Entire rental unit,Entire home/apt,3,55.0,12,1,1.0,3,83,0,3,4.0,48.25378,16.41473
159.0,227232876,Favoriten,Entire rental unit,Entire home/apt,3,432.0,15,1,1.0,1,320,1,3,4.33,48.1769444,16.3568536
212.5,265462210,Döbling,Entire rental unit,Entire home/apt,4,506.0,55,1,1.5,2,327,1,97,4.97,48.2543,16.34163
147.0,451942326,Hernals,Entire rental unit,Entire home/apt,6,446.0,46,2,1.5,1,337,0,3,4.67,48.22261,16.33386
211.0,383835177,Döbling,Entire rental unit,Entire home/apt,5,359.0,37,2,1.0,1,280,0,52,4.71,48.25682,16.34225
169.0,288328438,Leopoldstadt,Entire rental unit,Entire home/apt,6,474.0,34,2,1.0,1,35,0,172,4.52,48.22354,16.39946
108.5,462620723,Landstraße,Entire condo,Entire home/apt,3,537.0,45,1,1.0,2,265,1,43,5.0,48.19625664062631,16.395956134393312
58.0,125145056,Ottakring,Private room in rental unit,Private room,2,464.0,15,1,1.0,1,322,0,10,4.9,48.21233,16.30975
176.0,666208858,Ottakring,Tiny home,Entire home/apt,4,514.0,44,2,1.0,2,249,1,25,5.0,48.20901,16.30111
108.0,665536965,Alsergrund,Entire rental unit,Entire home/apt,4,434.0,54,1,1.0,1,302,0,25,4.64,48.22953982215795,16.361199822228993
47.39,188320967,Rudolfsheim-Fünfhaus,Entire condo,Entire home/apt,4,462.0,41,1,1.0,31,161,1,140,4.81,48.19714,16.31902
189.0,222345303,Brigittenau,Entire rental unit,Entire home/apt,8,510.0,32,2,1.0,1,24,0,29,4.69,48.23143,16.36399
113.0,9403216,Favoriten,Entire rental unit,Entire home/apt,4,506.0,39,1,1.0,1,354,0,36,4.83,48.17389,16.37511
309.75,241704993,Favoriten,Entire rental unit,Entire home/apt,6,541.0,43,2,1.0,4,35,0,4,5.0,48.17768,16.37866
251.0,297724426,Penzing,Entire rental unit,Entire home/apt,6,475.0,50,3,1.0,2,332,0,16,4.63,48.20312189281067,16.25880304723978
183.75,280514183,Donaustadt,Entire condo,Entire home/apt,2,511.0,46,1,1.0,3,290,1,43,5.0,48.25004550122348,16.437909230589867
119.0,307146767,Leopoldstadt,Entire rental unit,Entire home/apt,4,512.0,54,1,1.0,1,205,0,70,4.41,48.22260867401548,16.404134994531745
266.33,45115391,Donaustadt,Entire rental unit,Entire home/apt,7,493.0,49,3,2.0,3,288,1,54,4.91,48.24925,16.43598
209.33,101614640,Floridsdorf,Entire home,Entire home/apt,4,417.0,25,1,1.0,1,294,0,1,5.0,48.262413,16.43339
107.35,287064802,Floridsdorf,Entire rental unit,Entire home/apt,6,421.0,51,3,1.5,2,127,1,15,4.93,48.26825,16.40445
116.4,1643928,Landstraße,Entire rental unit,Entire home/apt,6,451.0,37,2,1.5,1,327,0,73,4.34,48.20263322120945,16.397838381464013
134.0,50945012,Mariahilf,Entire rental unit,Entire home/apt,2,337.0,42,1,1.0,1,353,0,23,4.09,48.19254,16.346
129.0,7147147,Alsergrund,Entire rental unit,Entire home/apt,6,430.0,37,2,1.5,1,147,0,10,4.8,48.22221,16.36607
92.0,36618221,Währing,Entire rental unit,Entire home/apt,3,433.0,22,1,1.0,1,67,0,3,4.67,48.22802654860794,16.338583742662074
320.0,3765951,Innere Stadt,Entire rental unit,Entire home/apt,2,460.0,47,1,1.5,2,41,0,43,4.98,48.20934,16.37287
178.0,520985618,Wieden,Entire rental unit,Entire home/apt,3,458.0,38,1,1.0,1,331,1,14,4.86,48.191811,16.3770086
129.0,151869337,Ottakring,Entire rental unit,Entire home/apt,4,456.0,43,1,1.0,1,355,0,36,4.72,48.21690505876927,16.310896390358206
134.0,467757863,Favoriten,Entire serviced apartment,Entire home/apt,4,163.0,46,1,1.0,1,337,0,49,4.71,48.1718548,16.3519896
128.0,571632714,Penzing,Entire rental unit,Entire home/apt,6,376.0,49,1,1.5,1,151,1,65,4.8,48.19642664244309,16.306210424885546
50.86,8632750,Hietzing,Entire serviced apartment,Entire home/apt,4,396.0,34,1,1.0,31,336,0,22,4.27,48.1867,16.28616
152.0,707248420,Hernals,Entire rental unit,Entire home/apt,4,446.0,6,2,1.0,2,240,0,2,4.5,48.22067719703451,16.326521839966
109.67,27885077,Mariahilf,Entire rental unit,Entire home/apt,6,245.0,24,2,1.0,3,170,0,55,4.47,48.19088,16.34835
50.3,8632750,Penzing,Entire serviced apartment,Entire home/apt,4,308.0,35,1,1.0,30,351,0,5,3.8,48.20272,16.25783
115.0,724452048,Rudolfsheim-Fünfhaus,Entire serviced apartment,Entire home/apt,4,485.0,37,1,1.0,2,86,1,19,4.84,48.1958664,16.3144011
125.0,52012825,Döbling,Entire condo,Entire home/apt,3,143.0,58,1,1.0,2,30,1,48,4.88,48.24955843007863,16.32847182231983
90.0,586640672,Penzing,Room in hotel,Private room,2,393.0,14,1,1.0,1,175,0,5,3.8,48.21059864534946,16.211811011546406
245.5,188837732,Döbling,Entire rental unit,Entire home/apt,2,487.0,68,1,1.5,2,279,1,33,4.97,48.25307,16.33977
50.91,280337277,Meidling,Entire rental unit,Entire home/apt,2,381.0,41,1,1.0,3,65,1,220,4.82,48.18717,16.33854
102.38,123148011,Ottakring,Entire rental unit,Entire home/apt,4,466.0,54,2,1.0,1,212,0,88,4.91,48.21542,16.3193
150.0,50945012,Wieden,Entire rental unit,Entire home/apt,4,287.0,35,1,1.0,1,345,0,1,5.0,48.1922791,16.3691611
286.1,293104680,Wieden,Entire rental unit,Entire home/apt,4,346.0,26,2,1.5,2,103,0,46,4.89,48.1970564,16.3696813
117.5,4417389,Döbling,Entire rental unit,Entire home/apt,2,515.0,60,1,1.5,2,17,0,95,4.68,48.253,16.36938
60.0,1676127078761690163,Floridsdorf,Private room in rental unit,Private room,1,432.0,22,1,1.0,1,252,0,2,5.0,48.294117540778,16.410911067459107
79.0,77951788,Rudolfsheim-Fünfhaus,Entire rental unit,Entire home/apt,2,500.0,37,1,1.0,2,158,1,193,4.93,48.19491834911526,16.316118959036373
168.0,388009441,Alsergrund,Entire serviced apartment,Entire home/apt,4,318.0,51,2,1.0,1,264,0,58,4.74,48.23200225830078,16.361299514770508
100.78,705649105,Favoriten,Entire rental unit,Entire home/apt,6,515.0,37,2,1.5,1,279,0,5,4.8,48.18224,16.37385
77.43,414469778,Rudolfsheim-Fünfhaus,Entire rental unit,Entire home/apt,4,183.0,28,1,1.0,30,123,1,7,5.0,48.20110336544532,16.333108562358014
130.0,135332938,Ottakring,Entire serviced apartment,Entire home/apt,4,67.0,53,1,1.0,2,335,1,24,4.92,48.216423,16.312185
87.33,524602231,Leopoldstadt,Entire rental unit,Entire home/apt,4,274.0,35,1,2.0,2,118,0,170,4.69,48.21657972741136,16.38263527303934
158.0,47956243,Ottakring,Entire rental unit,Entire home/apt,2,250.0,27,1,1.0,3,268,0,99,4.93,48.21402,16.30764
110.8,157289966,Floridsdorf,Entire rental unit,Entire home/apt,4,265.0,37,2,1.0,5,67,1,10,5.0,48.25735092421347,16.405413788360573
111.0,136698196,Floridsdorf,Entire rental unit,Entire home/apt,4,512.0,40,1,1.0,2,147,1,18,4.72,48.28449,16.38431
104.8,287064802,Penzing,Entire rental unit,Entire home/apt,5,437.0,45,2,1.5,2,108,1,55,4.71,48.1923,16.31549
94.72,1643928,Landstraße,Entire rental unit,Entire home/apt,4,334.0,35,1,1.0,1,346,0,67,4.54,48.20031356356354,16.378089135759115
81.5,77480001,Alsergrund,Entire rental unit,Entire home/apt,4,352.0,26,1,1.0,2,30,0,69,4.52,48.22447860707587,16.357149929261674
111.0,563304900,Favoriten,Entire rental unit,Entire home/apt,3,521.0,6,1,1.0,2,91,0,2,4.5,48.17256279999999,16.3733299
156.5,500439451,Simmering,Entire rental unit,Entire home/apt,6,405.0,32,2,1.0,2,53,1,68,4.63,48.1597671,16.4636097
90.0,564226326,Alsergrund,Private room in rental unit,Private room,3,433.0,13,1,1.0,1,265,0,25,4.68,48.21756,16.36193
74.03,249583292,Meidling,Entire rental unit,Entire home/apt,8,516.0,33,2,1.0,30,241,0,6,4.17,48.17219095038377,16.333996830829726
89.5,688004512,Favoriten,Entire rental unit,Entire home/apt,4,460.0,31,1,1.0,1,122,0,83,4.65,48.18047929999999,16.3768175
134.5,459660164,Penzing,Entire rental unit,Entire home/apt,2,225.0,43,1,1.0,2,300,1,240,4.94,48.199253,16.316967
204.5,439048759,Rudolfsheim-Fünfhaus,Entire rental unit,Entire home/apt,6,466.0,43,3,1.0,2,335,1,1,5.0,48.19473,16.31522
179.0,547677118,Rudolfsheim-Fünfhaus,Entire rental unit,Entire home/apt,6,456.0,33,2,1.0,1,18,0,45,4.56,48.19644,16.32193
116.2,106634851,Landstraße,Entire rental unit,Entire home/apt,3,472.0,31,1,1.0,1,192,0,171,4.88,48.20926072433931,16.395084249974442
53.0,566831684,Hernals,Room in hotel,Private room,2,231.0,18,1,1.0,1,364,0,60,4.52,48.21756,16.33561
142.35,221115322,Leopoldstadt,Entire rental unit,Entire home/apt,4,505.0,44,1,1.5,3,224,0,178,4.69,48.21546,16.38399
104.0,665536965,Alsergrund,Entire rental unit,Entire home/apt,4,434.0,54,1,1.0,1,323,0,44,4.8,48.229354,16.3602986
87.5,724452048,Rudolfsheim-Fünfhaus,Entire serviced apartment,Entire home/apt,2,469.0,35,1,1.0,1,70,1,25,4.76,48.1958664,16.3144011
187.0,653297148,Leopoldstadt,Entire rental unit,Entire home/apt,6,618.0,44,2,1.5,1,116,1,28,5.0,48.21867628566672,16.39831244945526
161.93,13638515,Leopoldstadt,Entire rental unit,Entire home/apt,5,419.0,49,1,1.5,7,248,1,63,4.97,48.21341,16.38438
100.0,418270816,Meidling,Entire serviced apartment,Entire home/apt,2,444.0,31,1,1.0,1,363,0,4,5.0,48.175371,16.331714
314.0,1853977,Donaustadt,Entire rental unit,Entire home/apt,5,383.0,65,3,2.5,1,307,0,6,4.67,48.226101,16.505205
159.0,227232876,Favoriten,Entire rental unit,Entire home/apt,3,432.0,13,1,1.0,1,315,1,3,4.0,48.1769444,16.3568536
159.0,227232876,Favoriten,Entire rental unit,Entire home/apt,3,432.0,15,1,1.0,1,308,1,1,5.0,48.1769444,16.3568536
106.49,77480001,Alsergrund,Entire rental unit,Entire home/apt,4,345.0,27,1,1.5,2,73,0,130,4.38,48.22428,16.35877
99.0,11292979,Favoriten,Entire rental unit,Entire home/apt,4,295.0,26,1,1.0,2,263,0,15,5.0,48.17388,16.3652
87.0,549653406,Favoriten,Entire condo,Entire home/apt,2,43.0,36,1,1.0,2,6,1,132,4.92,48.16282,16.38207
143.5,153065781,Ottakring,Entire rental unit,Entire home/apt,4,451.0,30,1,1.0,2,107,1,89,4.97,48.20934,16.32568
562.5,15935294,Josefstadt,Entire rental unit,Entire home/apt,4,434.0,29,2,1.5,1,319,0,6,3.5,48.20995,16.35488
165.5,83015308,Donaustadt,Entire rental unit,Entire home/apt,6,244.0,36,3,1.0,2,339,0,19,4.89,48.22359,16.50264
91.0,511689935,Alsergrund,Private room in rental unit,Private room,2,345.0,16,1,5.0,1,147,0,5,5.0,48.21603898647555,16.35999848483981
89.67,513472920,Rudolfsheim-Fünfhaus,Entire rental unit,Entire home/apt,6,60.0,48,1,1.5,3,223,0,83,4.89,48.19021,16.33702
40.0,1680355426411254402,Simmering,Private room in rental unit,Private room,2,537.0,33,1,1.0,1,39,0,10,4.3,48.17525,16.41849
139.0,227232876,Favoriten,Entire rental unit,Entire home/apt,3,432.0,16,1,1.0,1,278,1,18,4.78,48.1769444,16.3568536
167.0,63461133,Favoriten,Entire condo,Entire home/apt,6,527.0,43,2,1.5,2,25,0,94,4.61,48.17931,16.37874
210.0,245370439,Innere Stadt,Entire rental unit,Entire home/apt,2,326.0,33,1,1.0,1,308,1,211,4.91,48.20734,16.37472
307.0,178293155,Favoriten,Entire rental unit,Entire home/apt,6,471.0,48,3,2.0,2,210,1,44,4.82,48.13116369999999,16.4254999
132.0,503019853,Landstraße,Entire rental unit,Entire home/apt,4,414.0,39,1,1.0,1,130,0,102,4.75,48.2093856292616,16.38685160925265
151.78,459660164,Penzing,Entire rental unit,Entire home/apt,4,225.0,52,2,1.5,2,281,1,225,4.96,48.199238,16.316881
179.0,227232876,Favoriten,Entire rental unit,Entire home/apt,4,432.0,16,2,1.0,1,286,1,5,4.6,48.1769444,16.3568536
60.87,64601861,Leopoldstadt,Entire condo,Entire home/apt,2,119.0,51,1,1.0,30,48,1,269,4.83,48.21421813964844,16.383533477783203
57.57,8546935,Favoriten,Entire rental unit,Entire home/apt,2,300.0,22,1,1.0,7,53,0,63,4.97,48.17269,16.3757
114.47,695246045,Leopoldstadt,Entire serviced apartment,Entire home/apt,6,410.0,38,3,2.0,31,362,0,326,4.83,48.21783,16.38033
94.33,6435647,Hernals,Entire condo,Entire home/apt,2,557.0,73,1,1.0,1,258,1,119,4.97,48.21711,16.32482
183.0,263151510,Favoriten,Entire rental unit,Entire home/apt,5,511.0,2,2,1.0,2,259,0,9,4.33,48.17975,16.3778
80.0,665454404,Leopoldstadt,Private room in rental unit,Private room,2,429.0,28,1,1.5,1,9,0,1,5.0,48.2029314,16.4032016
143.0,33062510,Ottakring,Entire condo,Entire home/apt,4,560.0,51,1,1.5,2,87,0,4,4.5,48.21379999672662,16.313137453464392
104.9,123148011,Ottakring,Entire rental unit,Entire home/apt,4,498.0,59,1,1.0,1,204,0,132,4.89,48.21573153734904,16.321597134921586
83.0,561630754,Landstraße,Private room in rental unit,Private room,2,399.0,21,1,2.0,1,132,0,5,4.0,48.20342,16.3953
343.25,189402948,Leopoldstadt,Entire rental unit,Entire home/apt,5,380.0,35,1,1.5,2,127,0,50,4.72,48.21521,16.38577
133.67,13933819,Floridsdorf,Entire serviced apartment,Entire home/apt,3,259.0,53,1,1.0,3,75,1,17,4.82,48.26776,16.45525
137.0,475093215,Favoriten,Entire rental unit,Entire home/apt,4,132.0,21,2,1.0,3,81,0,33,4.76,48.1737682,16.375497
222.0,269780920,Alsergrund,Entire rental unit,Entire home/apt,6,0.0,46,2,1.5,1,330,0,170,4.63,48.22511,16.36141
108.0,488885043,Favoriten,Entire rental unit,Entire home/apt,6,433.0,50,2,1.0,1,261,0,56,4.79,48.17288,16.36746
136.0,214475924,Innere Stadt,Private room in pension,Private room,2,484.0,19,1,0.0,1,278,1,17,4.94,48.20383,16.37066
139.0,139457260,Landstraße,Entire rental unit,Entire home/apt,3,472.0,33,1,1.0,3,19,1,82,4.9,48.19789,16.40212
102.0,152433712,Favoriten,Entire serviced apartment,Entire home/apt,2,305.0,33,1,1.0,1,363,0,5,4.6,48.18331,16.3771
142.0,569024287,Favoriten,Entire rental unit,Entire home/apt,4,296.0,52,1,1.0,1,333,0,45,4.82,48.1682202,16.3482141
536.0,661955262,Döbling,Entire villa,Entire home/apt,16,286.0,50,7,3.5,2,290,0,10,4.6,48.25719814474535,16.33729121203358
62.0,521999221,Währing,Entire rental unit,Entire home/apt,4,9.0,49,1,1.0,1,332,0,6,4.17,48.22485,16.34877
138.0,152433712,Favoriten,Entire serviced apartment,Entire home/apt,2,305.0,29,1,1.0,1,362,0,2,5.0,48.18336,16.37714
110.0,236238303,Rudolfsheim-Fünfhaus,Entire rental unit,Entire home/apt,4,427.0,43,1,1.5,1,248,1,50,4.98,48.19834,16.31719
131.5,533785298,Floridsdorf,Entire rental unit,Entire home/apt,4,494.0,42,1,1.0,2,308,1,15,5.0,48.27767,16.40768
391.0,523549872,Donaustadt,Entire home,Entire home/apt,8,488.0,61,3,2.0,1,355,0,49,4.73,48.2595752,16.4626758
158.35,287064802,Penzing,Entire rental unit,Entire home/apt,5,432.0,44,2,1.5,2,69,1,60,4.78,48.1930140104396,16.31516042268545
137.0,10852706,Mariahilf,Entire condo,Entire home/apt,4,0.0,48,1,1.5,3,21,1,424,4.95,48.19795,16.3553
128.0,743398,Margareten,Entire rental unit,Entire home/apt,2,446.0,26,1,1.0,2,304,0,200,4.84,48.19397,16.35905
137.0,23443905,Penzing,Entire rental unit,Entire home/apt,4,310.0,28,2,1.0,1,184,0,1,5.0,48.2032049,16.2452988
95.0,152433712,Favoriten,Private room in serviced apartment,Private room,2,314.0,35,1,1.0,1,363,0,1,5.0,48.1833952,16.3772321
171.18,693316678,Leopoldstadt,Entire rental unit,Entire home/apt,6,514.0,41,2,1.5,1,237,1,46,4.8,48.21771,16.40283
131.0,123148011,Ottakring,Entire rental unit,Entire home/apt,4,466.0,56,2,1.0,1,201,0,104,4.89,48.21561,16.32099
99.86,521566852,Floridsdorf,Entire rental unit,Entire home/apt,4,232.0,39,1,0.5,1,132,0,21,4.9,48.26697527679676,16.39230663089313
161.0,269780920,Alsergrund,Entire rental unit,Entire home/apt,6,0.0,37,1,1.5,1,334,0,138,4.83,48.22574,16.3636
83.88,293746952,Ottakring,Entire rental unit,Entire home/apt,2,496.0,36,1,1.0,2,268,0,37,4.89,48.20954092144618,16.322099098375677
139.5,722814607,Rudolfsheim-Fünfhaus,Entire rental unit,Entire home/apt,2,327.0,35,1,1.0,1,250,1,33,5.0,48.20211,16.31392
59.0,510070724,Penzing,Private room in rental unit,Private room,2,495.0,30,1,1.0,1,289,0,8,3.88,48.20933,16.21267
175.8,45537975,Floridsdorf,Entire home,Entire home/apt,4,496.0,61,2,1.0,4,307,0,18,5.0,48.28416,16.4219
113.33,383835177,Penzing,Entire rental unit,Entire home/apt,4,376.0,40,1,1.0,3,354,0,7,4.86,48.197575650201074,16.3074746495745
79.0,521999221,Währing,Entire rental unit,Entire home/apt,4,496.0,55,1,1.0,1,291,0,72,4.56,48.22561,16.34696
228.0,732259910,Mariahilf,Entire rental unit,Entire home/apt,7,384.0,42,2,1.5,1,328,0,3,4.33,48.19201369440779,16.344994488177903
123.0,40742403,Hernals,Entire rental unit,Entire home/apt,3,221.0,44,2,1.0,2,168,1,102,4.89,48.223075266878624,16.33180314386638
125.0,106634851,Landstraße,Entire rental unit,Entire home/apt,3,452.0,31,1,1.0,1,303,0,76,4.75,48.20780578753773,16.394785509904455
93.67,560447677,Rudolfsheim-Fünfhaus,Entire rental unit,Entire home/apt,4,258.0,29,1,1.0,1,138,0,57,4.4,48.18698,16.329
300.0,432165658,Favoriten,Entire vacation home,Entire home/apt,4,541.0,66,1,1.5,1,338,0,74,4.89,48.14202,16.40484
118.4,155730990,Liesing,Entire home,Entire home/apt,5,157.0,54,3,1.0,5,109,0,35,4.89,48.14517,16.25829
163.19,227323697,Ottakring,Entire rental unit,Entire home/apt,2,419.0,48,1,1.0,1,354,0,1,5.0,48.21454,16.32451
104.5,700460743,Favoriten,Entire rental unit,Entire home/apt,6,488.0,37,2,1.0,2,156,0,52,4.75,48.1422,16.40575
104.85,47034279,Wieden,Entire rental unit,Entire home/apt,2,362.0,51,1,1.5,1,330,1,458,4.88,48.19853,16.36726
145.0,530816957,Leopoldstadt,Entire rental unit,Entire home/apt,4,351.0,11,1,1.0,1,209,0,37,4.84,48.21774,16.38256
117.0,61772406,Penzing,Entire rental unit,Entire home/apt,3,561.0,53,1,1.0,4,317,0,14,4.79,48.24731,16.21646
69.0,435713931,Währing,Private room in rental unit,Private room,2,65.0,5,1,1.0,1,365,0,1,5.0,48.22298285540064,16.34475169406389
184.0,227232876,Favoriten,Entire rental unit,Entire home/apt,4,432.0,16,2,1.0,1,307,1,3,4.0,48.1769444,16.3568536
108.0,547677118,Alsergrund,Room in hotel,Private room,6,285.0,22,2,1.0,1,307,0,27,4.81,48.21685,16.35987
126.85,287064802,Penzing,Entire rental unit,Entire home/apt,6,435.0,46,2,1.5,2,84,1,61,4.77,48.19306798450881,16.31535938936657
260.67,573958622,Leopoldstadt,Entire rental unit,Entire home/apt,3,434.0,19,1,1.0,3,268,0,7,4.71,48.21572008658095,16.3806352716389
352.5,99975650,Donaustadt,Entire home,Entire home/apt,10,433.0,68,3,1.5,2,274,1,114,4.81,48.24954,16.49288
129.0,453292738,Leopoldstadt,Entire serviced apartment,Entire home/apt,2,491.0,31,1,1.0,1,184,1,10,4.9,48.2196682,16.3829177
104.5,700460743,Favoriten,Entire rental unit,Entire home/apt,6,469.0,34,2,1.0,1,193,0,7,4.43,48.14308,16.40534
126.0,14029358,Währing,Entire rental unit,Entire home/apt,4,428.0,31,2,1.0,1,171,0,22,4.36,48.22176841378848,16.34325025827368
123.33,29491281,Favoriten,Entire rental unit,Entire home/apt,2,417.0,18,1,1.0,3,27,1,25,5.0,48.1781432,16.3777463
207.5,58901903,Währing,Entire rental unit,Entire home/apt,4,427.0,39,1,1.0,2,214,1,85,5.0,48.22901922711687,16.34694165072141
76.08,751961270,Ottakring,Entire rental unit,Entire home/apt,2,364.0,39,1,1.0,1,52,0,1,5.0,48.20903920180344,16.331725010450747
127.0,547677118,Alsergrund,Room in hotel,Private room,4,217.0,22,1,1.0,1,332,0,17,4.71,48.218272137840266,16.35795134208532
171.18,674125553,Meidling,Entire rental unit,Entire home/apt,3,363.0,40,2,1.0,20,365,0,5,5.0,48.178283,16.321627
82.0,82251909,Simmering,Entire rental unit,Entire home/apt,3,243.0,41,1,1.5,3,179,0,75,4.63,48.1584,16.46665
110.5,47034279,Wieden,Entire rental unit,Entire home/apt,2,307.0,46,1,1.5,1,337,1,359,4.9,48.19895,16.36647
280.73,728855373,Wieden,Entire rental unit,Entire home/apt,10,457.0,42,3,1.0,1,91,0,15,4.53,48.191721665986,16.367240815270506
110.68,201370667,Ottakring,Entire rental unit,Entire home/apt,6,486.0,33,2,1.0,3,72,0,44,4.45,48.2084,16.32651
101.0,276045590,Donaustadt,Private room in home,Private room,8,408.0,32,5,2.0,1,269,0,2,3.5,48.2129849,16.5327298
211.5,724215254,Josefstadt,Entire rental unit,Entire home/apt,6,438.0,34,1,1.5,2,47,1,32,4.84,48.20979,16.35372
189.0,227232876,Favoriten,Entire rental unit,Entire home/apt,3,432.0,16,1,1.0,1,302,1,1,5.0,48.1769444,16.3568536
125.67,9180501,Ottakring,Entire rental unit,Entire home/apt,5,499.0,49,2,1.0,6,19,0,10,4.9,48.20843,16.30554
178.5,568676587,Liesing,Entire rental unit,Entire home/apt,6,455.0,22,3,1.0,2,11,0,2,4.5,48.1393131,16.269025
130.35,287064802,Penzing,Entire rental unit,Entire home/apt,4,404.0,47,1,1.5,2,128,1,49,4.82,48.19193,16.31568
149.0,566831684,Penzing,Entire rental unit,Entire home/apt,4,413.0,25,2,1.0,1,332,0,35,4.77,48.19444339208422,16.307954345463216
63.26,252955210,Rudolfsheim-Fünfhaus,Entire rental unit,Entire home/apt,2,271.0,21,1,1.0,2,162,0,145,4.72,48.19795,16.3232
111.5,252167157,Wieden,Entire rental unit,Entire home/apt,2,159.0,33,1,1.0,2,110,1,428,4.82,48.19381,16.36194
146.5,403244815,Liesing,Entire condo,Entire home/apt,5,421.0,53,2,1.0,6,306,1,73,4.85,48.13991,16.26079
72.0,383835177,Hernals,Room in hotel,Private room,3,278.0,30,1,1.0,1,363,0,49,4.53,48.2177295,16.3224577
380.0,725094982,Innere Stadt,Entire rental unit,Entire home/apt,5,327.0,23,2,1.0,1,271,0,3,4.33,48.2058275,16.374443
94.0,700460743,Favoriten,Entire rental unit,Entire home/apt,4,441.0,35,1,1.0,1,177,0,7,4.71,48.14287,16.40486
309.75,69767347,Favoriten,Entire loft,Entire home/apt,6,540.0,43,2,1.0,4,35,1,17,5.0,48.17574,16.37689
115.07,385064248,Landstraße,Entire rental unit,Entire home/apt,2,267.0,28,1,1.0,30,325,0,2,5.0,48.1850794,16.4121081
218.83,1790433,Landstraße,Entire rental unit,Entire home/apt,2,496.0,26,1,1.0,6,348,1,14,5.0,48.19862,16.39363
146.5,27532582,Währing,Entire rental unit,Entire home/apt,6,391.0,40,2,1.0,2,103,0,137,4.8,48.23040565551316,16.349969319999218
122.0,47034279,Wieden,Entire rental unit,Entire home/apt,3,306.0,55,1,1.5,1,323,1,407,4.87,48.20032,16.36783
193.15,516360514,Alsergrund,Entire rental unit,Entire home/apt,6,421.0,51,2,1.5,2,41,1,61,4.8,48.22569544371915,16.351054386717195
95.33,33900000,Landstraße,Entire condo,Entire home/apt,3,236.0,50,1,1.0,3,47,0,9,4.78,48.2007,16.39837
85.59,523864733,Liesing,Entire rental unit,Entire home/apt,3,534.0,43,2,1.5,3,90,1,49,4.98,48.14638828893483,16.2886855319427
150.0,276463606,Donaustadt,Entire rental unit,Entire home/apt,6,188.0,47,3,1.0,1,96,0,36,4.94,48.21107900000001,16.5263554
351.0,684236614,Alsergrund,Entire rental unit,Entire home/apt,6,464.0,41,3,2.0,1,234,1,48,4.79,48.21593254630765,16.36118720209875
161.3,469057286,Alsergrund,Entire rental unit,Entire home/apt,6,517.0,30,2,1.0,1,296,0,13,4.85,48.22123163482844,16.344222155782994
205.5,383835177,Favoriten,Entire home,Entire home/apt,6,322.0,40,3,1.5,2,325,0,12,4.5,48.16038,16.40281
156.0,547677118,Rudolfsheim-Fünfhaus,Entire rental unit,Entire home/apt,6,431.0,36,2,1.0,1,33,0,10,4.4,48.19487,16.32367
375.0,313830783,Favoriten,Entire rental unit,Entire home/apt,4,59.0,29,2,1.0,1,138,0,11,4.36,48.18214191630983,16.37733386490406
122.0,27775775,Donaustadt,Entire rental unit,Entire home/apt,2,463.0,27,1,1.0,1,344,0,16,4.25,48.27981950656992,16.492768634331863
92.0,317599265,Liesing,Entire rental unit,Entire home/apt,3,51.0,35,1,1.0,3,80,1,39,4.92,48.13655,16.31739
271.03,469125518,Leopoldstadt,Entire rental unit,Entire home/apt,4,481.0,69,1,1.0,2,276,1,95,4.99,48.19472065944193,16.41425569216498
85.36,30921124,Leopoldstadt,Entire rental unit,Entire home/apt,2,195.0,21,1,1.0,7,228,1,208,4.89,48.21457,16.38817
64.67,48789781,Favoriten,Entire rental unit,Entire home/apt,4,37.0,33,1,1.0,3,309,0,135,4.56,48.18015,16.36653
65.27,1758781,Favoriten,Entire condo,Entire home/apt,4,460.0,47,1,1.5,4,292,0,391,4.83,48.18107,16.37627
110.5,4331202,Favoriten,Entire rental unit,Entire home/apt,4,385.0,34,1,1.0,2,326,0,23,4.39,48.18169,16.37536
187.0,227323697,Hernals,Entire rental unit,Entire home/apt,3,435.0,51,1,1.0,2,288,0,2,4.5,48.21574,16.32288
50.0,156404033,Landstraße,Entire rental unit,Entire home/apt,5,452.0,33,2,1.0,1,72,0,1,1.0,48.20138292765069,16.39838557240512
100.33,317599265,Liesing,Entire rental unit,Entire home/apt,2,143.0,45,1,1.0,3,65,1,132,4.91,48.13588,16.31944
103.0,1643928,Landstraße,Entire rental unit,Entire home/apt,4,505.0,42,1,1.5,1,331,0,246,4.69,48.203255,16.397097
171.5,332249937,Ottakring,Entire condo,Entire home/apt,4,429.0,46,2,1.0,1,153,1,26,4.96,48.21681617773607,16.316223788121512
136.94,743234084,Landstraße,Entire rental unit,Entire home/apt,6,361.0,37,2,1.0,1,243,1,16,4.75,48.19317,16.40854
114.5,48600111,Ottakring,Entire rental unit,Entire home/apt,3,61.0,25,1,1.0,2,281,0,1,5.0,48.21501,16.31429
104.0,571632714,Penzing,Entire rental unit,Entire home/apt,6,363.0,49,1,1.5,1,145,1,101,4.77,48.19815016561496,16.306332399647665
79.0,249583292,Leopoldstadt,Entire rental unit,Entire home/apt,2,485.0,30,1,1.0,1,360,0,5,4.8,48.2101498642276,16.41531317869733
196.0,75610854,Penzing,Entire condo,Entire home/apt,5,239.0,51,2,1.5,3,182,0,44,4.93,48.2064,16.20982
143.0,27775775,Donaustadt,Entire rental unit,Entire home/apt,2,530.0,26,1,1.0,1,344,0,7,4.86,48.2798,16.49174
116.0,716638225,Floridsdorf,Entire rental unit,Entire home/apt,2,574.0,45,1,1.0,1,355,1,3,4.33,48.26023611514983,16.39782552149281
158.0,27775775,Alsergrund,Entire rental unit,Entire home/apt,3,487.0,34,1,1.0,1,305,0,69,4.83,48.22863821892112,16.35174135869656
265.0,414241532,Innere Stadt,Entire serviced apartment,Entire home/apt,4,466.0,52,1,1.0,2,181,1,220,4.98,48.21053,16.37184
169.0,432981693,Rudolfsheim-Fünfhaus,Room in hotel,Private room,3,520.0,39,1,1.0,1,357,0,2,5.0,48.19882,16.32451
205.5,448364404,Landstraße,Entire rental unit,Entire home/apt,4,529.0,47,1,1.0,1,106,1,159,4.93,48.19363,16.41144
140.5,221336343,Währing,Entire rental unit,Entire home/apt,3,314.0,38,1,1.0,2,169,1,13,4.38,48.22054887609774,16.338588650600606
143.0,27775775,Donaustadt,Entire rental unit,Entire home/apt,2,441.0,25,1,1.0,1,341,0,4,4.0,48.27784,16.49322
220.0,1853977,Donaustadt,Entire rental unit,Entire home/apt,2,317.0,65,1,1.5,1,342,0,2,5.0,48.22606,16.50526
89.5,483564823,Favoriten,Entire rental unit,Entire home/apt,2,162.0,50,1,1.0,2,55,1,32,4.91,48.17422422361979,16.36807296412141
133.0,383835177,Landstraße,Entire rental unit,Entire home/apt,2,369.0,32,1,1.5,2,356,0,11,4.82,48.19960216939972,16.397982193281734
137.0,43700460,Landstraße,Entire rental unit,Entire home/apt,3,396.0,27,1,1.0,3,364,0,3,4.33,48.19373,16.39991
196.0,6851014,Leopoldstadt,Entire rental unit,Entire home/apt,4,417.0,30,1,1.0,3,16,1,90,4.96,48.21772003173828,16.381710052490234
185.5,195596147,Leopoldstadt,Entire rental unit,Entire home/apt,4,498.0,41,1,1.0,1,240,0,1,5.0,48.21051,16.42073
203.0,63044010,Josefstadt,Entire rental unit,Entire home/apt,2,520.0,21,1,1.0,2,131,0,2,5.0,48.21232,16.35405
204.0,547677118,Alsergrund,Room in hotel,Private room,6,283.0,22,2,1.0,1,312,0,9,4.78,48.21811610872121,16.357565262792946
101.0,547677118,Rudolfsheim-Fünfhaus,Entire rental unit,Entire home/apt,4,341.0,36,1,1.0,1,23,0,4,5.0,48.196586404634765,16.32276433756128
120.0,487688016,Alsergrund,Entire rental unit,Entire home/apt,5,479.0,53,1,1.5,2,258,0,66,4.85,48.2303437,16.3536483
208.27,469125518,Landstraße,Entire vacation home,Entire home/apt,4,435.0,68,1,1.0,2,273,1,243,4.99,48.19574,16.41009
88.0,511689935,Alsergrund,Private room in rental unit,Private room,2,345.0,19,1,5.0,1,133,0,5,4.4,48.21869,16.3649
120.0,1853977,Donaustadt,Entire rental unit,Entire home/apt,2,175.0,57,1,1.0,1,347,0,1,4.0,48.2266055,16.5103267
211.0,657257173,Donaustadt,Entire rental unit,Entire home/apt,5,496.0,41,1,1.0,1,164,0,3,4.67,48.2228191829364,16.47962859779704
192.0,733199005,Ottakring,Entire rental unit,Entire home/apt,6,479.0,28,3,1.0,1,351,0,10,4.8,48.20883,16.32309
142.0,533411802,Alsergrund,Entire rental unit,Entire home/apt,3,383.0,18,1,1.5,3,155,1,43,4.93,48.2225395,16.3535896
122.0,733199005,Ottakring,Entire rental unit,Entire home/apt,2,497.0,29,1,1.0,1,325,0,5,5.0,48.20849,16.32515
195.0,713500333,Ottakring,Entire rental unit,Entire home/apt,6,405.0,39,2,1.0,1,254,1,36,4.56,48.20885,16.32294
200.0,8632750,Innere Stadt,Entire rental unit,Entire home/apt,4,443.0,34,1,1.0,1,248,0,21,4.62,48.21254697395477,16.372900502535273
115.0,35014653,Landstraße,Entire rental unit,Entire home/apt,4,506.0,52,1,1.0,1,117,1,700,4.62,48.20981,16.38996
198.5,47034279,Wieden,Entire rental unit,Entire home/apt,3,305.0,59,2,1.5,2,325,1,312,4.87,48.19881,16.36552
99.0,170313089,Donaustadt,Room in hotel,Private room,2,241.0,10,1,1.0,1,360,0,1,4.0,48.25039,16.49948
104.0,665838462,Währing,Entire rental unit,Entire home/apt,3,370.0,31,1,1.0,1,176,0,2,5.0,48.22091,16.34001
156.0,14029358,Alsergrund,Entire rental unit,Entire home/apt,4,236.0,21,1,1.0,1,212,0,8,4.63,48.2215,16.34446
85.0,36184359,Ottakring,Entire rental unit,Entire home/apt,2,508.0,43,1,1.0,1,165,0,208,4.49,48.2126108367244,16.319381790738404
131.33,180896864,Donaustadt,Entire rental unit,Entire home/apt,3,439.0,33,2,1.0,3,145,1,45,4.98,48.25314,16.48787
118.25,371175044,Währing,Entire rental unit,Entire home/apt,4,500.0,24,1,1.0,2,359,0,11,3.91,48.22259,16.3425
75.09,152433712,Favoriten,Private room in serviced apartment,Private room,2,305.0,35,1,1.0,1,363,0,1,5.0,48.1833952,16.3772321
108.0,665536965,Alsergrund,Entire rental unit,Entire home/apt,4,434.0,54,1,1.0,1,327,0,45,4.67,48.229354,16.3602986
154.0,4331202,Favoriten,Entire rental unit,Entire home/apt,4,385.0,35,1,1.0,2,340,0,18,4.67,48.18178,16.37569
75.09,152433712,Favoriten,Entire serviced apartment,Entire home/apt,2,293.0,35,1,1.0,1,363,0,4,4.25,48.1833952,16.3772321
217.0,26720105,Landstraße,Entire rental unit,Entire home/apt,2,59.0,52,1,1.5,3,163,1,29,4.97,48.1944545,16.4113638
158.33,283986502,Favoriten,Entire rental unit,Entire home/apt,4,498.0,18,2,1.0,3,267,0,24,4.75,48.18257,16.37311
75.09,152433712,Favoriten,Private room in serviced apartment,Private room,2,0.0,35,1,1.0,1,363,0,2,5.0,48.1833952,16.3772321
113.14,152433712,Favoriten,Entire serviced apartment,Entire home/apt,2,305.0,29,1,1.0,1,362,0,2,4.5,48.18335,16.37709
93.5,473779995,Favoriten,Entire serviced apartment,Entire home/apt,4,360.0,52,1,1.0,2,352,0,4,5.0,48.1626903,16.3826926
126.0,15935294,Favoriten,Entire rental unit,Entire home/apt,2,93.0,22,1,1.0,1,348,0,39,4.59,48.167356707069466,16.34620415638519
129.0,424253159,Innere Stadt,Entire rental unit,Entire home/apt,4,499.0,38,1,1.0,2,226,0,2,5.0,48.20527,16.37142
88.2,152433712,Favoriten,Private room in serviced apartment,Private room,2,304.0,33,1,1.0,1,364,0,2,4.0,48.1833952,16.3772321
130.5,536660425,Favoriten,Entire home,Entire home/apt,4,393.0,44,1,1.0,2,355,1,23,4.96,48.16859909999999,16.350953
126.0,498533115,Hietzing,Entire home,Entire home/apt,5,180.0,43,2,1.5,1,52,1,70,4.93,48.16263323457068,16.26088391766173
94.0,700460743,Favoriten,Entire rental unit,Entire home/apt,4,479.0,35,1,1.0,1,179,0,3,5.0,48.14327,16.40665
154.5,492522481,Hietzing,Entire rental unit,Entire home/apt,4,464.0,30,1,1.5,2,116,1,23,4.7,48.18813,16.26699
147.21,113189546,Alsergrund,Entire rental unit,Entire home/apt,4,348.0,29,2,1.5,1,311,1,21,4.62,48.22207,16.3466
81.0,547677118,Favoriten,Entire rental unit,Entire home/apt,2,438.0,27,1,1.0,1,363,0,9,4.67,48.15716,16.39003
122.0,27775775,Donaustadt,Entire rental unit,Entire home/apt,2,489.0,33,1,1.0,1,348,0,14,4.36,48.27984,16.49263
139.0,569024287,Favoriten,Entire rental unit,Entire home/apt,4,328.0,49,1,1.0,1,334,0,31,4.74,48.16936911887714,16.347670933023604
240.0,27775775,Donaustadt,Entire rental unit,Entire home/apt,4,495.0,33,2,2.0,1,338,0,1,5.0,48.28003,16.49158
365.25,264518313,Donaustadt,Entire home,Entire home/apt,4,419.0,39,2,1.0,4,203,0,2,5.0,48.23698436526119,16.50977835059166
117.0,754929844,Penzing,Entire home,Entire home/apt,4,426.0,43,1,1.0,1,142,0,3,5.0,48.20838906217579,16.26136607616309
71.75,289098154,Ottakring,Entire condo,Entire home/apt,2,426.0,35,1,1.0,2,37,0,4,4.5,48.20666,16.32891
47.85,184261263,Liesing,Entire rental unit,Entire home/apt,4,441.0,28,1,1.0,7,176,0,13,4.69,48.13557,16.24479
109.0,375520839,Leopoldstadt,Room in aparthotel,Entire home/apt,2,493.0,67,1,1.0,1,356,1,46,4.87,48.21483,16.40535
120.0,511394031,Penzing,Entire rental unit,Entire home/apt,3,449.0,51,1,1.5,2,359,1,49,4.96,48.2012802,16.2564956
124.39,430031376,Penzing,Entire rental unit,Entire home/apt,4,459.0,40,1,1.0,2,86,1,190,4.98,48.20296,16.25849
70.5,8632750,Penzing,Entire rental unit,Entire home/apt,2,291.0,37,1,1.0,4,334,0,9,4.89,48.20398255345564,16.258275920228414
90.0,411627954,Währing,Private room in rental unit,Private room,2,511.0,33,1,1.5,1,362,0,2,5.0,48.22308,16.33979
78.5,27775775,Donaustadt,Entire rental unit,Entire home/apt,2,441.0,25,1,1.0,1,358,0,6,4.83,48.27973,16.49314
100.94,123148011,Ottakring,Entire rental unit,Entire home/apt,4,498.0,56,2,1.0,1,199,0,149,4.88,48.21563752748866,16.318803268118206
103.0,200204459,Ottakring,Entire rental unit,Entire home/apt,3,499.0,51,1,1.0,1,321,1,116,4.82,48.21796,16.31612
107.0,106634851,Landstraße,Entire rental unit,Entire home/apt,4,382.0,35,1,1.0,1,284,0,76,4.75,48.2097,16.3943
126.1,516360514,Floridsdorf,Entire rental unit,Entire home/apt,6,376.0,49,2,1.5,2,123,1,51,4.86,48.26044382861328,16.41726833673726
71.0,547677118,Alsergrund,Room in hotel,Private room,4,237.0,21,1,1.0,1,362,0,41,4.56,48.216230140291415,16.358197805185807
168.0,452841140,Donaustadt,Entire rental unit,Entire home/apt,6,459.0,18,2,1.0,1,342,0,20,4.3,48.21366,16.53468
237.0,682519431,Josefstadt,Entire rental unit,Entire home/apt,4,493.0,44,2,1.0,1,221,1,35,4.77,48.2086,16.35516
100.0,487688016,Alsergrund,Entire vacation home,Entire home/apt,5,479.0,50,1,1.5,1,264,0,33,4.58,48.2303437,16.3536483
80.0,46122889,Penzing,Entire rental unit,Entire home/apt,6,485.0,43,1,1.0,3,56,1,125,4.82,48.20951,16.21008
139.0,19012837,Alsergrund,Entire rental unit,Entire home/apt,3,454.0,31,1,1.0,2,85,0,17,4.29,48.22458508418306,16.355670287937592
180.0,37553167,Ottakring,Entire rental unit,Entire home/apt,2,510.0,28,1,1.0,2,58,1,57,4.88,48.2066,16.33134
136.0,116849625,Favoriten,Entire rental unit,Entire home/apt,4,335.0,32,1,1.0,1,177,0,28,4.75,48.1682202,16.3482141
123.0,1853977,Donaustadt,Entire rental unit,Entire home/apt,2,254.0,62,1,1.0,1,362,0,7,4.86,48.226089,16.505295
91.5,473779995,Favoriten,Entire serviced apartment,Entire home/apt,2,357.0,53,1,1.0,2,304,0,11,4.82,48.1626903,16.3826926
351.0,682519431,Innere Stadt,Entire rental unit,Entire home/apt,6,505.0,41,3,2.0,1,244,1,41,4.83,48.20830000227002,16.356962463419386
89.29,152433712,Favoriten,Entire serviced apartment,Entire home/apt,2,305.0,34,1,1.0,1,363,0,30,4.73,48.18335,16.37709
49.36,96995679,Ottakring,Entire rental unit,Entire home/apt,1,128.0,27,1,1.0,1,96,0,29,4.72,48.209449768066406,16.326608657836914
249.0,15935294,Leopoldstadt,Entire rental unit,Entire home/apt,3,61.0,23,1,1.0,1,341,0,8,4.63,48.21830826004806,16.40320403111751
94.0,487688016,Alsergrund,Entire rental unit,Entire home/apt,4,479.0,50,1,1.0,1,230,0,63,4.78,48.2303437,16.3536483
137.0,746196363,Wieden,Private room in rental unit,Private room,1,416.0,44,1,1.0,1,159,0,4,5.0,48.19516679387375,16.36826095634461
149.22,410534355,Alsergrund,Entire rental unit,Entire home/apt,8,527.0,36,1,1.5,1,226,1,18,4.78,48.23129840128276,16.352267420028372
41.37,721613340,Ottakring,Entire rental unit,Entire home/apt,2,314.0,41,1,1.0,30,267,1,4,5.0,48.21173820526113,16.310959265081785
76.55,152433712,Favoriten,Entire serviced apartment,Entire home/apt,2,304.0,33,1,1.0,29,344,0,4,4.0,48.18334,16.37709
124.0,23443905,Penzing,Entire rental unit,Entire home/apt,4,335.0,22,1,1.0,1,239,0,5,4.6,48.2032049,16.2452988
173.5,541257597,Rudolfsheim-Fünfhaus,Entire rental unit,Entire home/apt,6,160.0,35,2,1.0,2,171,0,30,4.63,48.20054977620181,16.319495249019173
142.0,388009441,Alsergrund,Entire serviced apartment,Entire home/apt,3,318.0,53,2,1.0,1,257,0,14,4.86,48.2320015,16.3612999
96.0,657611902,Liesing,Entire rental unit,Entire home/apt,4,389.0,28,1,1.0,3,321,1,32,4.78,48.1317374,16.2475107
66.86,152433712,Favoriten,Entire serviced apartment,Entire home/apt,2,304.0,34,1,1.0,29,344,0,50,4.74,48.18335,16.37709
218.0,685153008,Alsergrund,Entire rental unit,Entire home/apt,6,427.0,40,2,1.0,1,303,0,21,4.86,48.21564,16.36331
135.67,31634429,Leopoldstadt,Entire loft,Entire home/apt,2,414.0,32,1,1.0,3,235,0,126,4.85,48.21872,16.38375
102.0,222345303,Floridsdorf,Entire rental unit,Entire home/apt,4,159.0,33,1,1.0,1,39,0,20,4.85,48.27840646681726,16.40578276238794
144.0,481490724,Währing,Entire rental unit,Entire home/apt,2,403.0,35,1,1.0,2,322,0,106,4.77,48.22342161485556,16.340585330860353
204.0,540749535,Währing,Entire rental unit,Entire home/apt,4,525.0,54,1,1.5,1,351,1,114,4.93,48.22251641624062,16.340085255819695
67.0,547677118,Alsergrund,Room in hotel,Private room,2,374.0,22,1,1.0,1,364,0,68,4.53,48.2161735449364,16.358489251680954
219.0,383835177,Favoriten,Entire home,Entire home/apt,6,311.0,39,3,1.5,1,306,0,8,4.5,48.15835,16.40236
144.0,96941549,Alsergrund,Entire rental unit,Entire home/apt,5,320.0,17,2,1.0,1,222,0,84,4.55,48.21817,16.36447
152.0,8632750,Alsergrund,Entire rental unit,Entire home/apt,2,426.0,33,1,1.0,1,316,0,34,4.71,48.22793245809342,16.357385979170033
58.63,64601861,Rudolfsheim-Fünfhaus,Entire rental unit,Entire home/apt,2,172.0,43,1,1.0,30,70,1,3,5.0,48.192466182678274,16.331426326983628
47.38,225357118,Rudolfsheim-Fünfhaus,Entire rental unit,Entire home/apt,1,487.0,14,1,1.0,30,107,1,55,4.91,48.19403,16.3305
49.48,28281613,Ottakring,Entire rental unit,Entire home/apt,2,492.0,25,2,1.0,30,105,1,21,4.95,48.21109,16.32932
180.0,473779995,Favoriten,Entire serviced apartment,Entire home/apt,7,371.0,52,3,1.5,2,284,0,7,4.57,48.1626903,16.3826926
121.0,733199005,Ottakring,Entire rental unit,Entire home/apt,2,497.0,28,1,1.0,1,344,0,4,5.0,48.206937026453886,16.3230929443484
78.5,27775775,Donaustadt,Entire rental unit,Entire home/apt,2,452.0,27,1,1.0,1,347,0,6,4.67,48.27970517475727,16.492019911634934
130.0,116849625,Favoriten,Entire rental unit,Entire home/apt,4,335.0,34,1,1.0,1,158,0,30,4.9,48.1682202,16.3482141
118.25,52422217,Simmering,Entire rental unit,Entire home/apt,6,474.0,51,2,2.0,4,270,1,40,4.95,48.1618,16.47916
210.4,659785648,Innere Stadt,Entire rental unit,Entire home/apt,3,537.0,44,1,1.0,2,156,0,7,4.86,48.2031929,16.3721577
72.0,383835177,Hernals,Room in hotel,Private room,2,273.0,31,1,1.0,1,361,0,47,4.34,48.2177295,16.3224577
104.0,4331202,Favoriten,Entire rental unit,Entire home/apt,4,385.0,36,1,1.0,2,332,0,14,4.5,48.18081,16.3773
54.26,230062212,Favoriten,Entire rental unit,Entire home/apt,4,325.0,39,1,1.0,25,301,0,4,4.25,48.1781432,16.3777463
306.0,503019853,Alsergrund,Entire rental unit,Entire home/apt,6,428.0,46,3,1.0,1,300,0,116,4.72,48.21776957608959,16.363261532783422
48.95,475093215,Favoriten,Entire rental unit,Entire home/apt,2,521.0,26,1,1.0,1,59,0,2,4.5,48.17086,16.37664
448.0,161306287,Innere Stadt,Entire rental unit,Entire home/apt,4,223.0,36,2,1.0,1,325,0,83,4.72,48.2058811,16.3680421
188.5,679326019,Leopoldstadt,Entire rental unit,Entire home/apt,4,87.0,46,1,1.0,2,214,0,99,4.82,48.2184708,16.4064814
172.0,666384906,Wieden,Entire rental unit,Entire home/apt,3,554.0,19,1,1.0,1,83,0,7,5.0,48.19862753690069,16.36949576492933
150.57,385064248,Donaustadt,Entire rental unit,Entire home/apt,6,306.0,30,3,2.5,30,268,0,1,3.0,48.2253653,16.5063879
177.0,725168913,Hernals,Entire rental unit,Entire home/apt,2,385.0,36,1,1.0,1,354,0,6,4.17,48.221,16.33417
228.5,40742403,Döbling,Entire home,Entire home/apt,4,182.0,54,2,1.0,2,237,1,28,4.96,48.2502966,16.3274332
91.3,689417785,Rudolfsheim-Fünfhaus,Entire rental unit,Entire home/apt,2,353.0,8,1,1.0,1,176,0,9,4.89,48.1976192,16.3144092
169.0,483250137,Hernals,Entire rental unit,Entire home/apt,3,432.0,52,1,1.0,1,241,0,2,3.5,48.22212343147742,16.3364799282564
148.0,709530191,Rudolfsheim-Fünfhaus,Entire rental unit,Entire home/apt,4,340.0,44,1,1.0,1,226,1,40,4.95,48.20265,16.31409
68.35,367771032,Rudolfsheim-Fünfhaus,Entire rental unit,Entire home/apt,2,571.0,59,1,1.5,28,291,0,35,4.89,48.18961035800794,16.324755620260245
94.5,383835177,Landstraße,Entire rental unit,Entire home/apt,2,384.0,32,1,1.0,2,256,0,1,5.0,48.19796329372872,16.3976848099997
34.86,96995679,Ottakring,Entire rental unit,Entire home/apt,1,62.0,32,1,1.0,14,148,0,25,4.52,48.20939636230469,16.32654571533203
92.85,287064802,Penzing,Entire rental unit,Entire home/apt,6,409.0,44,1,1.5,2,125,1,39,4.72,48.19345905367536,16.31561825545469
151.8,189236894,Liesing,Entire rental unit,Entire home/apt,4,514.0,39,2,1.0,2,130,0,10,4.9,48.12631,16.31903
176.2,167321042,Favoriten,Entire home,Entire home/apt,5,459.0,59,3,1.0,1,301,0,101,4.88,48.13367,16.41608
68.0,682285627,Landstraße,Entire rental unit,Entire home/apt,4,503.0,30,1,1.0,1,343,0,36,4.33,48.19354613569334,16.38992659901489
116.94,109644219,Mariahilf,Entire rental unit,Entire home/apt,4,0.0,60,1,1.5,26,337,0,60,4.88,48.19525,16.35146
73.25,22514180,Landstraße,Entire rental unit,Entire home/apt,2,461.0,29,1,1.5,1,48,1,73,4.85,48.20336985828022,16.391641949799272
72.0,383835177,Hernals,Room in hotel,Private room,2,307.0,24,1,1.0,1,365,0,13,4.38,48.2177295,16.3224577
90.0,473779995,Währing,Entire serviced apartment,Entire home/apt,2,363.0,53,1,1.0,2,330,0,196,4.79,48.2199,16.34084
36.95,5683337,Ottakring,Entire rental unit,Entire home/apt,1,330.0,14,1,1.0,21,195,1,15,4.8,48.20753,16.33225
27.15,61133497,Ottakring,Private room in rental unit,Private room,2,458.0,40,1,1.0,1,171,1,31,4.94,48.21235,16.33078
119.0,169940573,Leopoldstadt,Entire rental unit,Entire home/apt,4,505.0,47,2,1.0,1,156,0,95,4.46,48.21943514583232,16.400156132876873
248.0,188837732,Döbling,Entire loft,Entire home/apt,4,519.0,56,1,1.5,2,312,1,47,4.98,48.25505,16.33999
86.0,665536965,Alsergrund,Entire rental unit,Entire home/apt,4,434.0,54,1,1.0,1,332,0,19,4.47,48.23005789718334,16.359496090931394
113.59,287064802,Penzing,Entire rental unit,Entire home/apt,6,433.0,44,2,1.5,2,115,1,47,4.68,48.19174,16.31523
270.0,684236614,Alsergrund,Entire rental unit,Entire home/apt,4,483.0,39,2,2.0,1,270,1,26,4.81,48.21786,16.36153
99.0,487688016,Alsergrund,Entire rental unit,Entire home/apt,4,480.0,50,1,1.0,1,243,0,78,4.83,48.2303437,16.3536483
119.0,569024287,Favoriten,Entire rental unit,Entire home/apt,4,426.0,50,1,1.0,1,348,0,26,4.88,48.1682202,16.3482141
118.0,308688308,Ottakring,Entire rental unit,Entire home/apt,4,508.0,28,1,1.0,1,315,0,31,4.71,48.20666056718997,16.33188895491641
103.5,473779995,Favoriten,Entire serviced apartment,Entire home/apt,4,359.0,50,1,1.0,2,271,0,5,4.8,48.1626903,16.3826926
67.0,1680355426411254402,Simmering,Entire rental unit,Entire home/apt,3,516.0,33,1,1.0,1,333,0,6,4.5,48.17337,16.41854
82.74,83109185,Favoriten,Entire rental unit,Entire home/apt,4,383.0,30,1,1.0,2,185,0,33,4.82,48.17522,16.37739
69.0,330433061,Simmering,Private room in rental unit,Private room,1,464.0,43,1,1.0,1,348,0,104,4.87,48.16626,16.42121
207.0,177680214,Hernals,Entire rental unit,Entire home/apt,5,70.0,17,1,1.0,1,110,0,1,5.0,48.21925,16.32609
326.67,580505666,Favoriten,Entire home,Entire home/apt,6,84.0,28,3,3.0,3,253,1,33,4.97,48.15323242792199,16.406090136194546
75.5,77480001,Rudolfsheim-Fünfhaus,Entire rental unit,Entire home/apt,2,418.0,25,1,1.0,2,325,0,10,4.6,48.19609,16.3159
157.2,661593682,Ottakring,Entire rental unit,Entire home/apt,4,155.0,40,2,1.5,2,33,1,25,4.88,48.20927870000001,16.3241973
112.0,213316896,Floridsdorf,Entire condo,Entire home/apt,2,462.0,59,1,1.0,3,46,1,180,4.99,48.27399215585477,16.376232840120792
131.81,34266225,Favoriten,Entire rental unit,Entire home/apt,4,512.0,47,1,1.0,2,251,1,117,4.74,48.1841836,16.3751703
39.28,476964404,Meidling,Entire condo,Entire home/apt,2,406.0,42,1,1.0,30,144,1,83,4.82,48.17097,16.32837
125.0,8632750,Ottakring,Entire serviced apartment,Entire home/apt,2,417.0,29,1,1.0,1,320,0,14,4.36,48.21532,16.31493
183.0,15935294,Favoriten,Entire rental unit,Entire home/apt,4,93.0,22,1,1.0,1,348,0,2,4.5,48.16799701307595,16.344306106227513
72.97,27775775,Penzing,Entire rental unit,Entire home/apt,4,541.0,35,1,1.0,1,344,0,8,5.0,48.19807,16.31343
105.0,393655464,Döbling,Private room in serviced apartment,Private room,2,343.0,32,1,1.0,1,364,0,2,4.0,48.2490104,16.3677339
90.0,540236834,Liesing,Entire rental unit,Entire home/apt,2,484.0,35,1,1.0,1,267,0,2,5.0,48.13754,16.3184
153.49,459660164,Penzing,Entire rental unit,Entire home/apt,5,225.0,51,2,1.0,2,303,1,234,4.99,48.199238,16.316881
141.0,566831684,Penzing,Entire rental unit,Entire home/apt,5,522.0,23,2,1.0,1,334,0,13,4.38,48.19426374619199,16.305859752994017
469.0,424267568,Donaustadt,Entire rental unit,Entire home/apt,6,408.0,52,2,1.5,1,275,0,20,4.9,48.2342,16.42294
51.99,4361476,Rudolfsheim-Fünfhaus,Entire rental unit,Entire home/apt,2,495.0,33,1,1.5,4,189,1,23,4.91,48.19744,16.32878
171.18,674125553,Meidling,Entire rental unit,Entire home/apt,3,417.0,40,2,1.0,20,365,0,2,5.0,48.178283,16.321627
50.83,41683434,Meidling,Entire rental unit,Entire home/apt,2,319.0,29,1,1.0,31,316,1,113,4.85,48.18481,16.34358
209.24,569024287,Simmering,Entire rental unit,Entire home/apt,6,532.0,50,2,1.5,1,313,0,20,4.8,48.17001,16.42256
190.0,7084729,Simmering,Entire serviced apartment,Entire home/apt,6,350.0,42,3,1.0,1,289,0,21,4.76,48.1791109,16.41081
91.5,96270306,Penzing,Entire rental unit,Entire home/apt,2,291.0,29,1,1.0,2,73,0,16,4.81,48.19232919626226,16.307735529712502
356.75,464896674,Alsergrund,Entire condo,Entire home/apt,6,397.0,3,2,1.0,4,179,0,2,5.0,48.22656,16.36456
126.0,5957294,Floridsdorf,Entire condo,Entire home/apt,4,236.0,22,1,1.5,4,316,1,11,5.0,48.25657,16.41297
112.0,383835177,Döbling,Entire rental unit,Entire home/apt,4,434.0,38,1,1.5,2,336,0,18,4.61,48.25552,16.34239
70.67,110132030,Donaustadt,Private room in townhouse,Private room,1,10.0,43,2,1.5,3,240,0,96,4.88,48.24226,16.47272
137.0,432165658,Floridsdorf,Entire rental unit,Entire home/apt,4,519.0,32,1,1.0,1,344,0,17,4.94,48.25943,16.4033
93.5,287064802,Floridsdorf,Entire rental unit,Entire home/apt,4,473.0,56,2,1.5,2,100,1,25,5.0,48.26794,16.40451
200.5,700674779,Rudolfsheim-Fünfhaus,Entire rental unit,Entire home/apt,6,437.0,51,2,1.5,2,24,1,69,4.94,48.198547,16.3283147
97.0,156404033,Landstraße,Entire rental unit,Entire home/apt,6,499.0,35,2,1.0,1,364,0,28,4.36,48.194716144791336,16.387636010720225
119.0,326766038,Brigittenau,Entire rental unit,Entire home/apt,4,418.0,27,1,1.0,3,217,0,40,4.73,48.226682598153936,16.3678164156379
100.0,180631051,Favoriten,Entire rental unit,Entire home/apt,2,496.0,30,1,1.0,2,87,0,125,4.5,48.18204,16.36998
146.29,529089472,Donaustadt,Entire rental unit,Entire home/apt,4,473.0,45,1,1.0,3,171,0,7,5.0,48.24406011141886,16.437887628259535
139.0,530634352,Landstraße,Entire rental unit,Entire home/apt,2,471.0,34,1,1.0,1,325,0,43,4.84,48.19442,16.3856
202.0,102927900,Landstraße,Entire rental unit,Entire home/apt,4,87.0,34,1,1.0,1,176,1,173,4.92,48.2014252935,16.3832538
279.67,517151297,Donaustadt,Entire rental unit,Entire home/apt,8,483.0,45,3,1.0,3,18,1,27,4.93,48.25393704790475,16.456927138508792
294.0,224513409,Landstraße,Entire loft,Entire home/apt,8,415.0,73,3,1.5,1,287,1,297,4.93,48.21163,16.39086
282.7,367491211,Josefstadt,Entire rental unit,Entire home/apt,8,498.0,51,2,2.0,2,255,1,76,4.88,48.207584152412345,16.348724840376313
59.0,222345303,Meidling,Room in hotel,Private room,3,336.0,6,1,1.0,1,342,0,46,4.72,48.18284186368968,16.332786380314765
74.0,547677118,Margareten,Entire rental unit,Entire home/apt,2,642.0,28,1,1.0,1,268,0,134,4.47,48.18401,16.35352
117.8,556437691,Floridsdorf,Entire rental unit,Entire home/apt,2,542.0,48,1,1.5,2,361,1,6,5.0,48.25735,16.39085
436.0,224513409,Landstraße,Entire rental unit,Entire home/apt,8,435.0,70,4,2.0,1,269,1,51,4.98,48.21276,16.39096
54.0,662948152,Meidling,Entire rental unit,Entire home/apt,3,363.0,32,1,1.0,1,327,0,96,4.36,48.18046305680538,16.337108865437788
107.0,14391403,Alsergrund,Entire rental unit,Entire home/apt,2,0.0,47,1,1.0,2,258,0,164,4.88,48.21917,16.34329
244.5,278892619,Leopoldstadt,Entire rental unit,Entire home/apt,3,482.0,43,1,1.0,1,282,1,19,4.95,48.21236,16.38155
334.0,530403818,Landstraße,Entire rental unit,Entire home/apt,6,273.0,50,2,1.5,1,124,1,103,4.78,48.20554,16.39061
219.0,227232876,Floridsdorf,Entire home,Entire home/apt,5,400.0,26,3,1.5,1,277,1,15,4.6,48.25347,16.41286
339.5,427026918,Leopoldstadt,Entire rental unit,Entire home/apt,6,430.0,32,2,2.0,2,293,0,85,4.67,48.22033837749498,16.377652169993524
201.0,515940133,Leopoldstadt,Entire rental unit,Entire home/apt,5,462.0,48,1,1.0,2,17,0,30,4.8,48.221167213242936,16.37529902475678
125.5,383835177,Döbling,Entire rental unit,Entire home/apt,4,446.0,35,1,1.0,1,322,0,14,4.79,48.25721,16.34012
157.77,123148011,Favoriten,Entire rental unit,Entire home/apt,4,422.0,52,1,1.0,1,117,0,10,5.0,48.17962,16.37698
122.5,688419602,Donaustadt,Entire condo,Entire home/apt,4,488.0,55,1,1.5,2,326,1,28,4.96,48.23056002386322,16.414092632394308
130.0,336487250,Landstraße,Entire condo,Entire home/apt,4,490.0,57,1,1.0,1,15,1,177,4.95,48.1944545,16.4113638
145.0,432165658,Alsergrund,Entire rental unit,Entire home/apt,4,397.0,37,1,1.0,1,343,0,32,4.81,48.22556,16.35628
107.0,528363554,Rudolfsheim-Fünfhaus,Entire rental unit,Entire home/apt,4,492.0,39,1,1.0,6,264,1,23,4.91,48.18416092701785,16.327914507934587
106.0,222345303,Meidling,Room in hotel,Private room,6,329.0,18,2,1.0,1,329,0,55,4.75,48.18063538510852,16.3324723977054
167.0,686130568,Leopoldstadt,Entire rental unit,Entire home/apt,4,482.0,32,1,1.0,1,121,0,81,4.75,48.22053,16.37278
96.0,235195974,Meidling,Entire rental unit,Entire home/apt,3,462.0,24,1,1.0,1,181,1,318,4.88,48.18370847890763,16.341961361158784
106.5,383835177,Döbling,Entire rental unit,Entire home/apt,4,481.0,36,1,1.5,2,317,0,12,4.67,48.25792,16.33864
85.5,473779995,Favoriten,Entire serviced apartment,Entire home/apt,4,361.0,52,1,1.0,2,335,0,3,5.0,48.1626903,16.3826926
494.33,498531228,Donaustadt,Entire home,Entire home/apt,4,74.0,57,2,1.0,3,176,0,10,4.9,48.2256537,16.4418027
274.5,24420353,Landstraße,Entire rental unit,Entire home/apt,8,496.0,47,2,2.5,1,353,1,91,5.0,48.20487552217584,16.390929365303425
184.0,255956124,Leopoldstadt,Entire rental unit,Entire home/apt,2,427.0,35,1,1.0,2,185,1,115,4.91,48.2222,16.3704
109.0,249583292,Leopoldstadt,Entire rental unit,Entire home/apt,2,417.0,25,1,1.0,1,353,0,21,4.57,48.22026,16.3761
55.0,222345303,Meidling,Room in hotel,Private room,2,327.0,20,1,1.0,1,365,0,86,4.71,48.18277034371079,16.331548075408072
229.67,559988321,Brigittenau,Entire serviced apartment,Entire home/apt,5,291.0,32,1,1.0,1,140,0,150,4.8,48.22686,16.36932
103.0,389389007,Alsergrund,Entire condo,Entire home/apt,3,385.0,5,1,1.0,2,345,0,2,5.0,48.23117,16.35506
127.0,720292812,Leopoldstadt,Entire serviced apartment,Entire home/apt,2,220.0,38,1,1.0,1,326,0,157,4.68,48.22841,16.38832
248.5,491156821,Hietzing,Entire rental unit,Entire home/apt,4,232.0,55,2,1.5,2,143,0,35,5.0,48.17627419557883,16.284809466299826
322.0,222345303,Meidling,Entire rental unit,Entire home/apt,12,508.0,22,5,2.5,1,333,0,14,4.64,48.18007,16.33396
51.87,120041432,Leopoldstadt,Entire rental unit,Entire home/apt,4,425.0,28,2,1.0,5,146,1,30,4.9,48.21953104950076,16.39686151192578
165.0,720292812,Alsergrund,Entire serviced apartment,Entire home/apt,5,280.0,39,2,1.5,1,271,0,135,4.9,48.22632849126064,16.354080518215177
140.0,503019853,Landstraße,Entire rental unit,Entire home/apt,4,437.0,44,2,1.0,1,287,0,180,4.85,48.20918,16.38669
120.5,383835177,Döbling,Entire rental unit,Entire home/apt,4,448.0,38,1,1.0,2,357,0,15,4.67,48.25531,16.34241
180.31,140573307,Landstraße,Entire rental unit,Entire home/apt,5,509.0,32,1,1.0,2,327,0,179,4.63,48.20463,16.38558
160.0,206196525,Leopoldstadt,Entire rental unit,Entire home/apt,2,491.0,39,1,1.0,2,68,1,179,4.9,48.22611243326467,16.370506722602755
102.0,156404033,Landstraße,Entire rental unit,Entire home/apt,6,483.0,36,2,1.0,1,326,0,32,4.56,48.19345,16.38952
55.0,681853741,Landstraße,Entire rental unit,Entire home/apt,3,509.0,33,1,1.0,1,346,0,60,4.4,48.19312,16.38813
190.2,569024287,Simmering,Entire rental unit,Entire home/apt,6,532.0,44,2,1.5,1,346,0,29,4.72,48.16939,16.42207
140.0,727788236,Landstraße,Entire rental unit,Entire home/apt,2,385.0,13,1,1.0,3,332,1,12,5.0,48.203265680096685,16.38646385853714
118.68,513617345,Landstraße,Entire rental unit,Entire home/apt,4,122.0,37,1,1.5,1,222,0,143,4.73,48.20023186615144,16.38935825225334
59.0,222345303,Meidling,Room in hotel,Private room,4,352.0,20,1,1.0,1,365,0,283,4.72,48.18221,16.33141
135.5,740964000,Josefstadt,Entire rental unit,Entire home/apt,2,444.0,21,1,1.0,1,357,0,6,4.67,48.214,16.34409
139.0,474169875,Favoriten,Entire rental unit,Entire home/apt,8,487.0,40,1,1.5,1,334,0,48,4.63,48.1819054862981,16.370402377796232
167.0,712590738,Leopoldstadt,Entire rental unit,Entire home/apt,4,422.0,35,1,1.0,3,11,1,21,4.95,48.2193781,16.3981302
188.0,27775775,Leopoldstadt,Entire rental unit,Entire home/apt,4,550.0,37,1,1.0,1,287,0,222,4.72,48.22987,16.38768
115.68,710752525,Josefstadt,Entire rental unit,Entire home/apt,4,494.0,36,1,1.0,2,199,1,4,4.75,48.21141176290583,16.348701305687428
174.99,657257173,Donaustadt,Entire rental unit,Entire home/apt,6,488.0,32,1,1.0,1,168,0,22,4.36,48.23069,16.44677
197.33,551661125,Landstraße,Entire rental unit,Entire home/apt,4,517.0,26,1,1.0,3,216,0,26,4.81,48.20244,16.3837721
480.0,61486927,Landstraße,Entire rental unit,Entire home/apt,6,477.0,39,3,3.0,1,311,1,251,4.92,48.207309348326326,16.393558904528618
194.0,513810009,Floridsdorf,Entire loft,Entire home/apt,3,559.0,54,2,1.5,3,202,1,56,5.0,48.25488204024146,16.40911294097055
247.0,27775775,Döbling,Entire rental unit,Entire home/apt,4,398.0,43,2,1.0,1,153,0,25,4.76,48.257016357040285,16.364171057098453
148.0,547677118,Währing,Entire rental unit,Entire home/apt,6,378.0,29,2,1.0,1,334,0,7,4.43,48.21945989187995,16.340492331878135
151.5,280290860,Meidling,Entire rental unit,Entire home/apt,5,495.0,36,2,1.5,1,94,1,173,4.8,48.1824858,16.3338293
59.88,9118606,Leopoldstadt,Entire rental unit,Entire home/apt,3,350.0,37,2,1.0,30,252,1,2,5.0,48.22153,16.40335
50.33,9118606,Leopoldstadt,Entire rental unit,Entire home/apt,3,272.0,35,2,1.0,30,297,1,1,5.0,48.22294,16.40343
65.97,9118606,Leopoldstadt,Entire rental unit,Entire home/apt,4,309.0,36,2,1.5,30,260,1,2,5.0,48.22313,16.40157
122.7,686226707,Landstraße,Entire rental unit,Entire home/apt,2,462.0,39,1,1.0,1,276,0,62,4.87,48.19405,16.38491
190.0,516181292,Landstraße,Entire rental unit,Entire home/apt,4,357.0,36,2,1.0,1,17,1,3,4.67,48.20004,16.3799
120.0,571970374,Ottakring,Entire rental unit,Entire home/apt,6,504.0,43,1,1.0,1,336,0,28,4.54,48.2101863,16.3385132
64.64,510641381,Simmering,Entire rental unit,Entire home/apt,4,527.0,44,1,1.5,7,41,1,119,4.9,48.17242279397847,16.41505614237828
91.8,87484808,Leopoldstadt,Entire rental unit,Entire home/apt,4,344.0,49,1,1.0,3,90,0,2,5.0,48.22015835868656,16.412445681390633
60.0,681853741,Landstraße,Entire rental unit,Entire home/apt,4,469.0,27,1,1.0,1,352,0,56,4.55,48.19452,16.38978
149.0,686226707,Landstraße,Entire rental unit,Entire home/apt,4,441.0,21,1,1.0,1,319,0,32,4.84,48.19436,16.38548
173.0,227323697,Hernals,Entire rental unit,Entire home/apt,2,420.0,46,1,1.0,1,355,0,6,4.67,48.2158,16.32473
102.0,429229028,Leopoldstadt,Entire rental unit,Entire home/apt,4,499.0,41,1,1.0,1,325,0,75,4.75,48.23023,16.38862
94.0,400433190,Floridsdorf,Entire serviced apartment,Entire home/apt,3,19.0,24,1,1.0,3,89,0,24,4.29,48.2717,16.41823
88.0,383835177,Döbling,Entire rental unit,Entire home/apt,2,452.0,39,1,1.0,2,359,0,34,4.65,48.25542,16.34049
114.5,704614493,Floridsdorf,Entire rental unit,Entire home/apt,3,501.0,37,1,1.0,2,37,1,15,4.93,48.2556,16.38581
120.17,406029487,Penzing,Entire rental unit,Entire home/apt,4,9.0,40,1,1.0,2,365,0,2,5.0,48.19947,16.31307
319.0,565564474,Josefstadt,Entire rental unit,Entire home/apt,7,454.0,35,2,1.5,1,35,1,37,4.89,48.20970457487926,16.353761292994022
165.5,457987473,Josefstadt,Entire rental unit,Entire home/apt,2,524.0,19,1,1.0,2,144,0,49,4.9,48.21231,16.35357
167.0,165218032,Meidling,Entire condo,Entire home/apt,4,432.0,46,2,1.5,1,126,0,84,4.74,48.18096818135828,16.33703402185942
251.33,9158703,Landstraße,Entire rental unit,Entire home/apt,5,484.0,33,2,2.5,1,36,1,64,4.95,48.20787,16.3959
156.0,7490377,Alsergrund,Entire rental unit,Entire home/apt,2,214.0,41,1,2.0,3,328,0,58,4.73,48.22493,16.35047
100.5,87484808,Brigittenau,Entire rental unit,Entire home/apt,4,489.0,29,1,1.0,1,264,0,11,4.27,48.23184567324783,16.387037029476907
127.67,517209596,Meidling,Entire rental unit,Entire home/apt,4,346.0,42,1,1.0,3,103,1,45,4.96,48.182573306425546,16.34514834498047
100.8,743234084,Landstraße,Entire rental unit,Entire home/apt,4,438.0,41,1,1.0,1,233,1,16,4.31,48.20756,16.38952
118.68,502561426,Alsergrund,Entire rental unit,Entire home/apt,4,513.0,19,1,1.0,2,16,0,1,5.0,48.22867,16.35572
226.0,9158703,Landstraße,Entire rental unit,Entire home/apt,4,367.0,35,2,1.5,2,20,1,84,4.96,48.20821,16.39449
107.0,503019853,Landstraße,Entire rental unit,Entire home/apt,2,413.0,36,1,1.0,1,293,0,10,4.7,48.2112,16.38772
140.5,213877224,Hernals,Entire rental unit,Entire home/apt,4,446.0,31,2,1.0,2,122,1,73,4.73,48.21660614013672,16.33045768737793
144.0,682285627,Landstraße,Entire rental unit,Entire home/apt,5,446.0,31,2,1.0,1,352,0,27,4.81,48.19515571743271,16.38971551885247
166.67,100351711,Neubau,Tiny home,Entire home/apt,3,253.0,44,2,1.0,1,292,1,124,4.96,48.20406,16.34999
221.39,433247790,Wieden,Entire rental unit,Entire home/apt,4,413.0,48,1,1.5,1,270,1,2,5.0,48.18833747871889,16.37282557631802
205.0,682285627,Landstraße,Entire rental unit,Entire home/apt,12,496.0,34,3,3.0,1,166,0,2,4.0,48.19333,16.38807
104.0,559988321,Wieden,Entire serviced apartment,Entire home/apt,2,389.0,31,1,1.0,1,139,0,94,4.79,48.19216,16.37548
158.0,27775775,Margareten,Entire condo,Entire home/apt,4,509.0,30,1,1.5,1,296,0,149,4.41,48.18875,16.35352
50.0,511689935,Meidling,Private room in hostel,Private room,1,424.0,28,1,4.0,1,145,0,1,1.0,48.18187,16.3320194
310.0,426015944,Margareten,Entire rental unit,Entire home/apt,6,265.0,47,3,1.5,1,89,1,28,4.82,48.18434,16.3534
67.0,391685367,Margareten,Entire rental unit,Entire home/apt,8,491.0,32,1,1.0,1,131,0,122,4.48,48.18624308211715,16.365195504982797
390.0,100351711,Neubau,Tiny home,Entire home/apt,6,430.0,46,3,3.5,1,185,1,163,4.91,48.2031218,16.349156
361.0,408330856,Neubau,Entire rental unit,Entire home/apt,3,121.0,9,1,1.0,4,48,0,7,5.0,48.20556,16.35243
93.0,517345385,Meidling,Entire rental unit,Entire home/apt,2,391.0,14,1,1.0,1,363,0,51,4.49,48.17842,16.33357
390.0,718253303,Innere Stadt,Entire rental unit,Entire home/apt,4,59.0,31,2,1.0,1,325,1,6,4.83,48.20588,16.36804
116.4,15629634,Leopoldstadt,Entire rental unit,Entire home/apt,4,464.0,34,1,1.0,1,122,1,109,4.9,48.21635199005871,16.374567623614897
170.5,496527066,Margareten,Entire rental unit,Entire home/apt,2,488.0,35,1,1.0,1,97,0,9,5.0,48.18881318473394,16.35836814218282
115.26,1643928,Landstraße,Entire rental unit,Entire home/apt,4,286.0,41,2,1.0,1,228,0,417,4.6,48.20181,16.37979
176.5,423149465,Mariahilf,Entire condo,Entire home/apt,2,420.0,46,1,1.0,2,52,1,178,4.96,48.19487,16.35383
154.06,677642802,Margareten,Entire rental unit,Entire home/apt,4,469.0,32,2,1.0,2,327,1,48,4.88,48.18819,16.36388
102.71,175202983,Meidling,Entire rental unit,Entire home/apt,3,510.0,41,1,1.5,2,241,1,68,4.88,48.17939,16.32833
267.0,50945012,Margareten,Entire rental unit,Entire home/apt,8,338.0,41,3,2.5,1,233,0,192,4.45,48.1916,16.35451
112.33,338992755,Brigittenau,Entire rental unit,Entire home/apt,5,490.0,36,1,1.0,3,137,0,30,4.47,48.23292,16.38422
157.0,4331202,Meidling,Entire rental unit,Entire home/apt,5,335.0,24,2,1.0,1,360,0,18,4.67,48.18422881930076,16.334171792249652
147.4,24816094,Margareten,Entire rental unit,Entire home/apt,4,437.0,34,1,1.0,1,202,1,33,4.97,48.19057621123002,16.356130083925223
118.0,748968796,Landstraße,Entire rental unit,Entire home/apt,3,450.0,27,2,1.0,1,219,0,11,4.45,48.20773704033324,16.39084719241706
234.0,660882772,Meidling,Entire rental unit,Entire home/apt,8,155.0,45,3,1.0,1,248,0,17,4.76,48.18049580155539,16.333947524110997
144.75,252683008,Landstraße,Entire rental unit,Entire home/apt,2,402.0,31,1,1.0,4,154,0,13,5.0,48.210132089439306,16.392577234918217
96.0,745194895,Meidling,Entire rental unit,Entire home/apt,2,301.0,42,1,1.0,1,346,0,2,4.0,48.1786977,16.3309079
297.0,531202133,Innere Stadt,Entire rental unit,Entire home/apt,8,520.0,31,3,1.0,2,49,0,35,4.89,48.20552711760735,16.376094453994398
115.0,278892619,Meidling,Entire rental unit,Entire home/apt,4,500.0,37,1,2.0,1,287,1,22,4.68,48.1823025,16.3430198
164.0,249583292,Meidling,Entire rental unit,Entire home/apt,4,385.0,32,1,1.0,1,7,0,13,4.77,48.18092331529611,16.337044191045656
163.19,227323697,Ottakring,Entire rental unit,Entire home/apt,2,283.0,46,1,1.0,1,349,0,1,5.0,48.21515,16.32466
148.5,4331202,Meidling,Entire rental unit,Entire home/apt,5,335.0,24,2,1.0,2,328,0,3,3.67,48.18209231346557,16.33548257595584
171.0,485171868,Leopoldstadt,Entire rental unit,Entire home/apt,2,477.0,36,1,1.0,1,221,1,117,4.81,48.218246,16.3781963
76.67,481490724,Meidling,Entire rental unit,Entire home/apt,2,429.0,37,1,1.0,1,343,0,96,4.68,48.18291,16.34441
106.5,129960877,Leopoldstadt,Entire rental unit,Entire home/apt,4,489.0,36,1,1.0,2,298,0,99,4.77,48.22553,16.38279
45.83,27775775,Margareten,Entire rental unit,Entire home/apt,3,420.0,30,1,1.0,1,305,0,35,4.46,48.18369,16.36523
45.54,156404033,Landstraße,Entire rental unit,Entire home/apt,3,532.0,32,1,1.0,30,148,0,1,5.0,48.20206,16.4
166.0,542584834,Brigittenau,Entire rental unit,Entire home/apt,4,387.0,43,2,1.0,1,229,0,13,4.23,48.23099637353528,16.37495341735432
51.33,49817195,Margareten,Entire rental unit,Entire home/apt,2,512.0,38,1,1.0,8,266,1,11,5.0,48.1840880142634,16.351985544493814
195.0,511677839,Neubau,Entire rental unit,Entire home/apt,4,438.0,36,1,1.0,1,81,0,4,5.0,48.20184150325723,16.338085845370568
130.5,594507559,Ottakring,Entire rental unit,Entire home/apt,7,488.0,34,2,1.0,1,193,0,31,4.29,48.2059384,16.3287925
181.0,274565185,Brigittenau,Entire rental unit,Entire home/apt,2,455.0,35,1,1.0,1,359,0,15,4.67,48.23015,16.37045
248.23,385064248,Innere Stadt,Entire rental unit,Entire home/apt,4,267.0,26,2,1.5,30,51,0,1,5.0,48.2054149,16.3580979
85.0,517345385,Meidling,Entire rental unit,Entire home/apt,1,390.0,19,1,1.0,1,364,0,140,4.61,48.1804094028111,16.334759809604595
143.0,575942849,Wieden,Entire rental unit,Entire home/apt,2,462.0,34,1,1.0,2,71,0,16,4.63,48.189177710915146,16.36645966501602
223.0,8093332,Leopoldstadt,Entire condo,Entire home/apt,2,374.0,48,1,1.0,2,20,0,50,5.0,48.21943,16.37776
187.4,547677118,Meidling,Entire rental unit,Entire home/apt,5,489.0,33,2,1.0,1,298,0,36,4.69,48.17799209568619,16.336363072332755
72.25,385064248,Margareten,Entire rental unit,Entire home/apt,4,223.0,27,2,1.5,30,121,0,1,5.0,48.1838383,16.3605452
45.01,569669390,Meidling,Entire rental unit,Entire home/apt,2,416.0,35,1,2.0,30,297,1,14,4.64,48.17879194301131,16.336010346032737
101.33,108166553,Meidling,Entire rental unit,Entire home/apt,4,508.0,36,1,1.0,3,267,0,48,4.6,48.18082,16.33261
133.0,15935294,Favoriten,Entire rental unit,Entire home/apt,4,93.0,22,1,1.0,1,347,0,9,4.89,48.1675,16.34629
134.0,15935294,Favoriten,Entire rental unit,Entire home/apt,2,93.0,22,1,1.0,1,349,0,18,4.78,48.16803011915669,16.344418148431576
283.0,671941259,Innere Stadt,Entire rental unit,Entire home/apt,4,0.0,26,2,2.0,1,136,0,12,4.33,48.20474596541028,16.373829027804522
96.0,704489850,Alsergrund,Entire rental unit,Entire home/apt,2,426.0,17,1,1.0,1,333,0,1,5.0,48.21924,16.35721
113.0,115915838,Neubau,Room in hotel,Private room,2,494.0,17,1,1.0,1,316,0,66,4.58,48.19838,16.34665
67.93,37852506,Rudolfsheim-Fünfhaus,Entire condo,Entire home/apt,4,478.0,46,1,1.0,1,278,0,7,5.0,48.1959,16.31566
130.0,15935294,Favoriten,Entire rental unit,Entire home/apt,2,93.0,21,1,1.0,1,353,0,19,4.74,48.168648519735264,16.34635808350471
57.18,222345303,Alsergrund,Entire rental unit,Entire home/apt,4,460.0,30,1,1.0,30,309,0,10,4.5,48.22142642862708,16.36439246735864
92.44,1643928,Landstraße,Entire rental unit,Entire home/apt,6,54.0,28,2,1.5,1,351,0,80,4.31,48.20660097743251,16.396522763901608
96.04,407937258,Alsergrund,Entire rental unit,Entire home/apt,4,603.0,41,2,1.5,28,129,1,11,4.82,48.22593,16.36356
112.0,15935294,Favoriten,Entire rental unit,Entire home/apt,2,93.0,22,1,1.0,1,349,0,12,4.83,48.16915065761534,16.34637172323931
116.8,204455189,Rudolfsheim-Fünfhaus,Entire rental unit,Entire home/apt,6,516.0,42,2,1.0,1,275,1,26,4.65,48.19919513051761,16.336153261363506
472.0,9158703,Mariahilf,Entire rental unit,Entire home/apt,10,390.0,36,4,2.5,2,47,1,47,4.94,48.2002275,16.3589861
62.71,457580733,Leopoldstadt,Entire condo,Entire home/apt,4,417.0,52,1,1.0,29,133,0,130,4.81,48.22114,16.37762
110.67,586225953,Ottakring,Entire rental unit,Entire home/apt,4,483.0,30,1,1.0,2,179,0,10,4.9,48.20892,16.32435
138.88,407937258,Wieden,Entire rental unit,Entire home/apt,6,588.0,42,3,1.5,28,305,1,7,5.0,48.19606,16.37315
225.0,100351711,Neubau,Entire rental unit,Entire home/apt,6,213.0,39,2,2.5,1,205,1,54,4.98,48.20310870887043,16.34915392845869
140.7,691636646,Leopoldstadt,Entire rental unit,Entire home/apt,2,438.0,38,1,1.0,1,337,0,6,4.67,48.22423628032429,16.387779268329734
58.0,511689935,Leopoldstadt,Private room in hostel,Private room,2,403.0,21,1,5.0,1,145,0,35,4.63,48.2259643,16.3871199
91.0,713120295,Leopoldstadt,Entire rental unit,Entire home/apt,4,77.0,22,1,1.0,1,326,0,60,4.58,48.21961,16.39881
154.0,15935294,Favoriten,Entire rental unit,Entire home/apt,4,93.0,22,2,1.0,1,354,0,5,4.6,48.16948919067519,16.346037106409515
129.0,2706506,Mariahilf,Entire condo,Entire home/apt,2,412.0,31,1,1.5,5,157,1,100,4.93,48.19883,16.35843
171.0,418270816,Brigittenau,Entire rental unit,Entire home/apt,6,444.0,30,2,1.0,1,241,0,1,3.0,48.2290847,16.373511
116.0,51891892,Neubau,Entire rental unit,Entire home/apt,4,486.0,39,1,1.0,2,290,0,111,4.74,48.20382,16.34404
55.0,521999221,Brigittenau,Entire rental unit,Entire home/apt,2,496.0,53,1,1.0,1,336,0,113,4.41,48.23380611050598,16.37306246906519
155.0,15935294,Favoriten,Entire rental unit,Entire home/apt,2,93.0,22,1,1.0,1,359,0,10,4.6,48.16949,16.34647
392.5,653684040,Landstraße,Entire rental unit,Entire home/apt,8,451.0,36,3,2.5,2,218,1,21,4.62,48.2045485564258,16.3866968060819
119.0,351699321,Landstraße,Entire rental unit,Entire home/apt,4,274.0,32,1,1.0,1,148,0,40,4.7,48.209536308746586,16.394927873033705
126.45,116849625,Alsergrund,Entire rental unit,Entire home/apt,2,466.0,38,1,1.5,30,351,0,16,4.69,48.21947644543588,16.364998849784605
91.5,662164735,Margareten,Entire rental unit,Entire home/apt,2,394.0,32,1,1.0,2,324,0,35,4.49,48.19464076859466,16.354755867331335
125.0,1315010,Brigittenau,Entire rental unit,Entire home/apt,4,432.0,37,1,1.5,2,265,1,297,4.83,48.23153,16.37296
69.0,586225953,Ottakring,Entire rental unit,Entire home/apt,2,445.0,26,1,1.0,2,211,0,9,5.0,48.20677,16.32496
168.6,113065801,Landstraße,Entire rental unit,Entire home/apt,8,438.0,28,2,1.0,2,145,0,19,4.37,48.1982176315056,16.38483564129596
62.77,147879505,Josefstadt,Private room in rental unit,Private room,2,435.0,19,1,1.0,2,232,0,421,4.39,48.21095,16.35209
167.5,140573307,Landstraße,Entire rental unit,Entire home/apt,4,471.0,27,1,1.5,2,297,0,248,4.55,48.20489,16.38624
213.0,448227459,Margareten,Entire rental unit,Entire home/apt,5,461.0,35,2,1.5,2,151,0,28,4.82,48.1851,16.36425
242.73,161306287,Innere Stadt,Entire rental unit,Entire home/apt,3,93.0,47,1,1.0,1,279,0,118,4.78,48.20766,16.36768
551.5,383835177,Mariahilf,Entire rental unit,Entire home/apt,8,361.0,45,3,2.0,2,305,0,5,4.2,48.201838152369,16.363006312478582
66.0,755624541,Wieden,Private room in rental unit,Private room,2,543.0,27,1,2.0,2,259,0,5,4.6,48.18926,16.36433
89.0,681853741,Landstraße,Entire rental unit,Entire home/apt,5,456.0,33,2,1.0,1,357,0,5,3.6,48.19516,16.38926
128.96,73230892,Neubau,Entire rental unit,Entire home/apt,2,457.0,40,1,1.5,2,159,1,197,4.97,48.2013871,16.3453863
61.45,547677118,Margareten,Entire rental unit,Entire home/apt,6,518.0,38,2,1.0,31,323,0,29,4.59,48.1852404134943,16.366092363108972
119.0,375520839,Leopoldstadt,Room in aparthotel,Entire home/apt,2,472.0,66,1,1.0,1,356,1,41,4.83,48.2161,16.40239
135.0,448716728,Rudolfsheim-Fünfhaus,Entire serviced apartment,Entire home/apt,6,225.0,40,2,1.0,1,364,1,71,4.79,48.187057,16.331327
189.0,15935294,Leopoldstadt,Entire rental unit,Entire home/apt,5,61.0,24,2,1.0,1,327,0,2,5.0,48.217738274605466,16.403617475945946
123.0,662970355,Margareten,Entire condo,Entire home/apt,4,382.0,31,2,1.0,1,328,0,5,4.4,48.18685,16.34732
177.0,668583558,Rudolfsheim-Fünfhaus,Entire rental unit,Entire home/apt,6,576.0,51,2,1.5,1,280,0,27,4.74,48.20277,16.3366
57.06,84220479,Margareten,Entire rental unit,Entire home/apt,2,449.0,24,1,1.0,1,19,0,4,5.0,48.185225801738994,16.366300697772836
100.33,79314355,Ottakring,Entire rental unit,Entire home/apt,2,458.0,29,1,1.0,2,9,0,7,4.86,48.21406221711164,16.315288007934548
73.04,559125948,Floridsdorf,Entire rental unit,Entire home/apt,2,327.0,16,1,1.0,6,269,0,1,5.0,48.255899450943815,16.39137345490441
132.0,442750076,Brigittenau,Entire rental unit,Entire home/apt,4,353.0,42,1,1.5,2,80,1,73,4.92,48.233349892923975,16.374631849737565
171.0,67806717,Brigittenau,Entire rental unit,Entire home/apt,2,532.0,29,1,1.0,1,60,0,7,4.86,48.22959426563019,16.37293934870242
140.0,95519429,Rudolfsheim-Fünfhaus,Entire rental unit,Entire home/apt,3,479.0,39,1,1.0,2,61,1,128,4.89,48.18621024233804,16.327389966704214
134.0,162241892,Brigittenau,Entire loft,Entire home/apt,2,473.0,34,1,1.0,1,292,1,176,4.88,48.23205,16.37266
131.5,11390288,Brigittenau,Entire rental unit,Entire home/apt,3,456.0,42,2,1.0,2,118,0,5,5.0,48.22938,16.37233
198.0,249583292,Neubau,Entire rental unit,Entire home/apt,8,527.0,28,2,1.0,1,333,0,11,4.55,48.20424,16.3493
381.0,712373106,Innere Stadt,Entire rental unit,Entire home/apt,6,469.0,41,2,1.0,1,345,0,1,5.0,48.21122,16.3808
168.0,1996189,Ottakring,Entire rental unit,Entire home/apt,4,62.0,47,2,1.5,3,335,1,38,4.89,48.21394554612923,16.314049994003014
67.12,326177928,Josefstadt,Entire rental unit,Entire home/apt,2,386.0,39,1,1.0,30,241,1,3,5.0,48.20918874495309,16.349884827674135
168.0,249583292,Leopoldstadt,Entire rental unit,Entire home/apt,4,434.0,28,1,1.0,1,345,0,11,4.73,48.21997,16.37812
261.0,15935294,Leopoldstadt,Entire rental unit,Entire home/apt,4,61.0,25,2,1.0,1,325,0,10,4.7,48.21747759244019,16.405136552298565
165.33,560447677,Josefstadt,Entire rental unit,Entire home/apt,4,434.0,27,1,1.0,1,122,0,1,5.0,48.21066,16.34265
57.94,407937258,Rudolfsheim-Fünfhaus,Entire rental unit,Entire home/apt,2,591.0,45,1,1.0,28,325,1,10,5.0,48.19445863551893,16.318777449847385
173.0,15935294,Leopoldstadt,Entire rental unit,Entire home/apt,5,61.0,25,2,1.5,1,327,0,2,3.5,48.21920611988159,16.40517527360856
112.0,720292812,Rudolfsheim-Fünfhaus,Entire serviced apartment,Entire home/apt,2,308.0,34,1,1.5,1,312,0,57,4.88,48.18409,16.3277
133.0,700882806,Leopoldstadt,Entire rental unit,Entire home/apt,5,0.0,25,2,1.5,1,90,0,6,3.67,48.22365937950629,16.387187137909677
74.5,207469292,Rudolfsheim-Fünfhaus,Entire rental unit,Entire home/apt,2,448.0,24,1,1.0,1,28,0,4,5.0,48.19022,16.33605
137.0,28565291,Margareten,Entire condo,Entire home/apt,3,200.0,34,1,1.0,2,35,1,58,4.86,48.18803531711784,16.352604255080223
102.33,93983807,Leopoldstadt,Entire rental unit,Entire home/apt,2,293.0,25,1,1.0,2,312,0,10,4.4,48.219043170647005,16.397201253356396
147.0,249583292,Neubau,Entire rental unit,Entire home/apt,4,432.0,29,1,1.0,1,339,0,3,5.0,48.20145,16.35318
88.62,695246045,Favoriten,Entire serviced apartment,Entire home/apt,6,343.0,39,3,1.5,31,172,0,4,5.0,48.1775,16.36539
64.32,222345303,Alsergrund,Entire rental unit,Entire home/apt,6,544.0,38,2,1.0,30,326,0,10,4.5,48.2215937,16.3657624
365.0,15935294,Josefstadt,Entire rental unit,Entire home/apt,2,434.0,30,1,1.5,1,304,0,7,4.14,48.20829,16.35365
105.0,383107369,Leopoldstadt,Room in hotel,Private room,2,452.0,11,1,0.0,1,257,1,130,4.81,48.2155,16.40324
167.0,27775775,Rudolfsheim-Fünfhaus,Entire rental unit,Entire home/apt,4,447.0,37,2,1.0,1,264,0,11,4.82,48.189552748687234,16.337840704520556
131.5,420123502,Landstraße,Entire rental unit,Entire home/apt,4,480.0,35,1,1.0,2,185,1,153,4.86,48.19554,16.38689
151.6,511689935,Josefstadt,Entire rental unit,Entire home/apt,4,454.0,40,2,1.0,31,72,0,2,4.0,48.21087,16.34768
57.85,709130045,Innere Stadt,Entire rental unit,Entire home/apt,4,340.0,41,1,1.0,30,350,0,7,4.57,48.20763,16.37125
244.33,71074913,Neubau,Entire rental unit,Entire home/apt,6,401.0,37,3,2.0,3,264,0,41,4.9,48.20483,16.35225
437.0,131677242,Rudolfsheim-Fünfhaus,Entire serviced apartment,Entire home/apt,9,382.0,61,4,4.0,2,268,1,10,4.9,48.19487,16.33813
127.0,151869337,Rudolfsheim-Fünfhaus,Entire rental unit,Entire home/apt,3,423.0,40,1,1.5,1,355,0,29,4.83,48.19384,16.33414
98.33,560447677,Rudolfsheim-Fünfhaus,Entire rental unit,Entire home/apt,2,394.0,35,1,1.0,1,144,0,67,4.64,48.19294253618336,16.33768759294889
126.0,308688308,Hernals,Entire rental unit,Entire home/apt,4,469.0,21,1,1.0,1,344,0,17,4.71,48.2187669493829,16.337354140535773
128.04,578091129,Favoriten,Entire condo,Entire home/apt,3,402.0,48,1,1.0,1,344,1,142,4.94,48.17665731269,16.366585284655763
79.0,566831684,Hernals,Room in hotel,Private room,3,404.0,23,2,1.0,1,349,0,34,4.53,48.2154,16.33443
325.5,367491211,Wieden,Entire rental unit,Entire home/apt,6,529.0,42,2,1.5,2,255,1,246,4.95,48.19806099599892,16.36306105142944
75.94,46617589,Leopoldstadt,Entire rental unit,Entire home/apt,5,492.0,29,2,1.0,30,251,1,83,4.82,48.22398,16.40153
67.3,517682480,Favoriten,Entire rental unit,Entire home/apt,4,322.0,28,2,2.0,30,194,0,60,4.92,48.17098,16.38904
72.16,480345964,Favoriten,Entire condo,Entire home/apt,4,505.0,33,1,1.0,30,365,0,7,5.0,48.17195,16.38284
112.37,222345303,Leopoldstadt,Entire rental unit,Entire home/apt,12,494.0,35,4,1.0,30,210,0,1,4.0,48.22259509174589,16.40525058468456
195.0,15935294,Leopoldstadt,Entire rental unit,Entire home/apt,4,61.0,26,1,1.5,1,302,0,13,4.62,48.21792,16.40317
145.5,698891164,Brigittenau,Entire rental unit,Entire home/apt,2,498.0,21,1,1.0,1,349,0,16,3.94,48.23383,16.36701
135.0,222345303,Neubau,Entire rental unit,Entire home/apt,4,450.0,35,1,1.0,1,320,0,1,5.0,48.20275,16.3422
146.0,274565185,Brigittenau,Entire rental unit,Entire home/apt,2,462.0,39,1,1.0,1,266,0,8,4.13,48.23263294113615,16.374494370868682
110.0,73365861,Floridsdorf,Entire rental unit,Entire home/apt,2,327.0,47,1,1.0,3,210,0,25,4.88,48.26202,16.38569
101.0,566831684,Hernals,Room in boutique hotel,Private room,6,342.0,15,2,2.5,1,320,0,45,4.53,48.21729,16.33398
84.0,418270816,Brigittenau,Entire rental unit,Entire home/apt,3,444.0,30,1,1.0,1,360,0,40,4.7,48.2290847,16.373511
200.0,136812902,Innere Stadt,Entire condo,Entire home/apt,4,510.0,43,1,1.5,1,61,0,10,4.8,48.20746,16.37929
145.0,530403818,Mariahilf,Entire rental unit,Entire home/apt,4,535.0,29,1,0.0,1,62,1,43,4.81,48.1945985,16.3504336
62.0,589598935,Rudolfsheim-Fünfhaus,Entire rental unit,Entire home/apt,6,389.0,32,2,1.0,1,331,0,11,4.18,48.192994455672014,16.32953418813465
145.5,742557461,Leopoldstadt,Entire rental unit,Entire home/apt,4,448.0,59,1,1.0,2,323,0,1,5.0,48.2163355,16.3894104
194.0,536093976,Mariahilf,Entire serviced apartment,Entire home/apt,6,463.0,45,1,1.0,1,279,1,4,4.75,48.1961215,16.3514093
148.7,490432702,Favoriten,Entire rental unit,Entire home/apt,4,434.0,53,1,1.0,1,143,1,48,4.88,48.1812865,16.3705657
198.0,695326356,Innere Stadt,Entire serviced apartment,Entire home/apt,2,467.0,18,1,1.0,1,353,1,75,4.97,48.20763385208875,16.374218730688476
246.5,225864053,Hernals,Entire rental unit,Entire home/apt,5,490.0,37,2,1.0,2,39,0,4,5.0,48.21382,16.32903
180.69,102927900,Innere Stadt,Entire rental unit,Entire home/apt,4,86.0,41,1,1.0,1,236,1,162,4.85,48.20701089984374,16.373139192548827
173.0,36695936,Neubau,Private room in guesthouse,Private room,6,521.0,35,2,1.0,1,138,0,48,4.73,48.1983177,16.3494803
97.0,418270816,Alsergrund,Entire rental unit,Entire home/apt,3,444.0,28,1,1.0,1,362,0,52,4.65,48.222393,16.366995
118.0,559988321,Rudolfsheim-Fünfhaus,Entire serviced apartment,Entire home/apt,4,320.0,36,1,1.0,1,133,0,132,4.91,48.19347838227164,16.3376056282242
105.33,732060974,Neubau,Entire rental unit,Entire home/apt,2,345.0,50,1,1.0,2,114,0,13,4.69,48.20512606429704,16.349562294781208
159.5,536093976,Mariahilf,Entire serviced apartment,Entire home/apt,2,443.0,45,1,1.0,1,300,1,192,4.84,48.1961215,16.3514093
185.0,530403818,Mariahilf,Entire rental unit,Entire home/apt,6,535.0,26,2,1.0,1,71,1,54,4.87,48.19414829999999,16.3508923
112.48,515940133,Leopoldstadt,Entire rental unit,Entire home/apt,2,504.0,34,1,1.0,2,345,0,33,4.73,48.2161135,16.3904491
151.5,129960877,Leopoldstadt,Entire rental unit,Entire home/apt,4,264.0,44,2,2.0,2,222,0,268,4.76,48.22267,16.38148
178.0,490432702,Favoriten,Entire rental unit,Entire home/apt,4,434.0,40,1,1.0,1,360,1,1,5.0,48.1812865,16.3705657
126.0,564614454,Rudolfsheim-Fünfhaus,Entire rental unit,Entire home/apt,6,527.0,30,2,2.0,1,348,0,7,4.43,48.19202,16.33433
130.5,536093976,Mariahilf,Entire serviced apartment,Entire home/apt,2,388.0,43,1,1.0,1,242,1,31,4.94,48.1961215,16.3514093
97.76,357145073,Hernals,Entire rental unit,Entire home/apt,3,525.0,31,1,1.0,3,88,0,3,5.0,48.21783211376974,16.338308719049085
160.5,728123544,Favoriten,Entire rental unit,Entire home/apt,6,345.0,34,2,1.5,2,250,1,19,4.95,48.1781,16.36835
223.0,34847570,Neubau,Entire rental unit,Entire home/apt,2,422.0,27,1,1.0,1,216,0,14,5.0,48.19998824335572,16.351531037869815
45.54,156404033,Landstraße,Entire rental unit,Entire home/apt,3,532.0,32,1,1.0,30,250,0,6,4.33,48.20276722899057,16.39234308035338
91.07,5094225,Rudolfsheim-Fünfhaus,Entire rental unit,Entire home/apt,2,472.0,34,1,1.5,5,46,1,46,4.91,48.1971,16.32966
104.25,372022409,Rudolfsheim-Fünfhaus,Entire rental unit,Entire home/apt,2,214.0,31,1,1.0,3,168,1,11,4.64,48.18983,16.33599
58.0,311151517,Mariahilf,Entire rental unit,Entire home/apt,2,479.0,28,1,1.0,1,352,0,86,4.43,48.19596,16.34508
148.0,27775775,Brigittenau,Entire condo,Entire home/apt,6,467.0,31,2,1.5,1,248,0,263,4.45,48.22613,16.36804
257.0,27775775,Brigittenau,Entire rental unit,Entire home/apt,5,505.0,33,2,1.0,1,278,0,129,4.53,48.22665151012094,16.370496944841936
92.0,342438510,Brigittenau,Room in aparthotel,Private room,2,423.0,48,1,1.0,1,340,1,311,4.79,48.23129,16.38619
205.41,162706547,Innere Stadt,Entire rental unit,Entire home/apt,6,500.0,41,2,1.5,1,203,0,77,4.52,48.210180553796526,16.378077924492466
83.96,564061948,Ottakring,Entire rental unit,Entire home/apt,2,483.0,36,1,1.0,2,6,1,75,4.76,48.207990862502456,16.337280313498805
181.0,50945012,Margareten,Entire rental unit,Entire home/apt,8,465.0,40,2,1.5,1,284,0,44,4.5,48.19293,16.35622
95.0,235195974,Meidling,Entire rental unit,Entire home/apt,2,445.0,23,1,1.0,1,212,1,241,4.76,48.1857903659866,16.34333860832307
97.0,538488082,Landstraße,Entire rental unit,Entire home/apt,2,482.0,25,1,1.0,1,39,1,80,4.88,48.19293765786754,16.393055758901816
149.21,694802867,Rudolfsheim-Fünfhaus,Entire condo,Entire home/apt,6,492.0,43,2,1.0,1,192,0,30,4.53,48.1917,16.32972
174.0,1547126,Innere Stadt,Entire rental unit,Entire home/apt,5,508.0,25,2,1.0,1,271,1,135,4.8,48.20695,16.37731
131.33,12501463,Brigittenau,Entire condo,Entire home/apt,2,485.0,27,1,1.0,3,18,0,3,5.0,48.2315339468567,16.36662483215332
256.5,43262962,Innere Stadt,Entire condo,Entire home/apt,3,321.0,49,1,1.0,2,118,0,3,3.67,48.21217417061048,16.37260649453853
67.0,97275819,Ottakring,Entire rental unit,Entire home/apt,6,86.0,41,2,1.5,1,293,0,36,4.33,48.21167,16.33789
224.67,127214881,Mariahilf,Entire condo,Entire home/apt,6,495.0,50,2,2.0,1,30,1,4,5.0,48.19383,16.35026
154.0,560447677,Rudolfsheim-Fünfhaus,Entire rental unit,Entire home/apt,6,388.0,29,2,1.0,3,77,0,72,4.63,48.18498757014601,16.328313139585717
63.0,755647441,Leopoldstadt,Private room in rental unit,Private room,2,453.0,27,1,1.0,1,241,0,8,4.75,48.2173192,16.3884137
239.0,83595025,Landstraße,Entire rental unit,Entire home/apt,9,478.0,29,3,2.0,1,217,1,29,4.76,48.1967084,16.3875906
141.0,46720932,Neubau,Entire rental unit,Entire home/apt,6,570.0,40,2,1.5,1,37,0,25,4.56,48.20594,16.34034
104.5,650414615,Favoriten,Entire rental unit,Entire home/apt,4,387.0,37,1,1.0,2,332,0,5,4.0,48.17715,16.37273
52.0,589598935,Rudolfsheim-Fünfhaus,Entire rental unit,Entire home/apt,4,483.0,33,1,1.0,1,352,0,37,4.51,48.19777,16.32601
164.0,686112150,Rudolfsheim-Fünfhaus,Entire rental unit,Entire home/apt,6,493.0,35,2,1.5,1,345,1,8,4.75,48.19266,16.32623
138.33,100351711,Neubau,Entire rental unit,Entire home/apt,2,148.0,36,1,1.0,3,319,1,31,4.97,48.20409564502522,16.34978600313562
72.0,589598935,Rudolfsheim-Fünfhaus,Entire rental unit,Entire home/apt,6,476.0,32,2,1.0,1,342,0,7,4.71,48.194833670832665,16.331047000602553
324.47,308825890,Innere Stadt,Entire condo,Entire home/apt,6,326.0,49,2,1.5,2,255,0,86,4.79,48.21219,16.37065
225.0,727323955,Favoriten,Entire rental unit,Entire home/apt,4,271.0,41,1,1.0,2,330,1,18,4.67,48.17298,16.37175
170.0,686112150,Rudolfsheim-Fünfhaus,Entire rental unit,Entire home/apt,6,466.0,20,3,1.5,1,355,1,1,5.0,48.1918072,16.3273114
68.0,311151517,Mariahilf,Entire rental unit,Entire home/apt,4,444.0,28,1,1.0,1,337,0,68,4.68,48.1958,16.3451
86.39,712746304,Meidling,Entire rental unit,Entire home/apt,6,434.0,41,2,1.0,1,313,1,7,5.0,48.1846,16.34249
69.28,558693446,Leopoldstadt,Entire rental unit,Entire home/apt,2,510.0,39,1,1.5,30,80,0,6,4.83,48.20401,16.40219
216.67,426015944,Margareten,Entire rental unit,Entire home/apt,4,265.0,49,2,1.5,1,91,1,3,5.0,48.1838,16.35204
371.67,127214881,Mariahilf,Entire rental unit,Entire home/apt,10,545.0,35,5,2.5,1,21,1,51,5.0,48.19316107569082,16.349729491415175
407.5,560447677,Rudolfsheim-Fünfhaus,Entire rental unit,Entire home/apt,10,363.0,38,3,2.0,1,82,0,67,4.55,48.18679538382889,16.329260063241616
160.0,123148011,Ottakring,Entire rental unit,Entire home/apt,6,472.0,62,2,1.5,1,217,0,298,4.92,48.20795520992159,16.337468629229804
217.0,661633780,Neubau,Entire rental unit,Entire home/apt,6,437.0,32,2,1.0,1,223,0,26,4.58,48.200361753531794,16.340170542821063
147.5,502789530,Leopoldstadt,Entire rental unit,Entire home/apt,2,431.0,39,1,1.0,2,113,0,41,4.78,48.21916647649597,16.389396247545456
146.0,47957880,Rudolfsheim-Fünfhaus,Entire rental unit,Entire home/apt,2,471.0,39,1,1.0,1,340,0,67,4.49,48.188564,16.33193
59.0,156404033,Mariahilf,Entire rental unit,Entire home/apt,2,436.0,24,1,1.0,1,332,0,93,4.59,48.19585,16.34521
68.47,474504985,Alsergrund,Private room in rental unit,Private room,2,459.0,29,1,1.5,1,176,0,5,5.0,48.22539,16.36706
153.5,278892619,Rudolfsheim-Fünfhaus,Entire rental unit,Entire home/apt,6,491.0,39,1,1.5,1,331,1,10,4.4,48.193273,16.3286634
399.41,72306907,Innere Stadt,Entire rental unit,Entire home/apt,4,375.0,45,2,1.0,1,263,0,40,4.93,48.20833269229208,16.37180998911734
150.0,670951392,Favoriten,Entire rental unit,Entire home/apt,4,0.0,38,1,1.0,1,136,0,1,5.0,48.1731299,16.3701632
168.0,732259910,Mariahilf,Entire rental unit,Entire home/apt,4,384.0,47,1,1.5,1,354,0,2,5.0,48.19376835865125,16.344124158433313
75.0,161086759,Favoriten,Private room in rental unit,Private room,3,200.0,9,1,1.0,1,62,0,1,5.0,48.170541963826544,16.368822190277616
97.69,666614408,Favoriten,Entire rental unit,Entire home/apt,5,522.0,52,2,1.5,1,131,1,95,4.81,48.17598,16.36634
142.5,50945012,Margareten,Entire rental unit,Entire home/apt,4,338.0,37,1,1.5,1,321,0,53,4.66,48.19259,16.35518
165.5,5546430,Favoriten,Entire rental unit,Entire home/apt,4,463.0,44,2,1.5,2,18,0,47,4.96,48.17516339840838,16.371130079750106
142.0,27775775,Hernals,Entire rental unit,Entire home/apt,4,357.0,29,1,1.0,1,330,0,44,4.59,48.21957,16.32648
159.0,660882772,Rudolfsheim-Fünfhaus,Entire condo,Entire home/apt,3,499.0,37,1,1.0,1,360,0,28,4.5,48.19821,16.33246
122.5,26147097,Ottakring,Entire serviced apartment,Entire home/apt,2,449.0,37,1,1.0,2,232,0,18,4.72,48.20755,16.33358
128.0,582153628,Mariahilf,Entire rental unit,Entire home/apt,6,408.0,32,1,1.0,1,148,0,3,5.0,48.19250814355427,16.341139692137382
103.0,429229028,Leopoldstadt,Entire rental unit,Entire home/apt,4,487.0,37,1,2.0,1,338,0,93,4.54,48.22996,16.3883
153.0,748671322,Rudolfsheim-Fünfhaus,Entire rental unit,Entire home/apt,5,250.0,14,2,1.0,1,249,0,4,4.5,48.191036,16.3320104
112.33,16336925,Meidling,Entire condo,Entire home/apt,4,450.0,39,1,1.0,3,342,1,56,4.86,48.18496561354828,16.339278158105273
84.5,313423785,Favoriten,Entire rental unit,Entire home/apt,4,509.0,43,1,1.0,1,346,1,29,4.62,48.17239,16.36773
315.5,232921989,Innere Stadt,Entire rental unit,Entire home/apt,2,483.0,45,1,1.0,6,263,0,86,4.95,48.20622,16.37217
220.0,511677839,Neubau,Entire rental unit,Entire home/apt,4,437.0,35,2,1.0,1,81,0,5,4.8,48.2016486708482,16.339879609826088
184.0,144252803,Margareten,Entire rental unit,Entire home/apt,4,59.0,42,1,1.0,2,198,0,35,4.94,48.1885188,16.352412
355.0,17559768,Neubau,Entire rental unit,Entire home/apt,2,444.0,33,1,1.0,2,85,0,5,5.0,48.20439,16.35083
309.0,448716728,Rudolfsheim-Fünfhaus,Entire serviced apartment,Entire home/apt,8,225.0,46,3,1.0,1,195,1,1,5.0,48.187057,16.331327
232.0,720292812,Mariahilf,Entire serviced apartment,Entire home/apt,6,325.0,39,3,2.5,1,293,0,175,4.81,48.19247,16.34998
164.0,503019853,Landstraße,Entire rental unit,Entire home/apt,3,381.0,41,1,1.0,1,282,0,129,4.72,48.21131148462007,16.388252026219735
121.0,566831684,Hernals,Entire rental unit,Entire home/apt,4,417.0,28,1,1.0,1,330,0,17,4.47,48.21545517616267,16.33569837567852
147.33,4695515,Innere Stadt,Entire condo,Entire home/apt,4,236.0,50,1,1.0,3,207,0,120,4.82,48.21154,16.3741
87.67,582470476,Rudolfsheim-Fünfhaus,Entire rental unit,Entire home/apt,6,467.0,20,2,1.0,3,202,0,11,4.0,48.19219,16.33558
199.8,22229400,Rudolfsheim-Fünfhaus,Entire rental unit,Entire home/apt,10,318.0,38,2,1.5,2,160,0,12,4.42,48.19827519432423,16.333282674750414
170.5,1675456301336320789,Wieden,Entire rental unit,Entire home/apt,6,406.0,36,6,1.0,2,25,0,2,4.5,48.19361,16.36408
88.27,564061948,Ottakring,Entire rental unit,Entire home/apt,2,514.0,36,1,1.0,2,12,1,68,4.63,48.2078302,16.3374848
147.0,566831684,Hernals,Entire rental unit,Entire home/apt,4,524.0,28,1,1.0,1,338,0,22,4.77,48.21825024806022,16.33428926934652
87.0,73817425,Währing,Entire rental unit,Entire home/apt,2,0.0,19,1,1.0,2,215,0,52,4.6,48.22021,16.33882
477.0,156404033,Mariahilf,Entire rental unit,Entire home/apt,12,488.0,31,6,6.0,1,301,0,2,5.0,48.1956,16.3455
130.0,151869337,Mariahilf,Entire rental unit,Entire home/apt,4,433.0,39,1,1.5,1,8,0,20,4.5,48.19396,16.34255
68.0,311151517,Mariahilf,Entire rental unit,Entire home/apt,4,475.0,28,1,1.0,1,351,0,116,4.61,48.19637,16.34488
94.5,252167157,Margareten,Entire rental unit,Entire home/apt,2,159.0,25,1,1.0,2,131,1,441,4.82,48.1941,16.36134
5752.0,288328438,Hernals,Entire serviced apartment,Entire home/apt,4,395.0,29,2,1.0,1,293,0,1,5.0,48.2177426,16.3326596
342.0,47034279,Wieden,Entire rental unit,Entire home/apt,5,462.0,56,2,1.0,1,301,1,333,4.89,48.19821,16.36616
59.0,547677118,Leopoldstadt,Room in hotel,Private room,2,280.0,23,1,1.0,1,362,0,57,4.44,48.21855,16.38814
138.0,372629246,Ottakring,Entire condo,Entire home/apt,5,480.0,38,1,1.0,1,5,0,120,4.63,48.21310066847566,16.33583865600669
162.67,690503353,Neubau,Entire rental unit,Entire home/apt,3,358.0,47,1,1.0,3,73,1,15,4.87,48.20477,16.34741
223.33,21843110,Neubau,Entire rental unit,Entire home/apt,6,327.0,53,2,1.0,3,234,1,112,4.95,48.19905,16.34631
101.33,560447677,Rudolfsheim-Fünfhaus,Entire rental unit,Entire home/apt,4,282.0,29,2,1.0,1,135,0,73,4.66,48.19280604580706,16.336411310294423
247.0,27775775,Ottakring,Entire rental unit,Entire home/apt,6,276.0,35,2,1.0,1,238,0,10,4.9,48.21115444547409,16.332767398894863
292.0,224513409,Landstraße,Entire loft,Entire home/apt,8,437.0,77,3,2.5,1,267,1,229,4.91,48.21186,16.38928
130.0,474169875,Favoriten,Entire rental unit,Entire home/apt,4,457.0,41,1,1.0,1,337,0,82,4.76,48.18173304766858,16.368484952706385
77.5,655565921,Rudolfsheim-Fünfhaus,Entire rental unit,Entire home/apt,3,371.0,35,1,1.0,2,270,0,27,4.26,48.19492356335865,16.326590173838564
134.5,403430437,Ottakring,Entire serviced apartment,Entire home/apt,2,449.0,34,1,1.0,2,214,1,8,4.63,48.20925,16.33303
262.67,582470476,Rudolfsheim-Fünfhaus,Entire rental unit,Entire home/apt,8,535.0,9,2,1.0,3,204,0,2,3.0,48.193129,16.3366827
82.5,12379091,Meidling,Entire rental unit,Entire home/apt,2,347.0,32,1,1.0,1,341,0,16,4.88,48.18325,16.34285
494.51,21958890,Alsergrund,Entire rental unit,Entire home/apt,6,497.0,14,3,2.5,3,52,0,1,5.0,48.22374,16.35098
146.0,728123544,Favoriten,Entire rental unit,Entire home/apt,4,359.0,37,1,1.5,2,193,1,13,5.0,48.17868,16.36851
128.0,514556080,Mariahilf,Entire rental unit,Entire home/apt,2,489.0,38,1,1.0,1,90,1,121,4.78,48.19462154203377,16.345867096707522
144.0,50945012,Margareten,Entire rental unit,Entire home/apt,6,338.0,39,2,1.0,1,311,0,133,4.56,48.19259,16.35518
172.0,522780532,Mariahilf,Entire rental unit,Entire home/apt,2,174.0,36,1,1.0,1,347,1,33,4.88,48.19374981623975,16.34871941096392
230.0,9556855,Mariahilf,Entire rental unit,Entire home/apt,2,337.0,36,1,1.0,2,352,1,14,4.93,48.19838,16.35848
76.0,1694726679897828267,Favoriten,Entire rental unit,Entire home/apt,10,277.0,11,1,1.0,1,177,0,1,5.0,48.17135966838228,16.372874043881893
235.43,412411017,Rudolfsheim-Fünfhaus,Entire rental unit,Entire home/apt,6,434.0,38,2,1.5,2,184,0,40,4.85,48.19173,16.32956
98.0,566831684,Hernals,Entire rental unit,Entire home/apt,2,456.0,26,1,1.0,1,355,0,1,5.0,48.217622841809685,16.337648439329847
170.93,503853597,Neubau,Entire rental unit,Entire home/apt,4,553.0,45,2,1.0,2,143,1,11,4.64,48.1986833,16.3500515
54.0,311151517,Mariahilf,Entire rental unit,Entire home/apt,2,496.0,28,1,1.0,1,354,0,116,4.45,48.19578025562989,16.34622926860691
124.0,308688308,Hernals,Entire rental unit,Entire home/apt,4,478.0,36,1,1.0,1,307,0,5,4.6,48.21908,16.3354
165.0,113189546,Ottakring,Entire rental unit,Entire home/apt,2,300.0,36,2,1.5,1,52,1,188,4.77,48.21363,16.33624
284.33,54883950,Mariahilf,Entire condo,Entire home/apt,4,496.0,39,2,2.5,3,52,1,73,5.0,48.19310436584051,16.349810328300613
278.5,660663653,Mariahilf,Entire rental unit,Entire home/apt,6,516.0,27,2,1.5,2,41,0,31,4.77,48.19542,16.35075
62.54,55260756,Landstraße,Entire rental unit,Entire home/apt,2,262.0,42,1,1.5,30,365,0,139,4.87,48.20686,16.39185
67.0,589598935,Rudolfsheim-Fünfhaus,Entire rental unit,Entire home/apt,6,381.0,33,2,1.0,1,357,0,9,4.22,48.19265,16.3309
54.0,311151517,Mariahilf,Entire rental unit,Entire home/apt,2,462.0,27,1,1.0,1,349,0,61,4.39,48.19545,16.34602
208.3,367491211,Margareten,Entire rental unit,Entire home/apt,6,495.0,53,2,2.0,2,288,1,71,4.93,48.1853,16.34957
91.73,385064248,Leopoldstadt,Entire rental unit,Entire home/apt,4,268.0,23,2,1.5,30,365,0,2,5.0,48.2238,16.38402
83.0,83109185,Favoriten,Entire rental unit,Entire home/apt,4,383.0,30,1,1.0,2,69,0,34,4.94,48.17382510008297,16.375888651373607
125.0,474817695,Favoriten,Entire rental unit,Entire home/apt,2,0.0,36,1,1.0,2,159,0,24,5.0,48.18263,16.37797
142.65,131685333,Favoriten,Entire rental unit,Entire home/apt,5,0.0,24,2,1.5,1,217,1,31,4.9,48.17525,16.37518
179.5,129960877,Leopoldstadt,Entire rental unit,Entire home/apt,4,247.0,43,2,1.0,1,310,0,39,4.79,48.21756,16.38316
120.26,385064248,Innere Stadt,Entire rental unit,Entire home/apt,2,262.0,25,1,1.5,30,188,0,1,5.0,48.21310039999999,16.3740877
55.0,511689935,Mariahilf,Private room in hostel,Private room,1,455.0,30,1,4.0,1,147,0,22,4.59,48.1961395,16.3523334
39.64,482025528,Favoriten,Entire rental unit,Entire home/apt,2,221.0,32,1,1.0,30,175,0,29,4.9,48.177393585909954,16.377036030237793
174.0,129960877,Leopoldstadt,Entire rental unit,Entire home/apt,4,245.0,38,2,1.0,1,194,0,48,4.71,48.21772,16.38509
66.12,418270816,Favoriten,Entire rental unit,Entire home/apt,2,444.0,34,1,1.0,28,364,0,2,5.0,48.1812745,16.3757413
58.1,64601861,Ottakring,Entire condo,Entire home/apt,2,358.0,47,1,1.0,4,149,1,176,4.9,48.20718,16.33533
126.0,477101409,Hernals,Entire rental unit,Entire home/apt,4,496.0,34,1,1.0,2,332,1,48,4.96,48.21660518715453,16.327353604137897
60.73,70886398,Favoriten,Entire rental unit,Entire home/apt,2,490.0,46,1,1.0,31,293,0,23,4.78,48.17694,16.37841
53.0,566831684,Hernals,Room in hotel,Private room,2,508.0,17,1,1.0,1,364,0,20,3.95,48.21754631475064,16.334022269462828
115.0,35321244,Wieden,Private room in rental unit,Private room,2,544.0,36,1,1.0,1,357,0,7,5.0,48.19301,16.36325
86.08,695246045,Landstraße,Entire serviced apartment,Entire home/apt,2,312.0,39,1,1.5,31,334,0,2,5.0,48.19171,16.38657
87.67,560447677,Rudolfsheim-Fünfhaus,Entire rental unit,Entire home/apt,4,243.0,27,1,1.0,1,147,0,28,4.82,48.1917524,16.3368093
324.33,71074913,Neubau,Entire rental unit,Entire home/apt,6,441.0,35,2,1.5,3,9,0,45,4.96,48.20523,16.3519
189.0,681853741,Landstraße,Entire rental unit,Entire home/apt,10,510.0,35,4,2.0,1,341,0,25,4.4,48.19509,16.38996
76.62,385064248,Favoriten,Entire rental unit,Entire home/apt,2,257.0,25,1,1.0,30,187,0,1,3.0,48.17240049999999,16.3754791
95.93,589598935,Rudolfsheim-Fünfhaus,Entire rental unit,Entire home/apt,6,478.0,31,2,1.0,1,242,0,3,3.67,48.194362436946754,16.329380004612116
64.0,592040638,Ottakring,Entire rental unit,Entire home/apt,3,538.0,35,1,1.0,1,349,0,101,4.41,48.20673770928716,16.328539563157833
134.0,706014304,Favoriten,Entire rental unit,Entire home/apt,3,0.0,50,1,1.0,1,343,1,45,4.82,48.174237,16.3755678
67.83,589598935,Rudolfsheim-Fünfhaus,Entire rental unit,Entire home/apt,5,457.0,33,2,1.0,1,224,0,1,5.0,48.19434,16.33042
89.0,156404033,Landstraße,Entire rental unit,Entire home/apt,5,510.0,33,2,1.0,1,340,0,49,4.29,48.19346122107047,16.38818041808679
188.19,385064248,Innere Stadt,Entire rental unit,Entire home/apt,4,302.0,26,2,1.5,30,172,0,1,5.0,48.20601970000001,16.3679525
83.0,83109185,Favoriten,Entire rental unit,Entire home/apt,4,539.0,30,1,1.0,2,68,0,22,4.91,48.17464086843504,16.377686198446526
66.86,589598935,Rudolfsheim-Fünfhaus,Entire rental unit,Entire home/apt,4,498.0,33,1,1.0,1,238,0,1,3.0,48.19235,16.33043
125.0,517536057,Favoriten,Entire rental unit,Entire home/apt,5,286.0,42,1,1.0,2,309,0,110,4.73,48.1835,16.37633
215.0,383835177,Döbling,Entire rental unit,Entire home/apt,4,308.0,34,2,1.0,1,333,0,48,4.73,48.25514,16.34217
123.0,574810600,Meidling,Entire rental unit,Entire home/apt,4,385.0,24,1,1.5,2,136,1,34,4.88,48.18105,16.33615
198.85,547677118,Meidling,Entire rental unit,Entire home/apt,10,448.0,24,3,1.0,1,311,0,35,4.49,48.17953013669876,16.33955031857813
46.68,18443514,Brigittenau,Entire condo,Entire home/apt,2,445.0,35,1,1.0,31,278,0,24,4.92,48.228031,16.371004
264.0,123148011,Mariahilf,Entire rental unit,Entire home/apt,4,462.0,44,1,1.0,1,102,0,6,5.0,48.19234,16.34147
146.0,503019853,Landstraße,Entire rental unit,Entire home/apt,4,427.0,39,1,1.0,1,343,0,124,4.76,48.21003278634842,16.386518798256393
315.0,509699715,Leopoldstadt,Entire rental unit,Entire home/apt,6,509.0,46,2,1.5,1,247,1,13,4.92,48.21682,16.38209
91.0,523634144,Favoriten,Entire rental unit,Entire home/apt,4,536.0,39,1,1.0,1,353,1,33,4.42,48.17190119383654,16.378211303132368
117.0,129960877,Leopoldstadt,Entire rental unit,Entire home/apt,2,245.0,40,1,1.0,1,334,0,31,4.68,48.2168759,16.3840021
130.0,540236834,Ottakring,Entire rental unit,Entire home/apt,4,534.0,38,1,1.0,1,234,0,29,4.66,48.20733,16.33042
82.5,665070226,Meidling,Entire condo,Entire home/apt,4,371.0,32,1,1.0,2,202,1,99,4.97,48.18414,16.34266
91.53,9719601,Neubau,Entire rental unit,Entire home/apt,4,263.0,45,2,1.0,31,205,1,6,5.0,48.20196,16.34399
38.76,535270177,Donaustadt,Entire rental unit,Entire home/apt,2,500.0,41,1,1.0,31,301,1,18,4.83,48.23457,16.4403
116.0,503019853,Landstraße,Entire rental unit,Entire home/apt,2,414.0,36,1,1.0,1,340,0,34,4.71,48.2097,16.38646
156.0,77577036,Neubau,Entire rental unit,Entire home/apt,2,0.0,35,1,1.0,3,88,0,15,4.73,48.200126177123344,16.349132373442565
54.0,594507559,Ottakring,Entire rental unit,Entire home/apt,2,507.0,33,1,1.0,1,356,0,65,4.22,48.20614,16.33029
182.0,594507559,Ottakring,Entire rental unit,Entire home/apt,8,485.0,32,4,1.0,1,344,0,1,5.0,48.20697636249276,16.327827529701253
53.0,547677118,Margareten,Room in boutique hotel,Private room,1,284.0,29,1,1.0,1,364,0,178,4.56,48.18389361430594,16.352964276024363
80.0,480282551,Favoriten,Entire rental unit,Entire home/apt,2,357.0,24,1,1.0,1,345,0,95,4.6,48.17904898702684,16.378538840240438
238.5,278892619,Leopoldstadt,Entire rental unit,Entire home/apt,3,482.0,42,1,1.0,1,257,1,2,5.0,48.2136,16.3834
129.0,706014304,Favoriten,Entire rental unit,Entire home/apt,3,438.0,50,1,1.0,1,328,1,26,4.69,48.17312,16.37582
107.0,559988321,Meidling,Entire serviced apartment,Entire home/apt,4,454.0,35,1,1.5,1,124,0,80,4.79,48.18153,16.33541
100.2,385064248,Landstraße,Entire rental unit,Entire home/apt,2,260.0,26,1,1.5,30,157,0,1,5.0,48.1946773,16.4082711
67.0,751948004,Favoriten,Entire rental unit,Entire home/apt,4,430.0,34,1,1.0,2,363,0,1,5.0,48.17519,16.3779
202.8,464200590,Leopoldstadt,Entire rental unit,Entire home/apt,8,301.0,50,2,1.5,1,190,0,52,4.58,48.22163,16.38945
147.21,217862243,Leopoldstadt,Entire rental unit,Entire home/apt,5,572.0,47,2,1.5,2,57,1,572,4.89,48.21859,16.40316
92.0,473779995,Währing,Entire serviced apartment,Entire home/apt,2,361.0,55,1,1.5,2,291,0,226,4.83,48.21936,16.34225
245.67,684806479,Rudolfsheim-Fünfhaus,Entire rental unit,Entire home/apt,4,514.0,53,1,1.5,3,239,0,9,5.0,48.18970264436229,16.33258725922624
393.33,662948152,Meidling,Entire rental unit,Entire home/apt,16,539.0,33,9,8.0,1,247,0,5,4.8,48.17854,16.33744
54.0,156404033,Favoriten,Entire rental unit,Entire home/apt,2,523.0,25,1,1.0,1,364,0,42,4.24,48.18038,16.37467
153.0,697816608,Ottakring,Entire rental unit,Entire home/apt,3,349.0,34,1,1.0,1,256,0,5,4.6,48.2074182,16.3297158
51.0,156404033,Favoriten,Entire rental unit,Entire home/apt,2,524.0,26,1,1.0,1,361,0,27,4.19,48.17526,16.37579
102.0,1873971,Favoriten,Private room in condo,Private room,2,495.0,34,2,1.0,1,96,0,7,4.57,48.1721756,16.3739286
161.0,123148011,Favoriten,Entire rental unit,Entire home/apt,4,410.0,51,1,1.0,1,113,0,11,5.0,48.18117,16.37675
81.0,391685367,Margareten,Entire rental unit,Entire home/apt,6,396.0,32,1,1.0,1,231,0,74,4.66,48.18522,16.36322
148.0,88350130,Favoriten,Entire rental unit,Entire home/apt,3,550.0,30,1,1.0,2,229,0,7,5.0,48.17270169206096,16.37725616242454
106.0,432493088,Favoriten,Entire rental unit,Entire home/apt,4,42.0,11,2,1.0,1,286,0,201,4.72,48.16785268678618,16.373877800684184
120.0,517536057,Favoriten,Entire rental unit,Entire home/apt,4,433.0,27,1,1.0,2,214,0,32,4.59,48.18418797840706,16.376823863826942
272.67,123148011,Favoriten,Entire rental unit,Entire home/apt,9,305.0,53,3,2.0,1,190,0,18,5.0,48.17947,16.37859
75.0,706635852,Favoriten,Room in hotel,Private room,1,285.0,15,1,1.0,1,363,0,12,4.67,48.1778515,16.3770263
70.0,480282551,Favoriten,Entire rental unit,Entire home/apt,6,338.0,29,1,1.5,1,358,0,182,4.64,48.17889,16.37896
80.0,418270816,Favoriten,Room in hotel,Private room,1,444.0,25,1,1.0,1,327,0,20,4.7,48.1812745,16.3757413
131.0,747236394,Favoriten,Entire rental unit,Entire home/apt,2,425.0,40,1,1.0,1,353,0,8,4.13,48.18004999999999,16.37517
74.0,480282551,Favoriten,Entire rental unit,Entire home/apt,4,366.0,34,1,1.0,1,342,0,100,4.72,48.18026561868506,16.378963609518003
155.0,123148011,Favoriten,Entire rental unit,Entire home/apt,6,484.0,53,1,1.0,1,129,0,13,4.62,48.18083130368178,16.37696310960034
125.0,129960877,Leopoldstadt,Entire rental unit,Entire home/apt,4,245.0,41,1,1.0,1,321,0,34,4.82,48.21622,16.3833
134.5,42477948,Favoriten,Entire rental unit,Entire home/apt,4,523.0,39,1,1.5,2,151,0,4,4.75,48.18162,16.37906
190.0,47278964,Leopoldstadt,Entire condo,Entire home/apt,5,304.0,51,1,1.0,1,323,1,69,4.84,48.21456,16.3855
73.5,663051816,Favoriten,Entire rental unit,Entire home/apt,2,483.0,42,1,1.0,2,78,1,2,5.0,48.173436526257454,16.3784942134734
42.8,730557392,Favoriten,Private room in rental unit,Private room,2,517.0,30,1,1.0,1,174,1,48,4.9,48.17182888474096,16.37624072273052
86.0,229428537,Favoriten,Entire rental unit,Entire home/apt,5,455.0,34,2,1.0,1,351,0,36,4.39,48.17532596176198,16.374610220904888
58.2,730557392,Favoriten,Private room in rental unit,Private room,2,517.0,30,1,1.0,1,172,1,44,4.73,48.1718217430644,16.376217921692138
108.5,129960877,Leopoldstadt,Entire rental unit,Entire home/apt,2,245.0,40,1,1.0,1,334,0,331,4.83,48.21599,16.38319
119.5,278892619,Leopoldstadt,Entire rental unit,Entire home/apt,4,423.0,42,1,1.0,1,302,1,53,4.91,48.21735,16.38126
239.67,7403898,Leopoldstadt,Entire rental unit,Entire home/apt,2,415.0,30,1,1.0,3,67,0,2,5.0,48.2163,16.38403
116.0,278892619,Leopoldstadt,Entire rental unit,Entire home/apt,3,423.0,40,1,1.0,2,336,1,42,4.93,48.21817150226579,16.381951592590326
107.67,204455189,Favoriten,Entire rental unit,Entire home/apt,4,426.0,42,1,1.0,2,302,1,4,5.0,48.17502,16.3735
171.33,66781585,Ottakring,Entire rental unit,Entire home/apt,4,462.0,40,2,1.0,3,316,1,43,4.98,48.210870869390064,16.326327801916758
137.0,1669427063606571123,Ottakring,Entire rental unit,Entire home/apt,4,449.0,10,1,1.0,1,338,0,1,4.0,48.20732,16.33205
79.49,695246045,Margareten,Entire serviced apartment,Entire home/apt,4,314.0,39,2,1.5,31,309,0,117,4.81,48.18597,16.35073
31.0,589598935,Rudolfsheim-Fünfhaus,Private room in rental unit,Private room,2,484.0,31,1,2.0,1,303,0,7,4.86,48.19282370354475,16.33107782309617
82.25,222345303,Leopoldstadt,Entire rental unit,Entire home/apt,6,531.0,38,2,1.0,30,293,0,1,5.0,48.21599,16.39142
47.0,589598935,Rudolfsheim-Fünfhaus,Entire rental unit,Entire home/apt,3,482.0,34,1,1.0,1,350,0,29,4.28,48.19428,16.32913
63.0,589598935,Rudolfsheim-Fünfhaus,Entire rental unit,Entire home/apt,4,500.0,28,1,1.0,1,357,0,7,4.29,48.19420904872256,16.330900944356937
205.0,155062501,Rudolfsheim-Fünfhaus,Entire rental unit,Entire home/apt,2,465.0,37,1,1.0,2,280,1,78,4.91,48.19623243284798,16.330298460252834
44.0,589598935,Rudolfsheim-Fünfhaus,Entire rental unit,Entire home/apt,3,524.0,31,1,1.0,1,322,0,31,4.26,48.19256432722504,16.329205221278496
91.95,695246045,Leopoldstadt,Entire serviced apartment,Entire home/apt,2,345.0,41,1,1.0,31,290,0,1,5.0,48.21774,16.38753
89.99,510757039,Hernals,Entire rental unit,Entire home/apt,6,394.0,41,2,1.5,3,140,1,25,4.8,48.21772,16.32761
95.0,31672984,Leopoldstadt,Entire rental unit,Entire home/apt,3,489.0,40,1,1.0,1,244,0,12,4.92,48.21879,16.3828
117.5,129960877,Donaustadt,Entire rental unit,Entire home/apt,2,308.0,32,1,1.0,10,223,0,8,5.0,48.23433,16.44194
67.5,721613340,Donaustadt,Entire rental unit,Entire home/apt,4,422.0,43,1,1.0,30,353,1,1,5.0,48.23583233979391,16.46543448358871
94.8,2805014,Floridsdorf,Entire rental unit,Entire home/apt,2,599.0,35,1,1.0,10,251,0,17,4.76,48.26147202598764,16.387579794125134
71.93,721613340,Donaustadt,Entire rental unit,Entire home/apt,6,422.0,45,2,1.0,30,309,1,1,5.0,48.23474875373492,16.466087586508163
87.6,574839648,Donaustadt,Entire rental unit,Entire home/apt,3,501.0,43,2,1.0,30,107,0,2,5.0,48.2503287,16.4317279
63.12,15935294,Donaustadt,Entire rental unit,Entire home/apt,2,434.0,26,1,1.0,30,360,0,5,3.2,48.25186,16.43726
112.75,117136301,Hietzing,Entire rental unit,Entire home/apt,4,270.0,61,1,1.5,6,201,1,288,4.98,48.1869,16.27876
130.0,668583558,Penzing,Entire rental unit,Entire home/apt,4,590.0,48,2,1.0,1,328,0,4,4.75,48.1944361,16.2833668
92.0,187815331,Penzing,Entire rental unit,Entire home/apt,4,539.0,52,1,1.5,3,355,1,25,4.96,48.19863,16.28463
128.0,459592101,Penzing,Entire condo,Entire home/apt,3,231.0,48,1,1.0,3,89,1,68,5.0,48.19383373269672,16.298059712303157
115.5,15935294,Hietzing,Entire rental unit,Entire home/apt,2,292.0,28,1,1.0,1,325,0,1,4.0,48.18874,16.29348
147.0,1996189,Simmering,Entire rental unit,Entire home/apt,4,511.0,35,2,1.0,1,318,1,10,4.9,48.1783204,16.4115796
112.0,755451811,Simmering,Entire rental unit,Entire home/apt,4,59.0,29,1,1.0,1,152,0,1,3.0,48.17450869414312,16.4093458159073
167.0,399342843,Simmering,Entire rental unit,Entire home/apt,2,173.0,38,1,1.0,1,270,0,1,5.0,48.175175630601686,16.41078024588396
104.67,667660425,Döbling,Entire rental unit,Entire home/apt,3,0.0,39,1,1.0,1,91,0,16,4.63,48.24682558505723,16.358565383202215
102.0,661955262,Meidling,Entire rental unit,Entire home/apt,4,189.0,40,1,1.0,1,341,0,5,4.4,48.17744,16.32447
63.19,407937258,Landstraße,Entire rental unit,Entire home/apt,2,595.0,44,1,1.0,28,304,1,24,4.75,48.19087,16.38917
196.5,212031055,Penzing,Entire serviced apartment,Entire home/apt,4,475.0,52,1,2.0,2,364,1,47,4.87,48.18905,16.30135
140.39,385064248,Leopoldstadt,Entire rental unit,Entire home/apt,2,273.0,26,1,1.5,30,77,0,3,4.67,48.20724,16.42973
205.5,140573307,Neubau,Entire rental unit,Entire home/apt,5,504.0,36,2,1.5,1,229,0,100,4.71,48.20392,16.34153
66.0,222345303,Rudolfsheim-Fünfhaus,Room in hotel,Private room,4,470.0,17,1,1.0,1,365,0,27,4.81,48.1854,16.32547
128.0,178837107,Meidling,Entire rental unit,Entire home/apt,5,448.0,38,1,1.0,1,327,0,15,4.8,48.1807672,16.3186663
99.2,547677118,Meidling,Entire rental unit,Entire home/apt,4,342.0,30,1,1.0,1,331,0,11,4.36,48.18103436369647,16.323452865091962
136.75,1601374,Leopoldstadt,Entire rental unit,Entire home/apt,6,484.0,47,2,2.0,2,266,1,43,4.95,48.22358044155873,16.38738387748429
121.17,385064248,Leopoldstadt,Entire rental unit,Entire home/apt,2,310.0,31,1,1.5,30,264,0,1,5.0,48.2065631,16.4305972
91.5,40742403,Hernals,Entire rental unit,Entire home/apt,2,430.0,35,1,1.0,2,330,1,50,4.98,48.2221779,16.3328801
113.0,189895939,Leopoldstadt,Entire rental unit,Entire home/apt,4,59.0,40,1,1.0,1,289,1,94,4.91,48.22367284695992,16.400670111179352
101.5,308688308,Währing,Entire rental unit,Entire home/apt,2,500.0,28,1,1.0,1,343,0,4,4.75,48.22034,16.3375
154.06,105800866,Leopoldstadt,Entire rental unit,Entire home/apt,4,306.0,32,1,1.0,1,259,0,11,4.82,48.22367,16.40178
139.0,4331202,Penzing,Entire rental unit,Entire home/apt,6,225.0,49,2,1.0,2,331,0,22,4.77,48.18853,16.30504
129.0,527038417,Leopoldstadt,Entire rental unit,Entire home/apt,4,355.0,33,1,1.0,1,31,0,10,4.8,48.2245923,16.4021225
111.0,488885043,Währing,Entire rental unit,Entire home/apt,7,318.0,45,2,1.0,3,348,0,49,4.39,48.22114355554782,16.33643844833057
167.0,27775775,Landstraße,Entire rental unit,Entire home/apt,3,477.0,33,1,1.0,1,283,0,15,4.87,48.19766764835003,16.401385063492334
74.0,187925680,Leopoldstadt,Entire rental unit,Entire home/apt,3,193.0,36,1,1.0,1,300,0,6,4.83,48.20436724446815,16.400209925626424
278.0,530403818,Landstraße,Entire serviced apartment,Entire home/apt,8,494.0,50,3,1.5,1,120,1,87,4.8,48.1989736,16.3962779
226.0,92979273,Leopoldstadt,Entire rental unit,Entire home/apt,6,300.0,36,3,1.0,3,335,1,128,4.8,48.22285,16.39969
125.0,459909479,Favoriten,Private room in rental unit,Private room,6,60.0,14,1,1.0,1,329,0,11,4.36,48.1729,16.35624
239.5,743398,Landstraße,Entire rental unit,Entire home/apt,6,424.0,7,2,1.0,2,320,0,7,4.86,48.19846207961704,16.40649213687439
54.78,11061990,Landstraße,Private room in condo,Private room,2,0.0,23,3,1.0,1,344,0,237,4.67,48.19362,16.40337
230.0,20916372,Penzing,Entire rental unit,Entire home/apt,4,511.0,44,2,1.0,3,102,0,28,5.0,48.2025478,16.3112091
157.0,27775775,Penzing,Entire rental unit,Entire home/apt,4,461.0,40,1,1.0,1,229,0,192,4.82,48.19996,16.31004
98.0,369764263,Penzing,Entire rental unit,Entire home/apt,2,496.0,42,1,1.0,1,363,1,3,4.67,48.19591069083747,16.307269083257395
154.5,362961419,Währing,Entire rental unit,Entire home/apt,4,493.0,44,2,1.5,1,222,1,271,4.82,48.22351,16.34409
126.0,35460078,Alsergrund,Entire rental unit,Entire home/apt,2,282.0,12,1,1.0,2,62,0,2,5.0,48.22315,16.35196
80.0,166516959,Penzing,Entire condo,Entire home/apt,3,491.0,52,1,1.0,1,24,1,51,4.94,48.1932805,16.3027162
122.5,709530191,Rudolfsheim-Fünfhaus,Entire rental unit,Entire home/apt,4,586.0,47,1,1.5,1,245,1,16,5.0,48.20206,16.31378
113.5,287064802,Währing,Entire rental unit,Entire home/apt,6,500.0,50,2,1.5,2,258,1,3,5.0,48.22784,16.34985
127.0,705450993,Rudolfsheim-Fünfhaus,Entire rental unit,Entire home/apt,4,466.0,36,1,1.0,1,361,0,1,5.0,48.19601,16.31924
162.0,29916176,Alsergrund,Entire rental unit,Entire home/apt,6,460.0,27,2,1.0,1,342,0,47,4.23,48.22600847079664,16.35836284966631
199.0,418270816,Alsergrund,Entire rental unit,Entire home/apt,4,444.0,28,2,1.0,1,293,0,30,4.97,48.22355,16.36615
146.0,249583292,Rudolfsheim-Fünfhaus,Entire rental unit,Entire home/apt,6,416.0,27,2,1.0,1,350,0,1,5.0,48.1993,16.32313
150.0,733199005,Ottakring,Entire rental unit,Entire home/apt,6,490.0,29,2,1.0,1,305,0,24,4.46,48.20719,16.32468
91.5,146767123,Alsergrund,Entire rental unit,Entire home/apt,2,473.0,2,1,1.0,2,148,0,1,5.0,48.22098,16.35148
123.0,559988321,Wieden,Entire serviced apartment,Entire home/apt,2,389.0,31,1,1.0,1,111,0,83,4.92,48.192043604260704,16.375473841717923
86.0,665536965,Alsergrund,Entire rental unit,Entire home/apt,4,434.0,54,1,1.0,1,342,0,22,4.77,48.229354,16.3602986
64.5,487688016,Alsergrund,Entire rental unit,Entire home/apt,4,471.0,50,1,1.0,2,263,0,39,4.62,48.2303437,16.3536483
172.0,755501669,Ottakring,Entire rental unit,Entire home/apt,2,335.0,4,1,1.0,1,359,0,2,5.0,48.21421,16.32464
70.0,547677118,Alsergrund,Room in hotel,Private room,3,268.0,21,1,1.0,1,353,0,40,4.5,48.21793596040061,16.357816631404443
129.0,547677118,Alsergrund,Room in hotel,Private room,6,268.0,22,1,1.0,1,325,0,5,5.0,48.21634,16.35757
253.0,15935294,Josefstadt,Entire rental unit,Entire home/apt,2,434.0,28,1,1.5,1,336,0,16,4.56,48.207939860838174,16.35435923613134
215.0,388009441,Alsergrund,Entire serviced apartment,Entire home/apt,4,436.0,50,2,1.0,1,211,0,9,4.56,48.232,16.3613
111.0,436036842,Alsergrund,Entire rental unit,Entire home/apt,2,59.0,26,1,1.0,2,115,1,67,4.96,48.22464,16.35579
138.0,8632750,Ottakring,Entire rental unit,Entire home/apt,2,417.0,30,1,1.0,1,343,0,21,4.62,48.21544,16.31506
88.5,27775775,Hernals,Entire rental unit,Entire home/apt,4,402.0,31,1,1.0,1,349,0,66,4.53,48.21977804402622,16.324482803880933
206.0,15935294,Josefstadt,Entire rental unit,Entire home/apt,2,434.0,29,1,1.5,1,332,0,3,4.67,48.20941,16.35346
66.0,156404033,Mariahilf,Entire rental unit,Entire home/apt,2,442.0,24,1,1.0,1,346,0,75,4.6,48.19588,16.34693
70.61,482025528,Favoriten,Entire rental unit,Entire home/apt,4,328.0,34,2,1.5,30,72,0,54,4.94,48.1768327,16.3779836
97.0,745194895,Meidling,Entire rental unit,Entire home/apt,2,509.0,40,1,1.0,1,333,0,1,5.0,48.1778397416272,16.330378575215622
143.0,559988321,Favoriten,Entire serviced apartment,Entire home/apt,4,219.0,31,1,1.0,1,320,0,54,4.89,48.16866038891714,16.370055641665466
151.0,448227459,Margareten,Entire rental unit,Entire home/apt,3,347.0,14,1,1.0,2,162,0,38,4.92,48.1844309,16.3652657
123.0,403207150,Landstraße,Entire rental unit,Entire home/apt,4,112.0,33,1,1.0,1,120,0,40,4.38,48.19785,16.38606
162.0,588115225,Margareten,Entire rental unit,Entire home/apt,2,426.0,51,1,1.0,1,365,1,5,5.0,48.184,16.35456
87.0,713120295,Landstraße,Entire rental unit,Entire home/apt,4,296.0,18,1,1.0,1,20,0,20,4.25,48.19815893184869,16.389049377941625
135.0,351699321,Wieden,Entire rental unit,Entire home/apt,3,449.0,36,1,1.0,1,96,0,128,4.84,48.18997661446927,16.366034110379793
114.5,460664369,Landstraße,Entire rental unit,Entire home/apt,2,357.0,36,1,1.0,2,88,1,5,5.0,48.204172393375465,16.39015181878422
172.0,455439081,Landstraße,Entire rental unit,Entire home/apt,4,486.0,46,1,1.0,1,151,1,36,4.94,48.2098,16.38994
162.0,313423785,Wieden,Entire rental unit,Entire home/apt,9,177.0,28,2,1.5,1,291,1,163,4.82,48.18559,16.36963
133.0,551661125,Meidling,Entire rental unit,Entire home/apt,6,54.0,26,2,1.0,3,321,0,12,4.33,48.1826002,16.3258406
220.5,313423785,Mariahilf,Entire rental unit,Entire home/apt,6,334.0,41,2,1.0,2,326,1,117,4.85,48.20069210373668,16.358208916118834
151.0,448227459,Margareten,Entire rental unit,Entire home/apt,3,349.0,30,1,1.0,2,162,0,4,4.25,48.18416987114501,16.364228579936004
217.0,97532746,Landstraße,Entire rental unit,Entire home/apt,2,401.0,11,1,1.0,2,121,1,154,4.93,48.19894,16.386
120.0,20440317,Meidling,Entire rental unit,Entire home/apt,2,484.0,48,1,1.0,2,158,1,68,4.87,48.1839,16.34333
136.94,102927900,Innere Stadt,Entire rental unit,Entire home/apt,5,66.0,38,2,1.0,1,230,1,94,4.94,48.20533,16.37536
160.0,131336398,Meidling,Entire rental unit,Entire home/apt,4,493.0,8,1,1.0,3,177,0,6,4.83,48.18354,16.34255
142.67,15935294,Favoriten,Entire rental unit,Entire home/apt,2,93.0,22,1,1.0,1,285,0,8,4.63,48.16742,16.3462
61.0,391685367,Margareten,Entire rental unit,Entire home/apt,6,499.0,19,1,1.0,1,224,0,65,4.52,48.18693,16.36342
148.0,27775775,Margareten,Entire rental unit,Entire home/apt,4,522.0,33,1,1.0,1,273,0,161,4.6,48.18875819710546,16.356395015873964
83.04,506695159,Innere Stadt,Entire rental unit,Entire home/apt,3,417.0,62,1,1.0,4,205,1,27,4.81,48.20146,16.36824
74.0,547677118,Margareten,Entire rental unit,Entire home/apt,2,237.0,28,1,1.0,1,362,0,84,4.23,48.1857899213621,16.35328820047332
144.0,413289409,Landstraße,Room in hotel,Private room,4,104.0,14,1,1.0,1,205,0,1,5.0,48.1988078,16.3847949
160.0,217861796,Leopoldstadt,Entire rental unit,Entire home/apt,3,533.0,48,1,1.5,2,183,1,3,5.0,48.2193026,16.374411
85.0,511689935,Innere Stadt,Private room in hostel,Private room,3,237.0,27,1,3.0,1,144,0,6,4.5,48.21379,16.36766
69.0,168910680,Margareten,Private room in rental unit,Private room,2,494.0,27,1,1.0,1,37,0,3,5.0,48.18559,16.3547
131.24,537527709,Wieden,Entire rental unit,Entire home/apt,2,464.0,36,1,1.0,2,80,1,33,4.88,48.18723,16.36807
299.0,67003588,Wieden,Entire rental unit,Entire home/apt,6,511.0,52,1,1.5,2,9,0,25,4.72,48.18786,16.36809
95.67,260828331,Josefstadt,Entire rental unit,Entire home/apt,2,205.0,20,1,1.0,3,297,0,1,5.0,48.207789565232,16.352081373365483
99.0,448227459,Margareten,Entire rental unit,Entire home/apt,2,528.0,21,1,1.0,2,365,0,1,5.0,48.18542,16.36593
176.0,566831684,Hernals,Entire rental unit,Entire home/apt,4,305.0,19,2,1.0,1,327,0,11,4.82,48.21613,16.3338
141.6,599590806,Margareten,Entire rental unit,Entire home/apt,2,365.0,24,1,0.0,1,338,0,1,5.0,48.19141224763417,16.358144437890356
85.59,528677963,Rudolfsheim-Fünfhaus,Entire condo,Entire home/apt,3,474.0,52,1,1.0,1,31,0,69,4.75,48.20023976689709,16.32606885277864
348.0,83843720,Innere Stadt,Entire rental unit,Entire home/apt,4,428.0,53,2,1.0,1,112,0,30,4.7,48.21369228688634,16.373158136829694
286.0,558128149,Leopoldstadt,Entire rental unit,Entire home/apt,5,60.0,15,2,1.0,1,327,0,11,5.0,48.21909153273954,16.37491897855957
257.0,436228411,Neubau,Entire rental unit,Entire home/apt,4,403.0,28,1,1.0,2,221,1,162,4.92,48.20564684568424,16.35352884205585
147.0,1643928,Margareten,Entire rental unit,Entire home/apt,2,60.0,25,1,1.0,1,90,0,9,4.44,48.18617,16.36485
126.0,661633780,Neubau,Entire rental unit,Entire home/apt,2,447.0,30,1,1.0,1,184,0,7,4.57,48.19906640699601,16.338823767136493
92.8,90044965,Ottakring,Entire condo,Entire home/apt,2,68.0,33,1,1.0,5,173,0,102,4.74,48.20557,16.33003
198.0,400331696,Alsergrund,Entire rental unit,Entire home/apt,6,102.0,19,1,1.0,3,140,0,17,4.41,48.2188976,16.3592279
143.0,22917339,Rudolfsheim-Fünfhaus,Entire rental unit,Entire home/apt,3,317.0,29,1,1.0,2,322,0,1,5.0,48.20420574991573,16.328686929155484
37.6,700010120,Ottakring,Entire rental unit,Entire home/apt,2,261.0,5,1,1.0,2,179,0,1,5.0,48.21517,16.31796
220.67,100077166,Neubau,Entire condo,Entire home/apt,4,307.0,50,2,1.5,2,250,1,21,4.86,48.20637,16.34182
142.0,547677118,Rudolfsheim-Fünfhaus,Entire rental unit,Entire home/apt,6,398.0,28,2,1.0,1,317,0,15,4.4,48.20251,16.32881
48.6,546955734,Ottakring,Entire rental unit,Entire home/apt,2,416.0,33,1,1.5,30,249,0,6,4.67,48.20786040618301,16.324958209038666
239.67,248573266,Innere Stadt,Entire rental unit,Entire home/apt,2,39.0,22,1,1.0,3,139,0,24,4.79,48.21486760935295,16.369955791827
206.0,227323697,Mariahilf,Entire rental unit,Entire home/apt,5,0.0,52,2,1.0,1,65,0,4,4.5,48.20135239721405,16.360915469088376
53.24,546955734,Ottakring,Entire rental unit,Entire home/apt,2,416.0,34,1,1.5,30,253,0,4,4.25,48.20705,16.32506
56.93,2825556,Alsergrund,Entire condo,Entire home/apt,2,60.0,23,1,1.0,30,299,0,12,4.67,48.22133,16.35225
63.28,27775775,Alsergrund,Entire rental unit,Entire home/apt,2,488.0,32,1,1.5,1,235,0,177,4.94,48.22133,16.36511
226.0,175343322,Ottakring,Entire rental unit,Entire home/apt,12,59.0,32,4,1.0,1,158,0,3,4.0,48.21567,16.31276
137.0,342487988,Leopoldstadt,Entire rental unit,Entire home/apt,3,410.0,23,1,1.0,1,329,0,1,4.0,48.2168249,16.3783412
144.0,36588583,Mariahilf,Entire rental unit,Entire home/apt,2,379.0,4,1,1.0,4,326,0,7,4.86,48.199,16.35906
124.0,571382581,Neubau,Room in aparthotel,Entire home/apt,2,0.0,20,1,0.0,1,336,1,1,1.0,48.20058025036584,16.35699616521383
132.0,34876001,Leopoldstadt,Entire rental unit,Entire home/apt,4,436.0,33,1,1.0,1,194,1,28,4.82,48.22365,16.38434
60.0,511689935,Leopoldstadt,Private room in hostel,Private room,2,403.0,24,1,5.0,1,145,0,39,4.56,48.22596,16.38712
115.75,516360514,Ottakring,Entire rental unit,Entire home/apt,5,443.0,48,1,1.5,2,103,1,73,4.93,48.210184746459184,16.33393124545963
117.0,547677118,Leopoldstadt,Entire rental unit,Entire home/apt,2,476.0,35,1,1.0,1,347,0,52,4.54,48.22181094106412,16.378100948768875
79.2,1601374,Leopoldstadt,Entire rental unit,Entire home/apt,4,419.0,45,1,1.0,2,271,1,35,4.94,48.22448,16.38764
83.5,383835177,Hernals,Entire rental unit,Entire home/apt,3,306.0,38,1,1.0,2,347,0,1,4.0,48.21656,16.32301
196.1,432165658,Leopoldstadt,Entire rental unit,Entire home/apt,6,492.0,47,2,1.5,1,341,0,74,4.65,48.22126,16.38537
47.0,594507559,Ottakring,Entire rental unit,Entire home/apt,2,494.0,33,1,1.0,1,344,0,36,4.53,48.20496,16.33046
92.0,521999221,Brigittenau,Entire rental unit,Entire home/apt,4,496.0,52,1,1.0,1,292,0,136,4.43,48.23289645150552,16.373710588329192
97.47,197883322,Josefstadt,Entire rental unit,Entire home/apt,2,418.0,46,1,2.0,15,218,1,182,4.94,48.20934,16.34247
7766.15,466533771,Josefstadt,Entire rental unit,Entire home/apt,4,462.0,31,1,1.0,1,161,0,156,4.83,48.20784,16.34655
52.73,51562386,Rudolfsheim-Fünfhaus,Entire rental unit,Entire home/apt,4,525.0,21,2,1.0,30,338,1,4,5.0,48.20046352645125,16.325362066295273
152.0,511689935,Rudolfsheim-Fünfhaus,Entire rental unit,Entire home/apt,4,395.0,30,2,1.0,1,107,0,25,4.24,48.19539,16.31679
154.0,151869337,Leopoldstadt,Entire rental unit,Entire home/apt,5,0.0,43,3,1.0,1,6,0,32,4.72,48.22258675289072,16.386721600219335
134.0,661633780,Neubau,Entire rental unit,Entire home/apt,4,436.0,32,1,1.0,1,284,0,49,4.59,48.19941977407756,16.3383787516751
154.2,189066567,Alsergrund,Entire serviced apartment,Entire home/apt,8,526.0,51,3,2.5,30,180,1,4,4.75,48.21485,16.35384
180.0,4053187,Brigittenau,Entire rental unit,Entire home/apt,2,402.0,25,1,1.0,2,354,1,6,4.83,48.23198,16.37545
150.0,686074204,Landstraße,Entire rental unit,Entire home/apt,4,419.0,39,2,1.0,1,296,0,24,4.88,48.19430154254989,16.384988799532426
85.9,353754,Leopoldstadt,Entire condo,Entire home/apt,3,530.0,43,2,1.0,31,245,1,12,5.0,48.21965,16.37533
57.73,36894941,Neubau,Entire condo,Entire home/apt,2,378.0,28,1,1.0,18,152,1,127,4.87,48.20521,16.35339
131.0,222345303,Meidling,Entire rental unit,Entire home/apt,6,329.0,26,2,1.0,1,360,0,34,4.53,48.18130796556037,16.33298521969932
79.83,21910323,Neubau,Entire rental unit,Entire home/apt,2,388.0,28,1,1.0,29,90,1,40,4.88,48.203805,16.3565467
121.17,506695159,Wieden,Entire rental unit,Entire home/apt,6,447.0,65,3,1.5,31,275,1,21,4.86,48.19856885214005,16.36696302440363
409.3,367491211,Mariahilf,Entire serviced apartment,Entire home/apt,6,280.0,47,2,2.0,2,215,1,296,4.93,48.20007,16.36231
262.0,7147147,Innere Stadt,Entire rental unit,Entire home/apt,7,191.0,31,2,1.0,1,335,0,84,4.48,48.21498030112068,16.36971201242145
105.68,407937258,Wieden,Entire rental unit,Entire home/apt,4,595.0,39,2,1.5,23,293,1,13,4.77,48.19632972429,16.372766092111092
124.0,575253843,Brigittenau,Entire rental unit,Entire home/apt,2,554.0,55,1,1.0,2,334,1,10,4.5,48.22992,16.37446
124.0,503019853,Landstraße,Entire rental unit,Entire home/apt,3,393.0,36,1,1.0,1,210,0,65,4.69,48.20951,16.38702
288.0,9556855,Mariahilf,Entire rental unit,Entire home/apt,2,366.0,39,1,1.0,1,364,1,18,4.67,48.20004,16.36056
156.5,107658733,Ottakring,Entire rental unit,Entire home/apt,2,415.0,37,1,1.0,2,5,1,16,5.0,48.20595,16.334
111.84,8060786,Neubau,Entire rental unit,Entire home/apt,2,384.0,39,1,1.0,2,198,1,180,4.84,48.2046,16.33999
76.5,155884712,Neubau,Entire rental unit,Entire home/apt,2,93.0,16,1,1.0,1,60,0,14,5.0,48.20417,16.34004
239.0,588115225,Margareten,Entire rental unit,Entire home/apt,4,449.0,59,2,1.5,1,342,1,53,4.91,48.1891434,16.351763
95.0,169313127,Meidling,Entire rental unit,Entire home/apt,3,500.0,5,1,1.0,1,15,0,2,5.0,48.18595,16.33703
129.0,514556080,Mariahilf,Entire rental unit,Entire home/apt,4,503.0,40,1,1.0,1,100,1,159,4.82,48.19486159669623,16.34783237189213
179.0,212027054,Rudolfsheim-Fünfhaus,Entire rental unit,Entire home/apt,5,443.0,51,1,1.5,1,237,1,76,4.97,48.18688370537074,16.32953491061926
326.0,511677839,Neubau,Entire rental unit,Entire home/apt,6,402.0,40,2,1.0,1,78,0,78,4.69,48.20322643514387,16.339299957651907
114.25,8586957,Mariahilf,Entire rental unit,Entire home/apt,2,527.0,36,1,1.0,4,82,0,14,4.93,48.19478833975282,16.348760048415567
133.36,41574061,Brigittenau,Entire rental unit,Entire home/apt,5,496.0,4,2,1.0,14,330,0,1,5.0,48.22993873264721,16.372138811874503
118.55,403054814,Neubau,Entire rental unit,Entire home/apt,6,497.0,31,2,1.5,30,241,0,63,4.7,48.20666999053809,16.337436069518468
57.27,222345303,Alsergrund,Entire rental unit,Entire home/apt,4,483.0,36,1,1.0,30,224,0,10,4.7,48.21921329938384,16.343046128533185
173.0,4860716,Margareten,Entire rental unit,Entire home/apt,8,335.0,47,3,1.0,2,318,1,88,4.92,48.1884014,16.3462416
75.0,578796100,Mariahilf,Room in hotel,Private room,2,402.0,21,1,1.0,1,346,0,27,4.44,48.19439,16.34627
70.85,9719601,Neubau,Entire rental unit,Entire home/apt,3,213.0,44,2,1.0,31,284,1,128,4.95,48.2019,16.34396
130.73,407937258,Margareten,Entire rental unit,Entire home/apt,4,570.0,40,2,1.5,12,255,1,4,5.0,48.194727895523314,16.358772973513744
75.97,5647750,Wieden,Entire condo,Entire home/apt,2,300.0,49,1,1.0,30,283,0,339,4.87,48.19593,16.36055
314.33,270734472,Innere Stadt,Entire rental unit,Entire home/apt,4,442.0,37,2,1.5,1,168,1,24,4.79,48.21063076728755,16.377867288003902
77.5,96937048,Rudolfsheim-Fünfhaus,Entire rental unit,Entire home/apt,5,377.0,38,2,1.0,2,225,0,57,4.26,48.19684574462799,16.326689826658967
52.0,589598935,Rudolfsheim-Fünfhaus,Entire rental unit,Entire home/apt,6,393.0,33,2,1.0,1,349,0,42,4.29,48.19411687795363,16.331116331185445
127.0,278892619,Leopoldstadt,Entire rental unit,Entire home/apt,4,423.0,36,1,1.0,1,280,1,6,5.0,48.2196,16.38332
209.0,472171817,Leopoldstadt,Entire rental unit,Entire home/apt,4,1000.0,32,1,1.0,1,280,0,159,4.77,48.21945,16.38363
74.0,698891164,Leopoldstadt,Room in hotel,Private room,2,418.0,14,1,1.0,1,230,0,39,3.82,48.21631,16.38497
130.0,249583292,Leopoldstadt,Entire rental unit,Entire home/apt,4,460.0,27,1,1.0,1,334,0,5,4.4,48.21926459144142,16.384941235482263
109.5,473779995,Ottakring,Entire serviced apartment,Entire home/apt,4,370.0,53,1,1.5,2,343,0,113,4.84,48.21082,16.32962
118.29,677935383,Ottakring,Entire rental unit,Entire home/apt,4,394.0,37,1,1.0,1,259,0,27,4.78,48.20761344176206,16.32840972393751
315.32,542263386,Leopoldstadt,Entire condo,Entire home/apt,9,487.0,48,2,1.5,1,161,0,25,4.8,48.21473060997587,16.38464771557692
180.0,687946617,Leopoldstadt,Entire rental unit,Entire home/apt,6,646.0,28,2,1.0,1,163,0,71,4.66,48.21891774604985,16.380143283881022
154.0,265140657,Hernals,Entire condo,Entire home/apt,6,518.0,46,3,1.5,1,282,1,129,4.7,48.22394,16.31497
67.33,574406262,Donaustadt,Entire rental unit,Entire home/apt,3,250.0,50,1,1.0,2,203,0,8,4.75,48.22379,16.45404
89.5,469507541,Hernals,Entire condo,Entire home/apt,2,490.0,28,1,1.0,2,361,0,35,4.63,48.22058,16.32495
90.73,255227850,Donaustadt,Entire rental unit,Entire home/apt,4,274.0,39,2,1.0,2,292,0,9,4.56,48.24592002653128,16.441286917617266
98.0,462546700,Donaustadt,Entire condo,Entire home/apt,3,273.0,33,1,1.0,1,77,1,96,4.84,48.22379,16.44948
100.0,698213337,Donaustadt,Entire rental unit,Entire home/apt,4,344.0,37,1,1.0,1,323,1,61,4.8,48.227285,16.4540479
104.0,721613340,Donaustadt,Entire rental unit,Entire home/apt,6,422.0,43,2,1.5,3,291,1,1,5.0,48.2342778,16.4658638
91.0,698213337,Donaustadt,Entire rental unit,Entire home/apt,4,318.0,38,1,1.0,1,338,1,37,4.7,48.227285,16.4540479
100.0,691636646,Leopoldstadt,Entire rental unit,Entire home/apt,2,498.0,37,1,1.0,1,319,0,18,4.67,48.22537840423381,16.38762602927481
59.0,566831684,Hernals,Room in hotel,Private room,2,231.0,16,1,1.0,1,356,0,22,4.55,48.21734,16.33585
158.0,698213337,Donaustadt,Entire rental unit,Entire home/apt,4,451.0,38,1,1.0,2,331,1,69,4.71,48.227285,16.4540479
153.0,520633075,Favoriten,Entire rental unit,Entire home/apt,3,69.0,33,1,1.0,1,59,1,50,4.9,48.14487332069349,16.38415541499853
66.22,87917189,Donaustadt,Entire rental unit,Entire home/apt,2,407.0,38,1,1.0,30,192,1,4,5.0,48.2497891,16.4382014
114.5,572836458,Donaustadt,Entire home,Entire home/apt,3,448.0,36,2,1.5,2,226,1,32,4.78,48.2279127,16.4405098
155.5,657257173,Donaustadt,Entire rental unit,Entire home/apt,6,567.0,40,1,1.0,1,157,0,28,4.57,48.2329492917464,16.448197913763362
104.42,499356685,Floridsdorf,Entire home,Entire home/apt,4,273.0,50,2,1.0,2,359,0,27,4.67,48.2629,16.41669
120.0,462546700,Donaustadt,Entire condo,Entire home/apt,2,180.0,32,1,1.0,1,80,1,75,4.73,48.22182,16.44948
155.0,385936669,Simmering,Entire condo,Entire home/apt,2,47.0,28,1,1.0,1,296,0,17,4.71,48.16179,16.4335143
320.0,571724419,Leopoldstadt,Entire rental unit,Entire home/apt,4,550.0,32,2,1.5,2,313,1,34,5.0,48.21194,16.41783
76.33,721613340,Donaustadt,Entire rental unit,Entire home/apt,6,408.0,45,2,1.0,30,161,1,1,5.0,48.23497,16.46491
99.5,473779995,Favoriten,Entire serviced apartment,Entire home/apt,3,362.0,53,1,1.0,2,360,0,4,4.75,48.1626903,16.3826926
95.0,473779995,Favoriten,Entire serviced apartment,Entire home/apt,4,359.0,52,1,1.0,2,335,0,4,4.75,48.1626903,16.3826926
102.0,689246840,Donaustadt,Entire rental unit,Entire home/apt,4,337.0,33,1,1.0,1,89,0,13,4.54,48.22797,16.45312
292.0,696760910,Favoriten,Entire home,Entire home/apt,6,512.0,59,3,1.5,2,257,0,2,4.5,48.139737884762944,16.40756927722835
57.39,169711012,Währing,Entire rental unit,Entire home/apt,3,442.0,7,2,1.0,18,139,0,3,5.0,48.2287514,16.3239152
123.0,749302471,Floridsdorf,Entire rental unit,Entire home/apt,2,280.0,19,1,1.0,1,357,0,2,4.5,48.25575,16.41059
37.0,754484813,Liesing,Private room in rental unit,Private room,2,399.0,28,1,1.0,1,46,0,1,5.0,48.14623,16.29548
147.0,156351995,Rudolfsheim-Fünfhaus,Entire rental unit,Entire home/apt,4,454.0,38,2,1.5,1,161,0,12,4.83,48.1942226,16.3365159
112.5,554488956,Meidling,Entire rental unit,Entire home/apt,4,525.0,43,1,1.0,2,103,1,90,4.96,48.1594454,16.3092536
251.2,359422730,Floridsdorf,Entire home,Entire home/apt,4,516.0,71,2,1.5,5,342,0,13,5.0,48.283817,16.428497
94.0,473779995,Favoriten,Entire serviced apartment,Entire home/apt,4,358.0,52,1,1.0,2,333,0,3,4.67,48.1626903,16.3826926
90.0,664204728,Donaustadt,Entire rental unit,Entire home/apt,2,548.0,21,1,1.0,1,321,0,3,4.67,48.22665,16.45345
99.5,507887966,Liesing,Entire rental unit,Entire home/apt,2,493.0,53,1,1.0,2,114,1,124,4.87,48.15044,16.28409
275.0,725143984,Floridsdorf,Entire rental unit,Entire home/apt,6,405.0,58,2,1.0,1,357,1,5,4.8,48.2578482,16.3926964
75.0,545712919,Liesing,Entire rental unit,Entire home/apt,4,372.0,37,1,1.0,2,364,0,76,4.63,48.14699733655661,16.300477173777608
93.5,545712919,Liesing,Entire rental unit,Entire home/apt,5,372.0,47,2,1.5,2,321,0,13,4.77,48.1458918,16.3001761
183.0,411222256,Liesing,Entire home,Entire home/apt,6,442.0,49,3,2.0,1,76,0,57,4.72,48.15298,16.27777
126.0,754484813,Liesing,Entire rental unit,Entire home/apt,11,436.0,25,5,2.0,1,334,0,1,5.0,48.1474193402338,16.295669702737246
35.0,754484813,Liesing,Private room in rental unit,Private room,4,429.0,25,1,1.0,1,23,0,2,5.0,48.14774,16.29565
122.75,344410456,Floridsdorf,Entire condo,Entire home/apt,4,568.0,43,1,1.0,3,89,0,9,5.0,48.2764057,16.3968152
37.0,754484813,Liesing,Private room in rental unit,Private room,3,417.0,27,1,1.0,1,14,0,2,5.0,48.14752,16.29755
77.36,540236834,Floridsdorf,Entire rental unit,Entire home/apt,8,327.0,32,2,1.0,1,260,0,3,3.67,48.25517818167713,16.408153786195598
72.0,545712919,Liesing,Entire rental unit,Entire home/apt,2,372.0,27,1,1.0,2,351,0,33,4.82,48.1449,16.30061
108.98,521566852,Hernals,Entire condo,Entire home/apt,3,432.0,53,1,1.0,2,68,0,50,4.78,48.22329440000001,16.3208154
183.0,100326982,Liesing,Entire home,Entire home/apt,4,43.0,32,1,1.5,2,197,0,1,5.0,48.15366605513034,16.287361532449722
71.19,88962982,Donaustadt,Entire rental unit,Entire home/apt,3,352.0,58,1,1.5,29,231,1,10,5.0,48.24283,16.47198
399.5,65184642,Hernals,Entire rental unit,Entire home/apt,6,291.0,14,3,1.0,2,113,0,20,4.6,48.22578,16.31151
119.83,754204118,Donaustadt,Entire rental unit,Entire home/apt,4,519.0,47,1,1.0,2,45,0,8,5.0,48.24839,16.44038
237.0,473364085,Hernals,Room in hotel,Private room,3,386.0,4,1,1.0,1,335,0,2,5.0,48.2236254,16.3138116
146.0,30158835,Währing,Entire rental unit,Entire home/apt,2,555.0,56,2,1.5,1,276,1,50,4.88,48.2330322265625,16.318323135375977
128.0,153864304,Floridsdorf,Entire rental unit,Entire home/apt,4,376.0,44,1,1.0,1,356,0,11,4.82,48.2686386,16.4034958
131.5,305658362,Hernals,Entire rental unit,Entire home/apt,2,235.0,10,1,1.0,2,92,0,4,5.0,48.2288,16.29813
169.0,566831684,Döbling,Entire rental unit,Entire home/apt,8,297.0,35,2,1.0,1,327,0,35,4.57,48.25222913616095,16.29768012475137
131.0,469492278,Leopoldstadt,Entire condo,Entire home/apt,4,490.0,30,1,1.0,2,103,0,67,4.66,48.21806,16.41468
285.33,546752385,Leopoldstadt,Entire loft,Entire home/apt,3,510.0,73,1,1.0,3,62,1,28,4.86,48.206194596558085,16.430769219049058
186.0,427910432,Favoriten,Entire home,Entire home/apt,4,267.0,45,2,1.0,5,362,0,18,5.0,48.14073,16.38377
248.0,197425757,Landstraße,Entire rental unit,Entire home/apt,4,532.0,56,1,1.5,2,228,0,29,4.86,48.19471,16.411722
95.0,178837107,Hernals,Entire rental unit,Entire home/apt,4,489.0,40,1,1.0,1,350,0,2,5.0,48.2207623,16.3221544
90.0,684280440,Meidling,Entire rental unit,Entire home/apt,2,512.0,25,1,1.0,1,288,0,2,2.5,48.18682170930584,16.341191878416247
234.0,3647503,Leopoldstadt,Entire condo,Entire home/apt,4,63.0,27,1,1.0,1,175,0,42,4.88,48.21753,16.41384
33.0,754484813,Liesing,Private room in rental unit,Private room,2,473.0,28,1,1.0,1,48,0,12,4.42,48.14804,16.29674
141.0,253048870,Liesing,Entire rental unit,Entire home/apt,3,462.0,43,1,1.0,1,326,1,14,4.93,48.15241340619375,16.334155135417557
99.0,473779995,Favoriten,Entire serviced apartment,Entire home/apt,3,358.0,53,1,1.0,2,358,0,1,5.0,48.1626903,16.3826926
93.6,473779995,Favoriten,Entire serviced apartment,Entire home/apt,3,359.0,53,1,1.0,2,356,0,1,5.0,48.1626903,16.3826926
83.0,175343322,Liesing,Entire rental unit,Entire home/apt,3,493.0,27,1,1.0,1,164,0,3,4.67,48.14572,16.3543
85.5,473779995,Favoriten,Entire serviced apartment,Entire home/apt,4,359.0,52,1,1.0,2,333,0,3,5.0,48.1626903,16.3826926
137.0,253048870,Liesing,Entire rental unit,Entire home/apt,2,438.0,42,1,1.0,1,316,1,7,4.86,48.15035525851837,16.333626475270883
99.0,473779995,Favoriten,Entire serviced apartment,Entire home/apt,4,360.0,52,1,1.0,2,352,0,2,5.0,48.1626903,16.3826926
71.0,175343322,Liesing,Entire rental unit,Entire home/apt,2,158.0,27,1,1.0,1,169,0,1,5.0,48.14524520931944,16.354837786824685
408.0,588273215,Liesing,Entire rental unit,Entire home/apt,4,363.0,53,2,1.0,1,195,0,5,5.0,48.14910018763987,16.349264372270834
137.0,253048870,Liesing,Entire rental unit,Entire home/apt,2,435.0,41,1,1.0,1,302,1,1,5.0,48.15061519688616,16.33488079526839
78.0,175343322,Liesing,Entire rental unit,Entire home/apt,2,450.0,26,1,1.0,1,176,0,2,4.0,48.14557348493168,16.354587666650897
139.0,540236834,Floridsdorf,Entire rental unit,Entire home/apt,7,512.0,36,3,1.0,1,165,0,1,3.0,48.29281,16.38898
54.0,672971970,Favoriten,Private room in rental unit,Private room,1,476.0,6,1,0.5,1,162,0,1,4.0,48.162587886521976,16.382267336011623
92.0,540236834,Liesing,Entire rental unit,Entire home/apt,2,394.0,35,1,1.0,1,141,0,1,4.0,48.14595692589283,16.35372915821807
67.5,175343322,Liesing,Entire rental unit,Entire home/apt,2,450.0,27,1,1.0,1,173,0,3,4.0,48.14522216493255,16.353942986551033
53.0,566831684,Döbling,Room in boutique hotel,Private room,2,183.0,24,1,1.0,1,356,0,25,4.4,48.2518,16.29773
168.0,30158835,Währing,Entire rental unit,Entire home/apt,4,552.0,57,2,1.0,1,210,1,27,4.96,48.233177185058594,16.318151473999023
96.0,697942419,Floridsdorf,Private room in condo,Private room,1,460.0,46,1,1.0,2,337,0,2,5.0,48.26350679999999,16.4529797
91.0,473779995,Favoriten,Entire serviced apartment,Entire home/apt,4,362.0,50,1,1.0,2,321,0,2,5.0,48.16269,16.38269
93.6,473779995,Favoriten,Entire serviced apartment,Entire home/apt,4,360.0,52,1,1.0,2,335,0,1,4.0,48.1626903,16.3826926
49.0,566831684,Döbling,Room in boutique hotel,Private room,1,211.0,18,1,1.0,1,319,0,4,4.75,48.25039,16.29826
235.5,34876001,Döbling,Entire home,Entire home/apt,6,501.0,35,2,2.5,2,220,1,27,4.67,48.25165,16.30754
127.6,540236834,Liesing,Entire rental unit,Entire home/apt,4,428.0,35,2,1.0,1,255,0,2,3.5,48.13904518037022,16.31729790504738
133.0,229740965,Währing,Entire rental unit,Entire home/apt,3,478.0,12,1,1.0,2,305,0,42,4.76,48.23573,16.31779
134.0,578621904,Donaustadt,Entire rental unit,Entire home/apt,4,436.0,44,1,1.0,2,140,1,54,4.98,48.2509068,16.4352381
72.0,175343322,Liesing,Entire rental unit,Entire home/apt,2,461.0,27,1,1.0,1,179,0,1,5.0,48.14719039764375,16.354600311684553
53.0,566831684,Döbling,Room in boutique hotel,Private room,2,421.0,21,1,1.0,1,361,0,37,4.46,48.25179,16.29781
98.5,521566852,Hernals,Entire rental unit,Entire home/apt,4,53.0,39,1,1.5,2,82,0,36,4.78,48.2241181,16.3184484
85.5,473779995,Favoriten,Entire serviced apartment,Entire home/apt,4,359.0,52,1,1.0,2,326,0,1,5.0,48.1626903,16.3826926
89.5,473779995,Favoriten,Entire serviced apartment,Entire home/apt,4,363.0,52,1,1.0,2,354,0,2,4.5,48.1626903,16.3826926
106.0,462546700,Donaustadt,Entire rental unit,Entire home/apt,2,203.0,33,1,1.0,1,164,1,72,4.88,48.22381,16.45145
112.0,129960877,Leopoldstadt,Entire rental unit,Entire home/apt,2,245.0,39,1,1.0,1,329,0,220,4.77,48.21571,16.38453
167.67,187775277,Favoriten,Entire rental unit,Entire home/apt,2,142.0,37,1,1.0,3,99,0,1,5.0,48.1547891,16.406692
152.0,534806613,Donaustadt,Entire rental unit,Entire home/apt,2,466.0,34,1,1.0,2,168,0,9,5.0,48.23668200443922,16.484952494502068
103.07,529089472,Donaustadt,Entire rental unit,Entire home/apt,4,474.0,46,1,1.0,3,141,0,13,4.54,48.245116960520924,16.439093581809214
325.5,65184642,Hernals,Entire rental unit,Entire home/apt,6,304.0,25,2,1.0,2,90,0,49,4.8,48.22524,16.31353
54.44,42505759,Favoriten,Entire condo,Entire home/apt,2,487.0,47,1,1.5,31,297,0,8,5.0,48.16254379999999,16.383275
60.9,263501406,Favoriten,Entire rental unit,Entire home/apt,2,423.0,38,1,1.0,1,212,1,12,4.92,48.14157,16.38155
234.0,222345303,Donaustadt,Entire rental unit,Entire home/apt,8,483.0,31,3,1.0,1,336,0,38,4.82,48.24798218001778,16.440049723884503
102.75,23958058,Währing,Entire rental unit,Entire home/apt,2,405.0,39,1,1.0,4,198,1,186,4.87,48.23179,16.32242
280.0,159974908,Donaustadt,Entire townhouse,Entire home/apt,12,614.0,67,5,2.5,1,72,1,138,4.84,48.20978089277237,16.45439559721977
100.5,2805014,Floridsdorf,Entire rental unit,Entire home/apt,3,519.0,37,1,1.0,10,342,0,4,4.75,48.26149,16.38753
62.0,698213337,Donaustadt,Entire rental unit,Entire home/apt,3,336.0,41,1,1.0,2,354,1,36,4.78,48.22729,16.45405
121.5,95006153,Donaustadt,Entire rental unit,Entire home/apt,2,552.0,32,1,1.0,2,147,1,12,5.0,48.22122,16.45053
199.0,227232876,Leopoldstadt,Entire rental unit,Entire home/apt,5,443.0,38,2,1.0,1,293,1,58,4.52,48.19349,16.44853
96.0,698213337,Donaustadt,Entire rental unit,Entire home/apt,4,318.0,40,1,1.0,1,332,1,64,4.72,48.22701233357694,16.453838534653187
80.0,226564241,Leopoldstadt,Private room in nature lodge,Private room,2,417.0,20,1,1.0,1,175,0,22,4.32,48.19415,16.45072
129.0,452281710,Simmering,Entire serviced apartment,Entire home/apt,6,392.0,53,2,1.0,1,54,1,11,5.0,48.1637569,16.4457987
337.33,257735050,Leopoldstadt,Entire rental unit,Entire home/apt,5,503.0,50,2,1.0,3,177,0,4,4.5,48.20326,16.43529
65.5,1674762757275145642,Donaustadt,Entire rental unit,Entire home/apt,3,378.0,10,1,1.0,2,31,0,3,4.33,48.22558,16.45547
435.0,39161116,Donaustadt,Entire vacation home,Entire home/apt,8,518.0,54,5,1.5,1,188,0,101,4.88,48.215919494628906,16.43888282775879
197.29,5049334,Währing,Entire home,Entire home/apt,6,443.0,33,4,1.0,7,262,0,8,5.0,48.24801,16.29419
199.0,227232876,Leopoldstadt,Entire serviced apartment,Entire home/apt,5,443.0,37,2,1.0,1,254,1,18,4.56,48.19405769999999,16.4493332
120.0,106352266,Hernals,Entire guesthouse,Entire home/apt,2,455.0,10,1,1.0,1,262,1,9,4.89,48.23339,16.29922
98.0,462546700,Donaustadt,Entire rental unit,Entire home/apt,2,385.0,32,1,1.0,1,356,1,28,4.93,48.22365193937333,16.450067574133705
199.0,47644816,Hernals,Entire condo,Entire home/apt,6,501.0,45,3,1.0,1,309,1,12,5.0,48.22645,16.28646
170.0,726435511,Währing,Entire rental unit,Entire home/apt,2,344.0,41,1,1.0,3,350,1,3,5.0,48.24170679051478,16.308568368017312
382.5,156290557,Hernals,Entire rental unit,Entire home/apt,6,216.0,68,2,2.0,2,193,1,177,5.0,48.23664,16.29454
103.0,566831684,Hernals,Entire rental unit,Entire home/apt,3,397.0,24,1,1.0,1,331,0,1,5.0,48.22883,16.28142
118.68,152960925,Ottakring,Entire rental unit,Entire home/apt,2,460.0,35,1,1.5,2,282,1,77,4.96,48.22054057459366,16.31668787481692
294.0,39530642,Währing,Entire rental unit,Entire home/apt,8,379.0,33,3,2.5,1,22,0,9,5.0,48.23194059999999,16.3243173
126.0,16559795,Währing,Entire condo,Entire home/apt,4,326.0,33,1,1.0,2,111,0,16,4.63,48.23221,16.32394
132.5,738802440,Ottakring,Entire condo,Entire home/apt,3,246.0,33,1,1.0,1,206,0,3,5.0,48.22032,16.31985
83.67,4320959,Hernals,Entire serviced apartment,Entire home/apt,4,356.0,44,1,1.0,1,123,1,17,5.0,48.2212717,16.3226747
141.0,253048870,Liesing,Entire rental unit,Entire home/apt,3,463.0,43,1,1.0,1,333,1,13,5.0,48.15235,16.33469
55.0,566831684,Döbling,Room in boutique hotel,Private room,4,462.0,20,1,1.0,1,346,0,31,4.61,48.252061826092486,16.29928253309036
69.97,135515214,Liesing,Private room in townhouse,Private room,5,547.0,43,1,1.0,2,342,1,32,4.91,48.14690179999999,16.3596045
72.0,175343322,Liesing,Entire rental unit,Entire home/apt,2,506.0,27,1,1.0,1,177,0,3,5.0,48.14588785134027,16.353614239723484
152.0,253048870,Liesing,Entire rental unit,Entire home/apt,3,466.0,43,1,1.0,1,343,1,6,4.83,48.15059,16.33368
227.17,455470250,Liesing,Entire townhouse,Entire home/apt,6,346.0,55,2,2.5,6,357,0,19,4.79,48.1402,16.34648
301.0,265140657,Ottakring,Entire condo,Entire home/apt,7,362.0,48,3,1.5,1,286,1,108,4.85,48.22223,16.31482
62.5,540236834,Liesing,Entire rental unit,Entire home/apt,2,394.0,32,1,1.0,1,171,0,3,5.0,48.14608,16.35266
88.0,540236834,Liesing,Entire rental unit,Entire home/apt,4,545.0,29,1,1.0,1,155,0,1,5.0,48.14627,16.35406
137.0,253048870,Liesing,Entire rental unit,Entire home/apt,2,461.0,40,1,1.0,1,263,1,20,4.9,48.15084,16.33477
408.0,588273215,Liesing,Entire rental unit,Entire home/apt,4,362.0,53,2,1.0,1,195,0,16,4.81,48.14989399751785,16.34919143992268
170.0,726435511,Währing,Entire rental unit,Entire home/apt,2,505.0,40,1,1.0,3,311,1,3,5.0,48.24384,16.3087
76.46,574406262,Donaustadt,Entire rental unit,Entire home/apt,3,430.0,53,1,1.0,2,63,0,31,4.81,48.22391,16.45387
68.67,404524004,Hernals,Entire rental unit,Entire home/apt,2,540.0,20,1,1.5,1,16,0,3,5.0,48.2291,16.29871
93.02,516360514,Hernals,Entire rental unit,Entire home/apt,4,416.0,39,1,1.0,2,142,1,33,4.76,48.22427,16.31765
82.5,512785566,Hernals,Entire rental unit,Entire home/apt,2,239.0,40,1,1.0,2,84,1,62,4.95,48.22226,16.3237
73.34,20048438,Josefstadt,Entire condo,Entire home/apt,2,516.0,45,1,1.5,30,293,0,15,4.67,48.21299,16.34306
92.0,540236834,Liesing,Entire rental unit,Entire home/apt,1,394.0,28,1,1.0,1,170,0,7,4.29,48.14739,16.35342
215.0,540236834,Währing,Entire rental unit,Entire home/apt,14,189.0,34,3,1.0,1,246,0,2,4.0,48.2327,16.31512
142.5,18579469,Floridsdorf,Entire home,Entire home/apt,4,467.0,46,2,1.0,2,290,0,19,4.84,48.27522,16.44997
72.47,574406262,Donaustadt,Entire rental unit,Entire home/apt,2,250.0,49,1,1.0,2,76,0,8,5.0,48.22372,16.45433
150.1,659583639,Hernals,Entire rental unit,Entire home/apt,5,319.0,34,2,1.0,2,127,1,67,4.85,48.22074129986787,16.324162462523816
203.0,222345303,Donaustadt,Entire rental unit,Entire home/apt,4,438.0,30,1,1.0,1,346,0,25,4.48,48.2562437463976,16.45073260169752
118.0,720292812,Donaustadt,Entire serviced apartment,Entire home/apt,3,277.0,37,1,1.0,1,300,0,252,4.8,48.22564,16.42149
131.67,102927900,Innere Stadt,Entire rental unit,Entire home/apt,4,72.0,37,1,1.0,1,127,1,60,4.92,48.20843960569097,16.37203498021623
90.5,273961387,Hietzing,Entire rental unit,Entire home/apt,4,472.0,47,1,1.5,1,68,1,109,4.77,48.16254806518555,16.290056228637695
247.0,1996189,Simmering,Entire rental unit,Entire home/apt,4,347.0,46,2,1.5,1,204,1,101,4.82,48.17839,16.41165
110.21,474105280,Landstraße,Entire condo,Entire home/apt,6,439.0,41,2,1.0,2,48,0,154,4.79,48.19347,16.40744
129.0,435990655,Donaustadt,Private room in rental unit,Private room,2,491.0,30,1,0.0,1,303,0,1,5.0,48.232419498551394,16.416099883186856
203.0,65184642,Hernals,Entire rental unit,Entire home/apt,6,449.0,19,2,1.5,2,149,0,5,5.0,48.22565,16.31336
86.5,545712919,Liesing,Entire rental unit,Entire home/apt,4,372.0,39,1,1.0,2,352,0,7,5.0,48.1458918,16.3001761
75.0,545712919,Liesing,Entire rental unit,Entire home/apt,4,372.0,37,1,1.0,1,363,0,47,4.81,48.14492115261452,16.299312040467612
400.0,16038716,Währing,Entire rental unit,Entire home/apt,6,343.0,26,2,1.0,1,167,1,14,4.71,48.23117321923559,16.322639112973587
118.0,720292812,Donaustadt,Entire serviced apartment,Entire home/apt,3,277.0,38,1,1.0,1,332,0,122,4.68,48.227338336707525,16.423230550047624
114.12,101472118,Donaustadt,Entire rental unit,Entire home/apt,4,457.0,47,1,1.5,4,217,1,191,4.85,48.22434,16.42203
137.0,186455338,Hietzing,Entire rental unit,Entire home/apt,1,30.0,45,1,1.0,1,365,0,100,4.75,48.18656,16.29747
36.65,13336646,Penzing,Entire rental unit,Entire home/apt,6,92.0,10,1,1.0,1,351,0,28,4.54,48.19506,16.28755
91.33,24183802,Hernals,Entire rental unit,Entire home/apt,2,370.0,10,1,1.0,3,89,0,1,5.0,48.22682,16.3067
182.59,548349643,Leopoldstadt,Entire rental unit,Entire home/apt,4,440.0,48,1,1.0,1,9,1,35,4.94,48.2098446,16.4197515
371.0,3548611,Ottakring,Entire villa,Entire home/apt,8,242.0,59,4,3.0,4,159,0,37,4.95,48.21426,16.28882
336.0,151274765,Hernals,Entire rental unit,Entire home/apt,10,392.0,47,3,1.0,2,319,0,1,5.0,48.23044,16.29288
154.06,33675988,Penzing,Entire condo,Entire home/apt,6,302.0,43,3,1.0,2,70,1,122,4.86,48.19892,16.27462
216.67,222188391,Hietzing,Entire rental unit,Entire home/apt,4,235.0,29,1,1.0,3,59,0,79,4.87,48.17101875321918,16.294932326664235
240.0,18325537,Hietzing,Entire rental unit,Entire home/apt,2,516.0,33,1,1.0,2,147,0,5,4.8,48.18864,16.28181
137.0,390657191,Leopoldstadt,Entire condo,Entire home/apt,2,456.0,40,1,1.5,2,144,0,65,4.89,48.219008,16.4114589
296.0,3226587,Neubau,Entire loft,Entire home/apt,4,449.0,53,2,2.5,3,78,1,103,4.93,48.20752892001472,16.33779120532543
82.5,16013247,Penzing,Entire rental unit,Entire home/apt,4,503.0,39,1,1.0,2,261,0,100,4.84,48.19495,16.29776
110.5,492527424,Leopoldstadt,Entire rental unit,Entire home/apt,4,507.0,47,2,1.0,2,148,1,167,4.75,48.21624456839714,16.384255973541265
303.0,95180250,Landstraße,Entire rental unit,Entire home/apt,6,536.0,15,2,1.0,1,333,0,11,4.55,48.19446,16.41136
187.0,245165047,Leopoldstadt,Entire rental unit,Entire home/apt,5,442.0,13,2,1.0,2,287,1,22,4.91,48.2206925,16.4088224
80.5,540236834,Penzing,Entire rental unit,Entire home/apt,4,411.0,33,1,1.0,1,160,0,3,5.0,48.19712,16.2803
185.8,502270334,Landstraße,Entire rental unit,Entire home/apt,3,438.0,27,1,1.0,2,36,1,58,4.79,48.194878,16.4107408
66.0,732583190,Penzing,Room in hotel,Private room,3,306.0,39,1,1.0,1,327,1,5,4.6,48.20018,16.28688
116.0,87484808,Leopoldstadt,Entire rental unit,Entire home/apt,4,388.0,41,1,1.0,1,139,0,30,4.87,48.220123925229245,16.41247018677735
184.0,471806426,Landstraße,Entire condo,Entire home/apt,4,390.0,36,1,1.0,2,239,0,156,4.83,48.19469369999999,16.4110295
66.9,732583190,Penzing,Room in hotel,Private room,3,306.0,38,1,1.0,1,338,1,10,5.0,48.20119,16.28654
192.5,800602,Landstraße,Entire rental unit,Entire home/apt,4,442.0,47,1,1.0,2,32,0,5,4.8,48.1944545,16.4113638
96.49,670951392,Favoriten,Entire rental unit,Entire home/apt,4,264.0,39,2,1.0,1,112,0,6,4.83,48.17343,16.37125
114.0,87484808,Leopoldstadt,Entire rental unit,Entire home/apt,4,351.0,41,1,1.5,1,149,0,50,4.88,48.2189003,16.411782
265.0,100351711,Neubau,Tiny home,Entire home/apt,3,458.0,43,2,1.5,1,316,1,105,4.94,48.2036,16.35023
90.16,518939434,Rudolfsheim-Fünfhaus,Entire rental unit,Entire home/apt,2,488.0,29,1,1.0,2,180,0,13,5.0,48.19878,16.33368
288.0,46137450,Rudolfsheim-Fünfhaus,Entire rental unit,Entire home/apt,6,326.0,54,2,1.0,2,268,1,139,4.96,48.193817,16.337118
88.5,9719601,Neubau,Entire rental unit,Entire home/apt,1,457.0,40,1,1.0,2,207,1,378,4.89,48.2019,16.34396
194.0,83843720,Simmering,Entire rental unit,Entire home/apt,4,454.0,34,1,1.0,1,343,0,13,4.38,48.169716155759005,16.424338944250938
113.0,537086875,Simmering,Entire rental unit,Entire home/apt,2,409.0,39,1,1.0,1,87,1,36,4.75,48.17561,16.41122
98.0,163735053,Rudolfsheim-Fünfhaus,Entire rental unit,Entire home/apt,2,205.0,19,1,1.0,1,211,0,57,4.54,48.19507,16.33353
160.0,129829780,Innere Stadt,Entire rental unit,Entire home/apt,2,409.0,2,1,1.0,1,349,0,3,5.0,48.2070750402022,16.376091009428542
154.5,9719601,Neubau,Entire rental unit,Entire home/apt,4,412.0,48,1,1.0,2,247,1,505,4.95,48.20128,16.34614
95.0,511689935,Innere Stadt,Private room in hostel,Private room,2,269.0,26,1,3.0,1,144,0,9,4.89,48.2129079,16.3684478
180.0,59297304,Rudolfsheim-Fünfhaus,Entire rental unit,Entire home/apt,4,0.0,46,1,1.5,1,273,1,124,4.96,48.19334,16.33413
109.55,12923922,Neubau,Entire rental unit,Entire home/apt,3,244.0,41,1,1.0,3,107,1,434,4.86,48.20175,16.35252
164.0,743398,Margareten,Entire rental unit,Entire home/apt,4,441.0,25,1,1.0,2,334,0,110,4.65,48.19196,16.35766
87.0,518644,Margareten,Private room in rental unit,Private room,2,0.0,50,1,1.5,1,326,0,145,4.58,48.1949,16.35879
143.0,196356933,Margareten,Entire rental unit,Entire home/apt,4,478.0,31,1,1.0,1,264,1,24,4.71,48.19199,16.36216
422.0,713652769,Innere Stadt,Entire rental unit,Entire home/apt,9,434.0,45,4,2.0,1,263,1,34,4.97,48.20816,16.37356
154.0,10224269,Rudolfsheim-Fünfhaus,Entire rental unit,Entire home/apt,5,302.0,45,1,1.0,1,207,0,9,5.0,48.197189,16.33017
179.5,243331985,Rudolfsheim-Fünfhaus,Entire rental unit,Entire home/apt,6,483.0,26,2,1.0,2,37,0,184,4.78,48.19584,16.32777
163.67,4208823,Mariahilf,Entire rental unit,Entire home/apt,2,37.0,19,1,1.0,1,138,1,77,4.87,48.19717,16.35436
292.5,42501442,Wieden,Entire rental unit,Entire home/apt,4,164.0,45,1,1.5,2,131,1,74,4.88,48.19849,16.36604
100.67,522686394,Rudolfsheim-Fünfhaus,Entire condo,Entire home/apt,4,431.0,35,1,1.0,3,301,0,93,4.77,48.1931,16.33632
253.0,594507559,Ottakring,Entire rental unit,Entire home/apt,8,499.0,34,4,4.0,1,342,0,2,2.0,48.2055,16.3305
80.5,4695515,Margareten,Entire rental unit,Entire home/apt,4,517.0,44,1,1.5,2,242,0,201,4.62,48.19271,16.36187
468.0,393807464,Innere Stadt,Entire serviced apartment,Entire home/apt,6,416.0,33,2,2.0,1,156,1,74,4.92,48.20721,16.37672
118.0,518644,Margareten,Entire rental unit,Entire home/apt,2,564.0,39,1,1.0,1,312,0,175,4.35,48.19353,16.36057
120.0,708354773,Rudolfsheim-Fünfhaus,Entire rental unit,Entire home/apt,6,545.0,30,1,1.0,1,36,0,24,4.75,48.19426412248552,16.334429942071438
131.24,20962897,Rudolfsheim-Fünfhaus,Entire rental unit,Entire home/apt,10,334.0,30,3,1.0,1,60,0,436,4.48,48.19301,16.33396
323.67,20068276,Hernals,Entire serviced apartment,Entire home/apt,6,370.0,72,3,1.5,3,185,1,94,4.8,48.21238,16.33884
166.75,3027372,Neubau,Entire rental unit,Entire home/apt,2,1000.0,46,1,1.0,4,186,1,256,4.98,48.20142,16.3515
146.0,146020503,Innere Stadt,Entire rental unit,Entire home/apt,2,459.0,35,1,0.0,1,344,0,44,4.68,48.21082010251031,16.375079676212582
359.67,20068276,Hernals,Entire serviced apartment,Entire home/apt,6,369.0,75,2,2.0,3,170,1,54,4.91,48.21238,16.33884
217.0,696571369,Innere Stadt,Entire rental unit,Entire home/apt,3,522.0,35,1,1.0,1,312,0,21,4.81,48.20738,16.37458
137.7,24508490,Neubau,Entire rental unit,Entire home/apt,2,316.0,35,1,1.0,3,44,1,149,4.82,48.20101,16.3458
84.0,537086875,Simmering,Entire rental unit,Entire home/apt,2,437.0,37,1,1.0,1,98,1,25,4.88,48.17513,16.41159
91.33,120569999,Simmering,Entire rental unit,Entire home/apt,7,485.0,45,2,1.0,3,111,0,50,4.72,48.17584,16.4254
121.02,83843720,Simmering,Entire rental unit,Entire home/apt,3,493.0,33,1,1.0,1,357,0,16,4.44,48.16867,16.42635
182.67,14415540,Simmering,Entire home,Entire home/apt,10,485.0,45,4,2.0,3,172,0,2,4.5,48.17481,16.42493
103.0,537086875,Simmering,Entire rental unit,Entire home/apt,2,437.0,38,1,1.0,1,12,1,40,4.68,48.1763009,16.412162
145.0,706263647,Simmering,Entire rental unit,Entire home/apt,2,449.0,13,1,1.0,1,206,0,2,5.0,48.18339026516424,16.408162526786327
91.33,120569999,Simmering,Entire rental unit,Entire home/apt,7,513.0,48,2,1.0,2,95,0,49,4.57,48.1746,16.42596
220.5,216693130,Favoriten,Entire rental unit,Entire home/apt,4,181.0,44,2,1.0,2,78,1,64,5.0,48.1739328,16.3925092
120.0,120569999,Simmering,Entire home,Entire home/apt,10,485.0,49,3,1.0,3,174,0,10,4.4,48.17531,16.42403
71.4,732583190,Penzing,Room in hotel,Private room,2,279.0,40,1,1.0,1,342,1,4,4.75,48.20119,16.28752
67.0,36125677,Simmering,Entire rental unit,Entire home/apt,2,501.0,28,1,1.0,2,37,0,1,5.0,48.17440428215837,16.414257176220417
150.0,222961182,Landstraße,Entire rental unit,Entire home/apt,5,494.0,44,1,1.0,1,174,0,6,4.83,48.19301,16.40929
59.23,76279288,Penzing,Entire condo,Entire home/apt,4,475.0,44,1,1.0,31,153,0,57,4.93,48.19846674175877,16.27570275595457
163.67,120569999,Simmering,Entire home,Entire home/apt,10,523.0,49,4,2.0,3,172,0,20,4.8,48.17409,16.42605
276.33,13835904,Brigittenau,Entire townhouse,Entire home/apt,5,520.0,26,2,2.0,3,252,0,1,4.0,48.2306634,16.3703579
243.0,909601,Leopoldstadt,Entire rental unit,Entire home/apt,2,447.0,50,1,1.5,2,330,1,4,5.0,48.21817,16.40788
66.0,732583190,Penzing,Room in hotel,Private room,2,267.0,35,1,1.0,1,346,1,5,4.6,48.2001749,16.286878
228.9,471806426,Donaustadt,Entire rental unit,Entire home/apt,5,174.0,32,2,1.0,2,16,0,62,4.89,48.24363122986849,16.432648746032708
132.0,488885043,Favoriten,Entire rental unit,Entire home/apt,4,147.0,28,2,1.0,1,1,0,54,4.44,48.17573,16.38172
754.0,71074913,Leopoldstadt,Entire rental unit,Entire home/apt,6,353.0,20,3,3.0,3,32,0,64,4.84,48.21267,16.38015
33.98,462142791,Innere Stadt,Entire serviced apartment,Entire home/apt,2,71.0,30,1,1.5,90,132,0,3,5.0,48.2158197,16.3714777
108.5,534636774,Neubau,Entire rental unit,Entire home/apt,3,170.0,30,1,1.0,2,3,0,53,4.89,48.20382785553007,16.338643226983635
223.0,14092467,Leopoldstadt,Entire rental unit,Entire home/apt,3,458.0,29,1,1.0,1,257,0,11,5.0,48.21984523442419,16.411867893124157
54.0,311151517,Mariahilf,Entire rental unit,Entire home/apt,2,497.0,28,1,1.0,1,345,0,44,4.43,48.19633,16.34469
242.0,661955262,Wieden,Entire rental unit,Entire home/apt,7,475.0,37,3,2.0,1,311,0,18,4.5,48.18682,16.36717
78.0,571497431,Brigittenau,Entire rental unit,Entire home/apt,3,86.0,18,1,1.0,1,14,0,24,4.25,48.23589,16.36851
13.73,5874520,Leopoldstadt,Entire rental unit,Entire home/apt,2,410.0,24,1,1.5,90,214,0,2,5.0,48.21905,16.37564
70.33,10281621,Meidling,Entire rental unit,Entire home/apt,4,180.0,27,1,1.0,3,22,0,89,4.74,48.1786234,16.3226525
25.38,482450419,Innere Stadt,Entire rental unit,Entire home/apt,2,287.0,39,1,1.5,28,339,1,5,5.0,48.21486,16.37241
263.0,559988321,Leopoldstadt,Entire serviced apartment,Entire home/apt,6,271.0,36,3,2.5,1,324,0,141,4.95,48.22147,16.38346
40.7,96995679,Ottakring,Entire rental unit,Entire home/apt,1,179.0,34,1,1.0,10,63,0,22,4.45,48.20921748945257,16.326682716608047
148.5,563850236,Landstraße,Entire rental unit,Entire home/apt,3,446.0,41,1,1.5,2,2,0,14,4.71,48.201894,16.4003804
133.96,13102957,Hernals,Entire rental unit,Entire home/apt,2,414.0,38,1,1.0,3,22,0,18,5.0,48.22084,16.33161
16.88,2700948,Margareten,Entire rental unit,Entire home/apt,4,459.0,32,1,1.0,90,323,0,2,4.5,48.183358441356006,16.35199389259031
150.0,153864304,Brigittenau,Entire rental unit,Entire home/apt,5,70.0,19,1,1.0,1,364,0,42,4.64,48.2397906,16.386481
125.53,271624147,Neubau,Entire rental unit,Entire home/apt,2,0.0,27,1,1.0,1,169,0,4,4.5,48.20286,16.35114
150.0,28254316,Leopoldstadt,Entire rental unit,Entire home/apt,2,433.0,40,1,1.0,3,95,1,42,4.88,48.2234314,16.3865631
268.0,153864304,Brigittenau,Entire rental unit,Entire home/apt,8,54.0,40,3,1.5,1,306,0,15,4.67,48.2397906,16.386481
31.21,94754309,Ottakring,Entire rental unit,Entire home/apt,3,456.0,37,1,1.0,90,358,0,2,5.0,48.20679,16.33077
454.0,115915838,Neubau,Room in aparthotel,Entire home/apt,7,233.0,14,3,2.0,1,311,0,16,4.25,48.1977687,16.347468
165.0,559988321,Währing,Entire serviced apartment,Entire home/apt,6,284.0,33,2,1.0,1,198,0,72,4.94,48.21859869950133,16.34008298940948
129.34,385064248,Rudolfsheim-Fünfhaus,Entire rental unit,Entire home/apt,2,321.0,28,1,1.5,30,37,0,1,5.0,48.1925382,16.3347615
144.0,527038417,Leopoldstadt,Entire rental unit,Entire home/apt,4,515.0,31,1,1.0,1,18,0,26,4.62,48.22383,16.40235
39.67,141076697,Meidling,Entire rental unit,Entire home/apt,2,479.0,31,1,1.0,30,243,0,85,4.61,48.17854281372404,16.344273547894876
21.29,131091001,Landstraße,Entire rental unit,Entire home/apt,2,254.0,34,1,1.0,90,362,0,24,4.79,48.19657,16.38195
169.33,19107534,Neubau,Entire rental unit,Entire home/apt,2,350.0,31,1,1.0,3,60,1,49,4.94,48.203,16.35289
158.0,53178880,Brigittenau,Entire rental unit,Entire home/apt,4,51.0,46,2,1.0,1,4,0,59,4.59,48.2306,16.36581
76.0,561630754,Landstraße,Private room in rental unit,Private room,1,362.0,21,1,3.0,1,95,0,1,5.0,48.19176,16.38813
158.0,485171868,Leopoldstadt,Entire rental unit,Entire home/apt,2,514.0,36,1,1.0,1,210,1,117,4.82,48.218246,16.3781963
310.0,426015944,Margareten,Entire rental unit,Entire home/apt,6,265.0,47,3,1.5,1,96,1,11,4.73,48.18369,16.35152
190.0,546180427,Leopoldstadt,Entire rental unit,Entire home/apt,6,268.0,46,2,1.5,1,184,0,31,4.61,48.22082,16.40807
143.67,162086910,Innere Stadt,Private room in rental unit,Private room,2,499.0,51,1,1.5,3,12,0,17,4.94,48.21219,16.3738
44.65,26148051,Innere Stadt,Entire rental unit,Entire home/apt,4,198.0,49,1,1.0,100,360,0,4,4.75,48.21232461853901,16.367400203704843
182.33,71074913,Innere Stadt,Entire rental unit,Entire home/apt,2,448.0,32,1,1.0,3,13,0,74,4.95,48.2092,16.37934
98.0,129960877,Favoriten,Entire rental unit,Entire home/apt,2,296.0,36,1,1.0,1,313,0,126,4.8,48.1720175,16.3756746
79.88,520893489,Leopoldstadt,Entire rental unit,Entire home/apt,2,500.0,48,1,1.0,1,13,1,126,4.96,48.2207154,16.3814527
76.27,535686159,Rudolfsheim-Fünfhaus,Entire rental unit,Entire home/apt,2,296.0,39,1,1.0,14,45,1,8,4.88,48.189479220720806,16.334838202516167
141.67,393533530,Währing,Entire rental unit,Entire home/apt,4,243.0,26,1,1.0,6,89,0,11,4.64,48.23495,16.32825
150.0,174207315,Währing,Entire rental unit,Entire home/apt,4,398.0,51,1,1.0,2,92,1,20,5.0,48.2226434,16.3394759
118.33,279191931,Favoriten,Entire rental unit,Entire home/apt,2,475.0,31,1,1.0,3,6,0,1,5.0,48.17948,16.3788587
237.0,278892619,Leopoldstadt,Entire rental unit,Entire home/apt,7,423.0,41,2,1.5,1,318,1,38,4.79,48.21873221203647,16.382097557848095
74.18,152399479,Liesing,Private room in home,Private room,2,156.0,50,1,2.0,1,4,0,1,5.0,48.1342827,16.3188109
363.0,525049878,Landstraße,Entire rental unit,Entire home/apt,8,212.0,47,3,1.0,2,4,0,10,5.0,48.19628,16.40786
86.67,156404033,Landstraße,Entire rental unit,Entire home/apt,3,605.0,33,1,1.0,1,3,0,12,4.83,48.19991,16.4002
58.0,682285627,Landstraße,Entire rental unit,Entire home/apt,3,464.0,29,1,1.5,1,359,0,40,4.15,48.19466,16.38916
28.0,595673115,Simmering,Private room in rental unit,Private room,2,396.0,16,1,1.0,1,1,0,22,4.41,48.18244,16.42148
149.5,11842127,Rudolfsheim-Fünfhaus,Entire rental unit,Entire home/apt,2,59.0,8,1,1.5,2,264,0,3,4.67,48.1971150995813,16.336658799755547
30.83,5874520,Alsergrund,Entire rental unit,Entire home/apt,1,336.0,16,1,1.0,35,358,0,23,4.48,48.21532,16.36314
25.79,4558118,Rudolfsheim-Fünfhaus,Entire rental unit,Entire home/apt,2,0.0,18,1,1.0,60,193,1,149,4.76,48.18831,16.32395
13.44,8648007,Brigittenau,Entire rental unit,Entire home/apt,2,512.0,23,1,1.0,90,278,0,362,4.72,48.2348,16.37968
147.0,657257173,Mariahilf,Entire rental unit,Entire home/apt,4,417.0,25,1,1.0,1,153,0,12,4.58,48.20099,16.36295
77.68,809077,Margareten,Entire rental unit,Entire home/apt,7,463.0,42,2,2.5,56,272,1,271,4.76,48.19464492797852,16.359556198120117
9.52,1693552,Mariahilf,Entire condo,Entire home/apt,2,378.0,18,1,1.0,180,339,0,61,4.7,48.19491,16.35119
81.0,566831684,Hernals,Entire rental unit,Entire home/apt,4,355.0,27,1,1.0,1,352,0,7,4.71,48.21904597372443,16.332091255965253
248.0,732114147,Mariahilf,Entire rental unit,Entire home/apt,6,485.0,37,2,1.0,1,242,1,21,5.0,48.19643624458039,16.35007187952221
18.9,21771038,Hernals,Entire condo,Entire home/apt,4,232.0,21,1,1.0,90,365,0,2,5.0,48.21838,16.3308
18.05,175265886,Innere Stadt,Entire rental unit,Entire home/apt,3,495.0,23,1,1.0,120,364,0,240,4.38,48.21022,16.3717
124.67,20637302,Alsergrund,Entire serviced apartment,Entire home/apt,2,109.0,56,1,1.0,3,259,0,4,5.0,48.22454,16.3569
240.33,161306287,Innere Stadt,Entire rental unit,Entire home/apt,2,444.0,44,1,1.5,1,343,0,42,4.79,48.20898,16.36831
109.0,270804594,Meidling,Entire rental unit,Entire home/apt,4,244.0,46,1,1.0,1,323,0,221,4.63,48.17143,16.31845
277.0,175343322,Hernals,Entire rental unit,Entire home/apt,15,59.0,27,4,1.0,1,48,0,6,4.5,48.22375,16.3329
91.0,406937496,Rudolfsheim-Fünfhaus,Room in aparthotel,Entire home/apt,2,466.0,52,1,1.0,1,284,0,141,4.71,48.18623,16.32541
214.0,483250137,Währing,Entire rental unit,Entire home/apt,6,436.0,21,2,2.0,1,197,0,10,4.6,48.2210464,16.3417691
129.67,492230854,Ottakring,Entire rental unit,Entire home/apt,3,416.0,30,1,1.0,2,121,1,93,4.8,48.21609,16.30806
78.0,358985241,Favoriten,Entire rental unit,Entire home/apt,2,437.0,22,1,1.0,3,313,0,133,4.49,48.1770888,16.3801879
120.0,107553706,Leopoldstadt,Entire condo,Entire home/apt,5,462.0,16,2,1.0,1,43,0,89,4.6,48.22084,16.39945
60.47,95007570,Hernals,Entire rental unit,Entire home/apt,4,499.0,26,2,1.0,30,331,0,191,4.73,48.22041,16.32984
55.0,547677118,Leopoldstadt,Room in hotel,Private room,1,247.0,20,1,1.5,1,358,0,1,5.0,48.21631,16.38567
72.0,252955210,Rudolfsheim-Fünfhaus,Entire rental unit,Entire home/apt,4,271.0,26,1,1.0,2,155,0,161,4.67,48.19883182820938,16.32240382327879
91.3,689417785,Rudolfsheim-Fünfhaus,Entire rental unit,Entire home/apt,3,353.0,7,1,1.0,1,177,0,3,5.0,48.19796,16.31552
138.0,716828117,Donaustadt,Entire rental unit,Entire home/apt,8,136.0,33,2,1.0,1,75,0,31,4.52,48.22321,16.45235
111.74,700123157,Landstraße,Entire rental unit,Entire home/apt,2,469.0,36,1,1.0,30,365,0,2,5.0,48.1958,16.41031
105.0,504997811,Meidling,Entire rental unit,Entire home/apt,4,338.0,17,1,1.0,1,335,0,4,4.25,48.1641784,16.3155445
215.0,965759,Neubau,Entire rental unit,Entire home/apt,4,503.0,34,1,1.0,1,13,1,159,4.88,48.20646,16.34357
75.37,5629634,Döbling,Entire rental unit,Entire home/apt,4,479.0,18,2,1.0,30,362,0,4,5.0,48.24368,16.33819
77.5,131168087,Liesing,Private room in rental unit,Private room,2,56.0,35,2,1.5,2,364,0,1,5.0,48.138744306401136,16.32341181273606
107.6,540236834,Liesing,Entire rental unit,Entire home/apt,4,504.0,35,1,1.0,1,261,0,1,4.0,48.1386,16.31766
46.1,51562386,Rudolfsheim-Fünfhaus,Entire rental unit,Entire home/apt,4,511.0,22,1,1.0,30,201,1,1,5.0,48.19969,16.32599
151.67,10401503,Währing,Entire rental unit,Entire home/apt,3,505.0,34,2,1.0,3,301,1,106,4.89,48.22595,16.34382
20.35,141076697,Meidling,Private room in rental unit,Private room,1,338.0,28,1,0.0,30,284,0,46,4.74,48.17775,16.34431
300.0,271793202,Mariahilf,Room in boutique hotel,Private room,2,503.0,31,1,1.0,1,170,0,2,5.0,48.20095,16.36302
102.71,8965008,Wieden,Entire rental unit,Entire home/apt,2,371.0,43,1,1.0,7,347,0,71,4.73,48.19144,16.36967
85.0,235195974,Meidling,Entire rental unit,Entire home/apt,2,373.0,23,1,1.0,1,206,1,345,4.77,48.18598,16.34215
109.6,126767607,Wieden,Entire rental unit,Entire home/apt,2,60.0,45,1,1.0,5,319,0,10,4.9,48.1879296,16.3682053
100.71,213287183,Rudolfsheim-Fünfhaus,Entire rental unit,Entire home/apt,3,491.0,44,1,1.0,1,340,0,147,4.8,48.20039,16.33245
209.75,134676067,Josefstadt,Entire rental unit,Entire home/apt,6,407.0,32,2,1.0,3,15,0,19,4.95,48.21457969999999,16.3532598
115.33,4800220,Innere Stadt,Entire rental unit,Entire home/apt,2,458.0,32,1,1.0,3,23,1,45,4.82,48.20515,16.36761
214.67,92979273,Alsergrund,Entire rental unit,Entire home/apt,6,205.0,33,3,1.0,3,336,1,142,4.77,48.21687,16.34226
300.7,518981360,Leopoldstadt,Entire rental unit,Entire home/apt,6,470.0,40,3,1.0,2,252,1,166,4.86,48.21672741086647,16.382788069684118
169.77,103441826,Margareten,Entire rental unit,Entire home/apt,2,497.0,18,1,1.0,3,348,1,25,5.0,48.18831015556814,16.359008310030028
107.91,833967,Leopoldstadt,Entire rental unit,Entire home/apt,3,282.0,31,2,1.0,2,311,1,880,4.67,48.21494,16.37844
186.0,15717058,Landstraße,Entire loft,Entire home/apt,2,497.0,27,1,1.0,3,364,1,203,4.82,48.20556,16.38983
359.67,20068276,Josefstadt,Entire condo,Entire home/apt,6,366.0,73,2,2.0,3,209,1,25,4.76,48.21312,16.33979
138.33,4800220,Innere Stadt,Entire rental unit,Entire home/apt,2,458.0,32,1,1.0,3,48,1,31,4.81,48.20524,16.36756
146.07,1643928,Wieden,Entire rental unit,Entire home/apt,6,87.0,25,2,1.0,1,250,0,87,4.45,48.1890745,16.376196
63.48,22752190,Alsergrund,Entire rental unit,Entire home/apt,4,95.0,26,1,1.0,28,304,1,15,4.67,48.23185,16.35663
79.88,221195882,Mariahilf,Entire rental unit,Entire home/apt,4,323.0,34,1,1.0,1,38,1,395,4.83,48.19195,16.3404
137.0,520985618,Wieden,Entire rental unit,Entire home/apt,2,421.0,39,1,1.0,1,162,1,112,4.86,48.19139397170907,16.373446894138045
155.0,548674689,Favoriten,Entire rental unit,Entire home/apt,2,577.0,49,1,1.0,1,236,1,7,4.86,48.17173,16.39105
114.25,167501201,Leopoldstadt,Entire rental unit,Entire home/apt,3,456.0,32,1,1.0,4,83,0,8,4.63,48.22291,16.38049
118.0,720292812,Rudolfsheim-Fünfhaus,Entire serviced apartment,Entire home/apt,2,176.0,39,1,1.0,1,348,0,104,4.81,48.19304,16.33313
145.0,72805133,Ottakring,Entire rental unit,Entire home/apt,2,503.0,22,1,1.0,1,354,0,6,4.5,48.21316,16.33026
47.44,4865438,Landstraße,Entire rental unit,Entire home/apt,4,0.0,16,1,1.0,31,215,0,39,4.68,48.19922,16.40298
63.0,33593195,Brigittenau,Private room in condo,Private room,2,228.0,18,1,1.5,1,7,0,9,5.0,48.24053318786869,16.385773206371407
48.47,695246045,Rudolfsheim-Fünfhaus,Entire serviced apartment,Entire home/apt,3,173.0,35,1,1.0,31,251,0,77,4.66,48.19177,16.33535
91.33,123238,Landstraße,Entire rental unit,Entire home/apt,4,507.0,33,2,1.5,31,193,1,94,5.0,48.19656,16.40245
228.33,559391914,Ottakring,Entire rental unit,Entire home/apt,4,287.0,24,2,3.0,3,364,0,10,4.5,48.21427,16.33205
68.6,552661708,Meidling,Entire rental unit,Entire home/apt,2,398.0,39,1,1.0,5,166,0,2,5.0,48.17215299999999,16.3289732
625.0,909601,Leopoldstadt,Entire rental unit,Entire home/apt,6,447.0,48,3,2.0,2,309,1,30,5.0,48.21817,16.40788
47.28,5495397,Währing,Entire rental unit,Entire home/apt,2,157.0,20,1,1.0,32,354,0,129,4.69,48.22003,16.34161
88.65,473779995,Favoriten,Entire serviced apartment,Entire home/apt,2,346.0,56,1,1.5,2,351,0,89,4.79,48.17511321582084,16.35697270075017
237.0,566831684,Landstraße,Entire rental unit,Entire home/apt,6,449.0,28,2,1.0,1,337,0,55,4.76,48.18688,16.41378
139.0,4860716,Leopoldstadt,Entire rental unit,Entire home/apt,8,365.0,45,3,1.0,2,301,1,143,4.76,48.2204942,16.3976053
111.5,83109185,Favoriten,Entire rental unit,Entire home/apt,4,383.0,31,1,1.0,2,31,0,46,4.93,48.17439133483577,16.37648295611143
185.5,189879084,Döbling,Private room in home,Private room,4,71.0,63,2,1.0,2,358,0,21,4.9,48.25826795616877,16.34878311306238
72.0,383835177,Hernals,Room in hotel,Private room,2,286.0,22,1,1.0,1,365,0,44,4.43,48.2177295,16.3224577
157.5,568676587,Liesing,Entire rental unit,Entire home/apt,5,487.0,19,1,1.0,2,16,0,6,4.5,48.1393131,16.269025
126.0,211817420,Rudolfsheim-Fünfhaus,Entire rental unit,Entire home/apt,2,441.0,52,1,1.0,1,76,1,454,4.88,48.197041,16.325903
85.5,473779995,Favoriten,Entire serviced apartment,Entire home/apt,4,358.0,52,1,1.0,2,344,0,2,5.0,48.1626903,16.3826926
187.25,657257173,Floridsdorf,Entire rental unit,Entire home/apt,8,524.0,35,2,1.0,1,155,0,18,4.44,48.29297972616457,16.388989191688374
118.0,581689598,Donaustadt,Entire rental unit,Entire home/apt,4,454.0,19,1,1.0,2,272,1,41,4.93,48.22648,16.42113
514.0,569371700,Simmering,Entire rental unit,Entire home/apt,11,510.0,42,5,1.5,1,326,0,11,4.82,48.14752887408762,16.464365277909863
211.0,1547126,Landstraße,Entire rental unit,Entire home/apt,4,468.0,28,2,2.5,1,336,1,7,4.86,48.20359,16.3869
98.0,745194895,Meidling,Entire rental unit,Entire home/apt,2,460.0,40,1,1.0,1,329,0,1,5.0,48.17870843113504,16.330897171163947
110.0,153864304,Floridsdorf,Entire rental unit,Entire home/apt,2,253.0,15,1,1.0,1,359,0,17,4.94,48.2686386,16.4034958
124.5,521999221,Meidling,Entire rental unit,Entire home/apt,4,496.0,55,1,1.0,2,331,0,212,4.58,48.18360329802724,16.32894335467423
188.0,660882772,Meidling,Entire rental unit,Entire home/apt,4,0.0,40,1,1.5,1,338,0,51,4.76,48.18098,16.33622
141.0,15935294,Hietzing,Entire rental unit,Entire home/apt,2,292.0,29,1,1.0,1,344,0,10,4.9,48.1886,16.29377
308.5,189066567,Landstraße,Entire rental unit,Entire home/apt,6,550.0,52,1,1.5,2,349,1,110,4.96,48.21125,16.3906
111.75,289192113,Donaustadt,Entire rental unit,Entire home/apt,4,486.0,29,1,1.5,4,132,1,87,4.84,48.2413,16.43303
273.0,569024287,Landstraße,Entire rental unit,Entire home/apt,6,526.0,44,2,1.0,1,323,0,28,4.79,48.1968503,16.3823099
100.0,388183655,Leopoldstadt,Entire rental unit,Entire home/apt,2,307.0,52,1,1.0,3,210,1,80,4.75,48.22039348702607,16.377669563183666
114.25,101472118,Donaustadt,Entire loft,Entire home/apt,4,474.0,47,1,1.0,4,306,1,172,4.85,48.22561,16.42223
127.3,516360514,Floridsdorf,Entire rental unit,Entire home/apt,6,376.0,51,2,1.5,2,100,1,52,4.87,48.25977,16.41811
85.33,14391403,Floridsdorf,Entire rental unit,Entire home/apt,2,529.0,52,1,1.0,3,250,0,261,4.8,48.25407,16.40534
105.0,383107369,Leopoldstadt,Room in hotel,Private room,2,381.0,21,1,1.0,1,263,1,288,4.94,48.21732,16.40332
92.66,539208027,Leopoldstadt,Entire rental unit,Entire home/apt,3,501.0,32,1,1.0,2,160,1,91,4.85,48.2245923026689,16.36865137309089
111.0,521999221,Meidling,Entire rental unit,Entire home/apt,2,510.0,56,1,1.0,1,309,0,263,4.49,48.18196257016106,16.327399088273214
169.75,61794197,Hietzing,Entire condo,Entire home/apt,4,218.0,60,1,1.5,3,213,1,94,4.98,48.185173,16.295742
124.0,156404033,Landstraße,Entire rental unit,Entire home/apt,9,535.0,33,3,1.0,1,330,0,48,4.6,48.19385343404316,16.387917321300563
141.5,383835177,Döbling,Entire rental unit,Entire home/apt,4,475.0,36,1,1.0,1,335,0,19,4.89,48.25544,16.34198
102.0,682285627,Landstraße,Entire rental unit,Entire home/apt,7,393.0,29,2,1.0,1,349,0,45,4.53,48.19333,16.38997
211.2,569024287,Döbling,Entire rental unit,Entire home/apt,8,524.0,43,2,1.0,1,329,0,64,4.73,48.23285,16.35259
137.5,383835177,Döbling,Entire rental unit,Entire home/apt,4,358.0,41,1,1.5,2,346,0,3,5.0,48.26236,16.33208
112.12,511094923,Leopoldstadt,Entire rental unit,Entire home/apt,3,460.0,39,1,1.0,2,225,0,29,4.79,48.21818320000001,16.4025351
136.72,113189546,Döbling,Entire rental unit,Entire home/apt,2,241.0,29,1,1.5,1,11,1,1,5.0,48.26252,16.3663
48.1,152992485,Favoriten,Entire rental unit,Entire home/apt,4,488.0,50,1,1.0,30,175,0,14,4.86,48.17254,16.38157
322.5,189136297,Döbling,Entire rental unit,Entire home/apt,2,545.0,37,1,1.0,2,179,0,22,4.91,48.25395,16.35285
99.5,383835177,Döbling,Entire rental unit,Entire home/apt,4,490.0,34,1,1.5,1,336,0,10,4.6,48.26032,16.33221
126.0,533785298,Floridsdorf,Entire rental unit,Entire home/apt,3,455.0,44,1,1.0,1,269,1,39,4.97,48.2768338,16.4071304
55.0,561630754,Margareten,Private room in rental unit,Private room,2,435.0,23,1,2.0,1,147,0,41,4.41,48.18384,16.34941
111.0,52012825,Döbling,Entire condo,Entire home/apt,3,169.0,55,1,1.0,2,103,1,37,4.86,48.24927301588381,16.327971213336614
91.0,222345303,Floridsdorf,Entire rental unit,Entire home/apt,4,159.0,33,1,1.0,1,41,0,29,4.66,48.27656268194976,16.40876647143958
89.5,473779995,Währing,Entire serviced apartment,Entire home/apt,2,366.0,57,1,1.5,2,293,0,189,4.82,48.21966,16.34112
105.0,393655464,Döbling,Entire serviced apartment,Entire home/apt,2,343.0,28,1,1.0,1,364,0,10,4.8,48.2490104,16.3677339
78.0,663051816,Favoriten,Entire rental unit,Entire home/apt,3,502.0,43,1,1.0,1,71,1,73,4.89,48.1723649,16.3792939
252.0,725143984,Floridsdorf,Entire rental unit,Entire home/apt,6,406.0,56,2,1.0,1,362,1,9,5.0,48.2578482,16.3926964
110.0,725918445,Döbling,Entire rental unit,Entire home/apt,6,392.0,12,1,1.5,1,356,0,2,4.0,48.26136,16.36799
141.0,756128753,Margareten,Entire rental unit,Entire home/apt,2,454.0,6,1,1.5,1,169,0,4,5.0,48.1841557,16.3661063
147.0,720292812,Brigittenau,Entire serviced apartment,Entire home/apt,4,220.0,37,1,1.5,1,310,0,15,5.0,48.2284,16.38794
162.0,383835177,Döbling,Entire rental unit,Entire home/apt,4,469.0,34,1,1.5,1,332,0,5,4.4,48.26058,16.33199
103.0,429229028,Leopoldstadt,Entire rental unit,Entire home/apt,2,352.0,38,1,1.0,1,353,0,85,4.76,48.22988,16.38805
97.5,522477547,Simmering,Entire rental unit,Entire home/apt,3,493.0,37,1,1.0,2,280,0,94,4.6,48.16919,16.41568
125.0,743398,Donaustadt,Entire rental unit,Entire home/apt,4,369.0,3,1,1.0,3,291,0,2,5.0,48.2596,16.4486
128.0,131671188,Alsergrund,Entire rental unit,Entire home/apt,7,273.0,41,3,1.5,3,142,0,209,4.78,48.2257,16.3501
103.0,417128856,Landstraße,Entire rental unit,Entire home/apt,2,513.0,31,1,1.0,1,177,0,18,4.33,48.19376,16.38895
121.0,143888695,Simmering,Entire rental unit,Entire home/apt,4,516.0,62,2,1.0,1,217,1,8,4.75,48.18224,16.40718
109.67,27885077,Donaustadt,Entire rental unit,Entire home/apt,5,91.0,28,2,1.0,3,231,0,16,4.56,48.24833,16.44226
191.5,38077261,Josefstadt,Entire rental unit,Entire home/apt,2,500.0,25,1,1.0,2,2,0,69,4.67,48.21024,16.34433
117.67,131671188,Alsergrund,Entire rental unit,Entire home/apt,6,491.0,33,2,1.5,3,268,0,72,4.72,48.2257,16.3501
164.99,540236834,Donaustadt,Entire rental unit,Entire home/apt,5,490.0,37,1,1.0,1,167,0,5,4.2,48.22263948744466,16.47926431630539
67.54,476082609,Leopoldstadt,Entire rental unit,Entire home/apt,2,339.0,32,1,1.5,30,213,0,45,4.73,48.21961,16.40551
42.62,2864657,Leopoldstadt,Entire condo,Entire home/apt,2,277.0,28,1,1.5,31,100,0,38,4.82,48.22353,16.40232
138.0,686074204,Landstraße,Entire rental unit,Entire home/apt,4,491.0,41,1,1.0,1,331,0,4,5.0,48.19253761241198,16.3868627411393
57.75,4091631,Döbling,Entire rental unit,Entire home/apt,2,516.0,31,1,1.0,30,199,0,107,4.72,48.26014,16.36379
271.0,725143984,Floridsdorf,Entire rental unit,Entire home/apt,6,405.0,54,2,1.0,1,362,1,8,5.0,48.2578482,16.3926964
1142.0,588267462,Floridsdorf,Entire rental unit,Entire home/apt,1,603.0,23,1,1.0,1,270,0,24,4.75,48.25422420116461,16.411390230059624
106.87,280256160,Leopoldstadt,Entire rental unit,Entire home/apt,2,497.0,33,1,1.0,31,169,0,18,4.94,48.2211358,16.3979773
145.2,547677118,Meidling,Entire rental unit,Entire home/apt,5,454.0,31,2,1.0,1,223,0,4,5.0,48.17822199897629,16.336919976240814
92.38,432869386,Leopoldstadt,Entire rental unit,Entire home/apt,3,317.0,43,1,1.0,1,36,0,34,4.68,48.22183502832959,16.404798343092178
152.0,22655123,Leopoldstadt,Entire rental unit,Entire home/apt,6,533.0,29,1,1.0,3,55,0,22,4.73,48.22042,16.38213
153.0,16541872,Leopoldstadt,Entire rental unit,Entire home/apt,3,466.0,12,1,1.0,2,331,0,106,4.64,48.22166,16.38579
190.86,403244815,Josefstadt,Entire condo,Entire home/apt,5,465.0,46,2,1.0,1,250,1,93,4.99,48.20691,16.35281
191.5,743398,Donaustadt,Entire rental unit,Entire home/apt,6,459.0,27,2,1.0,2,331,0,74,4.77,48.22477,16.42072
97.73,93005765,Leopoldstadt,Entire condo,Entire home/apt,2,544.0,31,1,1.0,30,171,0,7,5.0,48.22519348792106,16.397791086508168
91.5,287064802,Floridsdorf,Entire rental unit,Entire home/apt,4,426.0,49,2,1.5,2,111,1,7,5.0,48.26804,16.40481
528.0,14070533,Döbling,Entire home,Entire home/apt,6,358.0,30,3,2.0,4,68,1,2,5.0,48.25773,16.34649
149.5,361374150,Innere Stadt,Entire rental unit,Entire home/apt,3,527.0,44,1,1.0,2,49,0,117,4.76,48.21138,16.38124
90.5,129960877,Leopoldstadt,Entire rental unit,Entire home/apt,2,276.0,35,1,1.0,1,338,0,40,4.78,48.22071,16.37303
124.0,547677118,Leopoldstadt,Entire rental unit,Entire home/apt,4,430.0,29,1,1.0,1,350,0,22,4.45,48.22026192596589,16.377485777604484
107.0,50945012,Leopoldstadt,Entire rental unit,Entire home/apt,4,363.0,28,1,1.0,1,296,0,32,4.22,48.22367,16.37064
456.5,175608013,Döbling,Entire home,Entire home/apt,8,310.0,26,3,1.0,2,123,0,21,4.38,48.25966,16.34717
102.0,429229028,Leopoldstadt,Entire rental unit,Entire home/apt,4,497.0,40,1,1.0,1,316,0,34,4.65,48.23096,16.38851
155.33,33873233,Floridsdorf,Entire rental unit,Entire home/apt,3,515.0,47,1,1.0,1,120,1,37,5.0,48.2494771,16.4123719
64.0,521999221,Meidling,Entire rental unit,Entire home/apt,4,523.0,54,1,1.0,1,306,0,72,4.51,48.18273850953583,16.327192718730906
54.0,662948152,Meidling,Entire rental unit,Entire home/apt,2,449.0,31,1,1.0,1,322,0,131,4.57,48.18017765597597,16.337415585104274
122.24,569024287,Favoriten,Entire rental unit,Entire home/apt,2,329.0,49,1,1.0,1,357,0,30,4.83,48.169,16.34938
109.0,131671188,Alsergrund,Entire rental unit,Entire home/apt,6,491.0,38,2,1.5,3,189,0,179,4.73,48.2257,16.3501
182.67,9158703,Landstraße,Entire rental unit,Entire home/apt,4,508.0,33,1,1.5,2,38,1,34,4.94,48.20865,16.39609
135.0,185776,Währing,Entire condo,Entire home/apt,2,524.0,19,1,1.5,2,52,1,63,4.87,48.22405,16.3429
78.0,682285627,Landstraße,Entire rental unit,Entire home/apt,4,516.0,28,1,1.0,1,354,0,38,4.26,48.194478685049226,16.39001074028146
265.0,8632750,Innere Stadt,Entire serviced apartment,Entire home/apt,6,469.0,38,3,1.5,1,269,0,82,4.73,48.21525,16.37014
445.5,15306733,Meidling,Entire rental unit,Entire home/apt,4,459.0,37,2,2.0,2,45,0,25,4.92,48.1795,16.34488
95.0,530634352,Meidling,Entire rental unit,Entire home/apt,2,487.0,32,1,1.0,1,339,0,6,5.0,48.18074,16.34316
70.37,661595702,Leopoldstadt,Entire rental unit,Entire home/apt,3,452.0,23,1,1.0,3,64,0,69,4.72,48.2164526,16.3790481
131.0,1547126,Margareten,Entire rental unit,Entire home/apt,6,59.0,45,2,1.0,1,301,1,7,5.0,48.18454,16.36097
139.0,351699321,Wieden,Entire rental unit,Entire home/apt,4,479.0,37,2,1.0,1,222,0,200,4.81,48.18799,16.36727
122.0,597459611,Ottakring,Entire rental unit,Entire home/apt,4,441.0,25,1,1.0,1,290,0,1,5.0,48.20419680537447,16.332851377957
179.0,682285627,Landstraße,Entire rental unit,Entire home/apt,8,526.0,31,3,1.0,1,282,0,8,4.25,48.19480018323664,16.39000004098555
122.68,15629634,Leopoldstadt,Entire rental unit,Entire home/apt,3,490.0,32,1,1.0,2,128,1,80,4.84,48.21709,16.37604
127.0,329047446,Favoriten,Entire rental unit,Entire home/apt,4,484.0,51,2,1.0,2,192,1,205,4.93,48.16524,16.37921
127.0,424253159,Landstraße,Entire rental unit,Entire home/apt,4,486.0,38,1,1.0,1,334,0,2,4.5,48.19271,16.38701
108.0,682285627,Landstraße,Entire rental unit,Entire home/apt,6,469.0,31,2,1.0,1,351,0,31,4.32,48.19516542634435,16.389697829006007
84.0,755624541,Wieden,Room in hotel,Private room,2,462.0,30,9,3.0,1,265,0,3,5.0,48.18953,16.36599
166.1,717334238,Margareten,Entire rental unit,Entire home/apt,4,479.0,23,1,1.0,1,62,0,13,4.69,48.1837331,16.3557113
84.0,755624541,Wieden,Private room in rental unit,Private room,4,542.0,27,1,2.0,1,245,0,4,5.0,48.19136,16.36546
127.0,559988321,Meidling,Entire serviced apartment,Entire home/apt,4,454.0,36,1,1.0,1,149,0,60,4.65,48.18187,16.33518
187.0,588115225,Margareten,Entire rental unit,Entire home/apt,3,426.0,52,1,1.0,1,350,1,17,4.94,48.18398,16.354555
109.0,559988321,Wieden,Entire serviced apartment,Entire home/apt,2,389.0,31,1,1.0,1,144,0,67,4.82,48.19005,16.37513
111.0,503019853,Landstraße,Entire rental unit,Entire home/apt,2,493.0,37,1,1.0,1,317,0,85,4.62,48.21080418860106,16.388475029339066
152.0,27885077,Innere Stadt,Entire rental unit,Entire home/apt,6,229.0,26,2,1.0,3,182,0,126,4.59,48.21112,16.37828
180.0,4331202,Meidling,Entire rental unit,Entire home/apt,8,335.0,24,3,2.0,2,323,0,6,4.67,48.18421,16.33442
93.0,753214204,Meidling,Entire rental unit,Entire home/apt,5,499.0,24,1,1.0,1,356,0,1,5.0,48.17816,16.33417
120.0,670204364,Favoriten,Entire rental unit,Entire home/apt,4,122.0,34,1,1.0,2,239,0,10,4.8,48.17171,16.37233
181.33,149721870,Margareten,Entire rental unit,Entire home/apt,6,529.0,40,2,2.0,3,20,1,6,5.0,48.18495,16.36429
202.67,9556855,Mariahilf,Entire rental unit,Entire home/apt,2,365.0,38,1,1.0,3,286,1,59,4.88,48.19845,16.35921
169.0,313423785,Mariahilf,Entire rental unit,Entire home/apt,6,87.0,46,2,1.0,1,306,1,222,4.77,48.1975194424312,16.35963673285704
238.0,7374444,Innere Stadt,Entire rental unit,Entire home/apt,4,351.0,32,2,1.0,2,226,1,84,4.93,48.211925,16.367666
113.33,388183655,Leopoldstadt,Entire condo,Entire home/apt,2,320.0,51,1,1.0,3,217,1,149,4.66,48.21870715750227,16.377127249344102
40.0,594507559,Ottakring,Private room in rental unit,Private room,2,526.0,32,1,1.0,1,27,0,14,4.07,48.20484,16.32923
462.5,474943273,Innere Stadt,Entire rental unit,Entire home/apt,6,331.0,38,3,1.0,2,325,0,6,4.33,48.20326,16.3631
161.0,651458066,Mariahilf,Entire rental unit,Entire home/apt,3,467.0,35,1,1.0,2,268,0,36,4.53,48.19889254062052,16.363471113154013
148.5,245165047,Neubau,Entire condo,Entire home/apt,4,445.0,24,1,1.5,2,254,1,21,4.76,48.2026706,16.3566918
129.0,468952125,Leopoldstadt,Entire rental unit,Entire home/apt,3,434.0,42,1,1.0,1,301,0,19,4.37,48.21878250145864,16.37465679904024
119.19,662201049,Innere Stadt,Entire rental unit,Entire home/apt,2,477.0,37,1,1.0,30,346,1,17,4.76,48.21425,16.36909
55.63,222345303,Alsergrund,Entire rental unit,Entire home/apt,3,491.0,41,1,1.0,30,352,0,117,4.75,48.22051,16.36681
118.68,114204359,Leopoldstadt,Entire rental unit,Entire home/apt,4,439.0,36,1,1.0,1,172,1,184,4.78,48.223553490489685,16.38423793219161
212.0,436228411,Neubau,Entire rental unit,Entire home/apt,4,435.0,23,1,1.0,2,252,1,173,4.82,48.20464252221207,16.355447697024807
159.4,99654630,Neubau,Entire rental unit,Entire home/apt,3,403.0,31,1,1.0,10,89,1,5,4.8,48.20291,16.35701
185.0,138176292,Mariahilf,Entire serviced apartment,Entire home/apt,4,456.0,41,1,1.5,1,347,0,23,4.65,48.200184,16.358952
66.58,15935294,Leopoldstadt,Entire rental unit,Entire home/apt,3,249.0,24,1,1.5,30,356,0,4,4.75,48.22103,16.37396
217.0,1682687102840709939,Rudolfsheim-Fünfhaus,Entire rental unit,Entire home/apt,5,378.0,42,2,1.0,1,64,0,3,4.33,48.20087,16.33691
110.33,71074913,Neubau,Entire rental unit,Entire home/apt,4,489.0,17,1,1.0,3,267,0,91,4.8,48.20597437259162,16.35201881684524
88.62,695246045,Favoriten,Entire serviced apartment,Entire home/apt,4,364.0,39,2,1.5,31,173,0,4,4.75,48.17808883357391,16.36518906169858
74.5,129960877,Leopoldstadt,Entire rental unit,Entire home/apt,2,262.0,39,1,1.0,2,317,0,85,4.65,48.22255,16.38154
116.17,560447677,Josefstadt,Entire rental unit,Entire home/apt,4,434.0,27,1,1.0,1,138,0,10,4.9,48.21038190284519,16.34415189266526
124.5,62775472,Rudolfsheim-Fünfhaus,Entire condo,Entire home/apt,4,426.0,49,1,2.0,2,169,1,58,4.84,48.20351604644476,16.32692578080238
79.66,46617589,Leopoldstadt,Entire rental unit,Entire home/apt,4,489.0,17,2,1.0,30,204,1,19,5.0,48.2226,16.37102
99.44,385064248,Margareten,Entire rental unit,Entire home/apt,2,307.0,26,1,1.0,30,282,0,3,5.0,48.1833214,16.3628948
99.27,4791174,Neubau,Entire rental unit,Entire home/apt,2,488.0,4,1,1.0,2,157,1,34,4.82,48.20634,16.35411
116.97,15629634,Leopoldstadt,Entire rental unit,Entire home/apt,4,452.0,31,1,1.0,1,142,1,89,4.84,48.2165825,16.3754401
79.5,129960877,Leopoldstadt,Entire rental unit,Entire home/apt,2,276.0,36,1,1.0,2,318,0,77,4.69,48.2199732,16.3736391
135.0,668583558,Rudolfsheim-Fünfhaus,Entire rental unit,Entire home/apt,4,576.0,50,2,1.5,1,287,0,10,4.5,48.202790052917024,16.336623653769493
168.0,249583292,Leopoldstadt,Entire rental unit,Entire home/apt,6,435.0,28,2,1.0,1,341,0,8,4.5,48.21974623223191,16.378153332279727
159.86,17417135,Wieden,Entire rental unit,Entire home/apt,2,487.0,34,2,1.5,7,307,1,23,5.0,48.1882974065019,16.36555349643402
200.85,447580660,Leopoldstadt,Entire rental unit,Entire home/apt,6,473.0,54,1,1.0,1,95,1,12,5.0,48.22339,16.38835
72.0,289450127,Brigittenau,Entire rental unit,Entire home/apt,2,171.0,34,1,1.0,2,87,0,168,4.82,48.22942,16.370388
141.5,564271292,Margareten,Entire rental unit,Entire home/apt,2,549.0,31,1,1.0,1,323,0,68,4.38,48.19244,16.36211
131.33,27781620,Ottakring,Entire rental unit,Entire home/apt,2,487.0,37,1,1.0,3,290,1,28,4.89,48.21261,16.31375
107.33,145849665,Josefstadt,Entire rental unit,Entire home/apt,2,485.0,31,1,1.0,3,31,1,83,4.99,48.20651489999999,16.3522244
163.5,278892619,Rudolfsheim-Fünfhaus,Entire rental unit,Entire home/apt,8,491.0,34,2,1.5,2,319,1,26,4.92,48.19327288977439,16.328663527965546
203.51,15629634,Leopoldstadt,Entire rental unit,Entire home/apt,6,424.0,37,2,1.0,2,121,1,7,4.86,48.2233,16.38393
41.19,226487488,Döbling,Entire rental unit,Entire home/apt,2,391.0,36,1,1.0,28,213,0,2,5.0,48.23317,16.35421
148.5,7382292,Wieden,Entire rental unit,Entire home/apt,2,469.0,32,1,1.0,2,148,1,2,5.0,48.18931044916656,16.377073929442773
54.26,407937258,Rudolfsheim-Fünfhaus,Entire rental unit,Entire home/apt,3,600.0,40,1,1.0,28,352,1,2,5.0,48.19532,16.32151
85.6,9439311,Rudolfsheim-Fünfhaus,Entire rental unit,Entire home/apt,1,333.0,16,1,1.0,5,173,0,1,5.0,48.19309,16.31817
124.5,474095930,Neubau,Entire rental unit,Entire home/apt,2,443.0,26,1,1.5,2,93,0,85,4.78,48.20524229999999,16.3502063
146.56,3577173,Neubau,Entire rental unit,Entire home/apt,3,501.0,41,1,1.0,14,350,0,16,4.94,48.20546710000001,16.35377
147.0,503019853,Landstraße,Entire rental unit,Entire home/apt,2,499.0,40,1,2.0,1,327,0,121,4.73,48.21104,16.38822
206.0,1547126,Neubau,Entire serviced apartment,Entire home/apt,6,136.0,43,3,2.5,1,241,1,8,4.75,48.2017,16.35183
89.0,53178880,Brigittenau,Entire rental unit,Entire home/apt,2,489.0,37,1,1.0,1,248,0,158,4.68,48.229527841841936,16.374146609267335
182.0,477249193,Neubau,Entire rental unit,Entire home/apt,4,489.0,29,2,1.5,1,212,1,118,4.91,48.20245219571409,16.347864224067816
49.66,546955734,Ottakring,Entire rental unit,Entire home/apt,2,416.0,34,1,1.5,30,253,0,9,4.89,48.20942,16.32467
70.41,2565758,Margareten,Entire rental unit,Entire home/apt,4,495.0,36,1,1.0,3,104,1,8,4.88,48.1915156,16.3633404
135.5,681389529,Brigittenau,Entire rental unit,Entire home/apt,2,496.0,33,1,1.0,2,306,0,16,4.88,48.23437,16.37238
80.0,258341637,Landstraße,Private room in rental unit,Private room,2,428.0,30,1,1.0,1,27,1,11,4.91,48.20500514983544,16.384482590319045
110.0,707578750,Brigittenau,Entire rental unit,Entire home/apt,2,528.0,60,1,1.0,1,332,1,22,4.91,48.23007,16.3728
106.67,43239395,Währing,Entire rental unit,Entire home/apt,4,452.0,17,1,1.0,6,358,0,1,5.0,48.21749055923505,16.340713715344236
249.0,560447677,Josefstadt,Entire rental unit,Entire home/apt,4,434.0,27,1,1.0,1,98,0,1,5.0,48.2111876,16.3437333
480.0,100351711,Neubau,Entire rental unit,Entire home/apt,10,208.0,33,5,2.5,1,245,1,302,4.9,48.20198,16.34996
149.0,559988321,Meidling,Entire rental unit,Entire home/apt,4,454.0,35,1,1.0,1,130,0,84,4.83,48.18331,16.33504
284.5,474943273,Innere Stadt,Entire rental unit,Entire home/apt,4,377.0,35,1,1.0,1,282,0,4,3.5,48.2131935,16.3731743
107.0,503019853,Landstraße,Entire rental unit,Entire home/apt,2,412.0,37,1,1.0,1,348,0,155,4.79,48.20995012371197,16.386277082215518
208.33,7147147,Innere Stadt,Entire rental unit,Entire home/apt,7,232.0,13,2,1.0,1,313,0,1,5.0,48.21686438809776,16.368994320996812
56.55,222345303,Alsergrund,Entire rental unit,Entire home/apt,4,423.0,42,1,1.0,30,339,0,137,4.66,48.22098,16.36472
142.0,249583292,Innere Stadt,Entire rental unit,Entire home/apt,4,463.0,28,1,1.0,1,338,0,1,5.0,48.20765,16.38073
237.0,68624790,Hernals,Entire rental unit,Entire home/apt,4,496.0,31,2,1.0,2,81,1,7,5.0,48.21434,16.32817
194.0,10425009,Hernals,Entire rental unit,Entire home/apt,4,514.0,38,2,1.0,1,171,0,15,5.0,48.21998259999999,16.3287314
82.15,506695159,Wieden,Entire rental unit,Entire home/apt,2,518.0,27,1,1.5,31,347,1,5,5.0,48.19726,16.36721
156.5,326177928,Brigittenau,Entire rental unit,Entire home/apt,6,370.0,34,3,1.5,2,323,1,45,4.56,48.2306926,16.3725241
133.0,22837452,Leopoldstadt,Entire rental unit,Entire home/apt,3,473.0,38,1,1.0,4,344,0,3,5.0,48.2167062,16.3877434
271.0,189066567,Neubau,Entire rental unit,Entire home/apt,4,483.0,35,1,1.0,2,356,1,3,5.0,48.20099,16.34956
185.0,225902841,Ottakring,Entire rental unit,Entire home/apt,4,469.0,30,2,1.5,5,170,1,106,4.98,48.20665,16.33471
103.49,492180867,Favoriten,Entire rental unit,Entire home/apt,7,406.0,37,2,1.0,7,31,0,53,4.81,48.176198943271885,16.372465418766318
239.5,712127969,Ottakring,Entire rental unit,Entire home/apt,3,490.0,38,1,1.0,2,364,0,3,5.0,48.21406862527905,16.336418266180836
112.41,15629634,Leopoldstadt,Entire rental unit,Entire home/apt,4,307.0,34,1,1.0,2,95,1,19,4.95,48.2216684,16.3845366
203.7,753532,Neubau,Entire rental unit,Entire home/apt,3,300.0,26,1,1.0,2,67,0,8,4.63,48.19695,16.34474
111.0,514556080,Mariahilf,Entire rental unit,Entire home/apt,4,474.0,39,1,1.0,1,76,1,151,4.85,48.1942618363337,16.34631446016546
110.3,385064248,Landstraße,Entire rental unit,Entire home/apt,4,263.0,26,2,1.5,30,128,0,1,5.0,48.1938653,16.3863069
180.0,516305119,Wieden,Entire rental unit,Entire home/apt,6,464.0,32,2,1.5,1,61,0,24,4.79,48.19567,16.36193
207.0,10269862,Innere Stadt,Entire rental unit,Entire home/apt,4,482.0,35,1,1.0,2,43,1,213,4.95,48.209339712713,16.374751756281377
143.0,559988321,Favoriten,Entire serviced apartment,Entire home/apt,3,219.0,29,1,1.5,1,331,0,55,4.87,48.17044630925984,16.370208866958922
216.0,695326356,Innere Stadt,Entire rental unit,Entire home/apt,3,469.0,26,1,1.0,1,332,1,55,4.93,48.207697474571255,16.374496900000022
154.0,47957880,Rudolfsheim-Fünfhaus,Entire rental unit,Entire home/apt,2,471.0,39,1,1.0,1,328,0,128,4.71,48.18959,16.33114
126.0,514556080,Mariahilf,Entire rental unit,Entire home/apt,4,503.0,39,1,1.0,1,99,1,152,4.76,48.19649318492168,16.34769549915067
140.5,182732261,Mariahilf,Entire rental unit,Entire home/apt,4,497.0,33,1,1.5,2,336,0,19,4.79,48.1902936,16.3444185
131.0,146020503,Innere Stadt,Entire rental unit,Entire home/apt,2,405.0,17,1,1.0,1,346,0,86,4.49,48.20860380355807,16.37700717341871
114.67,560447677,Rudolfsheim-Fünfhaus,Entire rental unit,Entire home/apt,5,440.0,19,2,1.0,3,147,0,29,4.69,48.1885,16.33013
51.71,407937258,Landstraße,Entire rental unit,Entire home/apt,2,577.0,43,1,1.5,28,337,1,9,4.89,48.19585483967885,16.405640820596094
175.5,536093976,Mariahilf,Entire rental unit,Entire home/apt,4,445.0,45,1,1.0,1,335,1,114,4.84,48.1961215,16.3514093
139.67,372022409,Rudolfsheim-Fünfhaus,Entire serviced apartment,Entire home/apt,3,412.0,42,1,1.0,3,310,1,1,5.0,48.1905362,16.3366732
115.5,720292812,Rudolfsheim-Fünfhaus,Entire serviced apartment,Entire home/apt,5,257.0,39,2,1.5,1,126,0,90,4.83,48.18492,16.32967
354.0,216276706,Innere Stadt,Entire rental unit,Entire home/apt,2,0.0,42,1,1.0,3,294,1,33,4.94,48.21161418979965,16.374093577481105
108.67,398888768,Rudolfsheim-Fünfhaus,Entire rental unit,Entire home/apt,4,447.0,39,1,1.0,1,302,0,4,5.0,48.19292,16.33578
239.67,65177748,Leopoldstadt,Entire condo,Entire home/apt,2,555.0,34,1,1.0,3,25,0,3,5.0,48.22282002054223,16.38785284012556
125.5,383835177,Neubau,Entire rental unit,Entire home/apt,4,503.0,35,1,1.0,2,338,0,7,4.14,48.20465486725891,16.339450643092288
51.0,511689935,Favoriten,Private room in rental unit,Private room,2,0.0,23,1,4.0,1,144,0,11,4.36,48.18136,16.37013
119.82,211817420,Rudolfsheim-Fünfhaus,Entire rental unit,Entire home/apt,4,499.0,53,1,1.0,1,239,1,256,4.87,48.19625,16.32688
123.0,50945012,Margareten,Entire rental unit,Entire home/apt,4,338.0,29,1,1.0,1,323,0,23,4.17,48.19352,16.35649
137.87,123148011,Mariahilf,Entire rental unit,Entire home/apt,5,411.0,47,1,1.0,1,77,0,4,5.0,48.19419,16.34265
237.5,367491211,Wieden,Entire rental unit,Entire home/apt,6,528.0,47,2,1.5,2,270,1,220,4.95,48.19801,16.36299
86.0,268592338,Favoriten,Entire guesthouse,Entire home/apt,5,301.0,35,2,1.0,1,90,0,5,3.4,48.17201,16.36993
400.0,414469778,Neubau,Entire rental unit,Entire home/apt,8,200.0,40,4,3.0,1,205,1,64,4.91,48.2031218,16.349156
222.0,401393188,Mariahilf,Entire rental unit,Entire home/apt,5,340.0,33,2,1.0,3,304,1,40,4.88,48.19116010598931,16.33942309745226
673.58,156404033,Landstraße,Private room in rental unit,Private room,2,435.0,34,1,1.5,30,222,0,1,5.0,48.19514,16.38807
127.0,9982027,Neubau,Entire rental unit,Entire home/apt,2,499.0,34,1,1.0,1,91,0,9,4.67,48.20122,16.34585
126.32,262049504,Leopoldstadt,Entire condo,Entire home/apt,4,0.0,41,1,1.0,1,203,0,26,4.38,48.2232,16.38753
144.0,53002505,Favoriten,Entire rental unit,Entire home/apt,2,563.0,30,1,1.0,1,349,1,14,5.0,48.17711,16.37715
158.5,267756350,Meidling,Entire condo,Entire home/apt,2,295.0,51,1,1.0,2,287,1,108,4.94,48.18741,16.3415
60.37,27775775,Brigittenau,Entire rental unit,Entire home/apt,4,482.0,40,1,1.0,1,237,0,1,5.0,48.2343,16.38668
101.67,2178706,Ottakring,Entire rental unit,Entire home/apt,4,458.0,26,1,1.0,3,32,1,29,4.69,48.21105105310143,16.336394786834727
100.0,559988321,Mariahilf,Entire serviced apartment,Entire home/apt,2,322.0,35,1,1.0,1,47,0,198,4.61,48.19438,16.3524
125.67,412238643,Mariahilf,Entire rental unit,Entire home/apt,2,514.0,22,1,1.0,1,76,0,49,4.9,48.19273,16.35126
203.0,661982592,Neubau,Private room in condo,Private room,4,411.0,36,2,1.5,1,91,0,37,4.65,48.20281268508232,16.344716655452594
70.12,407937258,Mariahilf,Entire rental unit,Entire home/apt,3,594.0,34,1,1.0,3,105,1,9,5.0,48.19296784254985,16.353983956810524
176.0,451388163,Leopoldstadt,Entire rental unit,Entire home/apt,4,460.0,48,1,1.0,1,195,0,29,4.59,48.21611,16.38877
207.0,151869337,Rudolfsheim-Fünfhaus,Entire rental unit,Entire home/apt,8,345.0,39,4,1.0,1,333,0,25,4.68,48.19587,16.33217
65.0,511689935,Mariahilf,Private room in hostel,Private room,2,455.0,24,1,4.0,1,147,0,5,4.8,48.1961395,16.3523334
42.61,173358503,Ottakring,Entire rental unit,Entire home/apt,2,215.0,24,1,1.0,31,163,1,6,5.0,48.21069,16.33368
194.0,13397272,Mariahilf,Entire rental unit,Entire home/apt,4,213.0,22,2,1.0,5,76,0,36,4.69,48.19215,16.35179
54.0,311151517,Mariahilf,Entire rental unit,Entire home/apt,2,511.0,28,1,1.0,1,354,0,29,4.38,48.19588,16.34484
66.86,682285627,Landstraße,Entire rental unit,Entire home/apt,4,509.0,28,1,1.0,21,256,0,1,5.0,48.19384,16.38792
142.0,448716728,Rudolfsheim-Fünfhaus,Entire serviced apartment,Entire home/apt,6,220.0,44,2,1.0,1,363,1,20,4.85,48.186805725097656,16.331497192382812
118.0,559988321,Favoriten,Entire serviced apartment,Entire home/apt,2,220.0,32,1,1.5,1,321,0,19,4.47,48.17648793157118,16.36759812159068
119.5,479230396,Favoriten,Entire rental unit,Entire home/apt,4,182.0,48,1,1.0,2,65,1,59,4.86,48.1723,16.36694
101.5,720498809,Favoriten,Entire serviced apartment,Entire home/apt,5,560.0,55,1,1.0,2,335,0,16,4.75,48.17775,16.36778
88.0,14183352,Rudolfsheim-Fünfhaus,Entire rental unit,Entire home/apt,2,0.0,39,1,1.0,2,139,0,72,4.96,48.19404,16.33076
40.98,540664011,Favoriten,Entire rental unit,Entire home/apt,2,515.0,50,1,1.0,27,122,0,9,4.78,48.17655078836237,16.366209757701522
20.83,67857487,Favoriten,Private room in rental unit,Private room,1,531.0,25,1,1.0,30,292,0,2,5.0,48.17927,16.37625
147.4,129960877,Leopoldstadt,Entire rental unit,Entire home/apt,6,262.0,41,2,1.0,2,256,0,33,4.58,48.22103,16.38222
145.5,15629634,Leopoldstadt,Entire rental unit,Entire home/apt,6,328.0,36,2,1.0,2,197,1,5,4.6,48.22133,16.38519
119.82,288328438,Rudolfsheim-Fünfhaus,Entire rental unit,Entire home/apt,8,335.0,46,2,1.0,1,345,0,60,4.68,48.189,16.33395
194.0,15629634,Leopoldstadt,Entire rental unit,Entire home/apt,6,490.0,39,2,1.0,1,108,1,5,4.6,48.22353,16.38363
200.67,129960877,Leopoldstadt,Entire rental unit,Entire home/apt,6,262.0,33,2,2.0,2,215,0,20,4.75,48.22064,16.38008
91.3,35326863,Ottakring,Entire rental unit,Entire home/apt,6,191.0,41,3,1.0,2,45,0,27,4.37,48.21282227690023,16.336670389639863
46.51,156404033,Landstraße,Entire rental unit,Entire home/apt,3,532.0,32,1,1.0,30,208,0,3,4.0,48.20181,16.4003
123.0,547677118,Leopoldstadt,Entire rental unit,Entire home/apt,4,369.0,30,1,1.0,1,347,0,29,4.62,48.218081124994114,16.388477530315782
151.75,728123544,Favoriten,Entire rental unit,Entire home/apt,4,373.0,36,1,1.5,2,234,1,13,4.92,48.17812,16.37042
169.0,559988321,Rudolfsheim-Fünfhaus,Entire serviced apartment,Entire home/apt,2,298.0,41,1,1.0,1,310,0,143,4.93,48.19359167097236,16.330168436474775
149.0,1027932,Rudolfsheim-Fünfhaus,Entire rental unit,Entire home/apt,5,476.0,50,2,1.0,2,287,0,615,4.63,48.18546,16.32639
101.32,515940133,Leopoldstadt,Entire rental unit,Entire home/apt,2,504.0,37,1,1.0,2,323,0,25,4.72,48.2161135,16.3904491
102.0,687946617,Leopoldstadt,Entire rental unit,Entire home/apt,2,471.0,41,1,1.0,1,200,0,9,4.67,48.22508951741712,16.388194047998212
149.16,462875947,Landstraße,Entire rental unit,Entire home/apt,6,472.0,48,2,1.0,31,103,1,10,5.0,48.19254960376321,16.38552003874065
130.0,21843110,Neubau,Entire rental unit,Entire home/apt,2,386.0,46,1,1.0,3,275,1,62,4.84,48.19907896680293,16.34584803911527
68.0,589598935,Rudolfsheim-Fünfhaus,Entire rental unit,Entire home/apt,2,462.0,33,1,1.0,1,351,0,32,4.19,48.19259,16.33068
122.0,51158244,Neubau,Entire rental unit,Entire home/apt,2,376.0,37,1,1.0,5,65,0,16,4.94,48.2012714,16.3407491
158.71,4207551,Landstraße,Entire rental unit,Entire home/apt,3,393.0,46,1,1.0,14,165,0,15,4.93,48.202222881540735,16.38464935085578
174.6,8632750,Innere Stadt,Entire rental unit,Entire home/apt,4,443.0,40,1,1.0,1,199,0,40,4.6,48.21150211259207,16.37284184992752
407.4,47278964,Leopoldstadt,Entire rental unit,Entire home/apt,9,418.0,57,3,3.5,1,274,1,17,4.94,48.21257,16.38369
49.19,423843794,Hernals,Entire rental unit,Entire home/apt,2,489.0,25,1,1.5,1,306,0,135,4.54,48.2167391,16.3384413
90.16,35326863,Hernals,Entire condo,Entire home/apt,6,470.0,43,3,1.0,2,45,0,78,4.38,48.21264,16.33856
56.0,589598935,Rudolfsheim-Fünfhaus,Entire rental unit,Entire home/apt,6,353.0,33,2,1.0,1,348,0,34,4.44,48.19248,16.32898
138.66,15629634,Leopoldstadt,Entire rental unit,Entire home/apt,6,513.0,38,2,1.0,2,128,1,3,4.0,48.22297,16.38554
226.35,161306287,Innere Stadt,Entire rental unit,Entire home/apt,2,0.0,42,1,1.0,1,267,0,50,4.82,48.20719,16.36962
59.0,564614454,Rudolfsheim-Fünfhaus,Entire rental unit,Entire home/apt,4,418.0,33,1,1.0,1,352,0,57,4.33,48.19269,16.33582
54.0,311151517,Mariahilf,Entire rental unit,Entire home/apt,2,448.0,28,1,1.0,1,358,0,63,4.24,48.19542189982398,16.34621737617549
98.0,36695936,Neubau,Private room in guesthouse,Private room,4,529.0,27,1,1.0,1,206,0,13,4.62,48.1983177,16.3494803
68.0,311151517,Mariahilf,Entire rental unit,Entire home/apt,4,478.0,32,1,1.0,1,354,0,62,4.37,48.1956,16.34515
112.98,97275819,Hernals,Entire rental unit,Entire home/apt,5,577.0,36,2,1.0,1,343,0,34,4.29,48.21356,16.3388
95.0,222345303,Favoriten,Entire rental unit,Entire home/apt,4,500.0,31,1,1.0,1,4,0,1,1.0,48.16957839240869,16.378841816239103
489.0,712373106,Innere Stadt,Entire rental unit,Entire home/apt,4,488.0,35,2,1.5,1,285,0,2,5.0,48.21156,16.36825
64.0,97275819,Ottakring,Entire rental unit,Entire home/apt,6,589.0,35,2,1.0,1,346,0,34,4.18,48.21364,16.33792
137.0,475251181,Innere Stadt,Private room in pension,Private room,2,103.0,13,1,1.0,1,224,0,1,5.0,48.2117963518476,16.371836396407723
41.67,156404033,Landstraße,Entire rental unit,Entire home/apt,3,530.0,32,1,1.0,30,195,0,2,4.5,48.2021,16.39865
136.0,514556080,Mariahilf,Entire rental unit,Entire home/apt,4,513.0,40,1,1.0,1,65,1,184,4.85,48.19391,16.34716
97.67,476964404,Hernals,Entire rental unit,Entire home/apt,2,391.0,30,1,1.0,3,158,1,21,4.86,48.22006,16.33679
88.5,27775775,Hernals,Entire rental unit,Entire home/apt,4,410.0,33,1,1.0,1,343,0,26,4.38,48.21746,16.32703
81.53,682285627,Landstraße,Entire rental unit,Entire home/apt,5,532.0,30,2,1.0,30,352,0,2,3.5,48.19351,16.38815
84.0,572315552,Favoriten,Entire rental unit,Entire home/apt,4,345.0,46,1,1.5,2,64,1,40,4.93,48.1752009,16.3677654
54.0,311151517,Mariahilf,Entire rental unit,Entire home/apt,2,449.0,28,1,1.0,1,356,0,78,4.32,48.19611704529672,16.34459136249726
112.98,494223963,Innere Stadt,Entire rental unit,Entire home/apt,3,237.0,47,1,1.0,1,16,1,31,4.97,48.20696,16.37346
214.0,278892619,Leopoldstadt,Entire rental unit,Entire home/apt,5,490.0,42,1,1.0,1,210,1,32,4.94,48.21374,16.38226
75.26,13892453,Leopoldstadt,Entire rental unit,Entire home/apt,2,521.0,42,1,1.5,30,362,0,63,4.92,48.22372,16.38411
139.0,42703551,Leopoldstadt,Entire rental unit,Entire home/apt,4,465.0,36,1,1.5,1,51,1,25,4.8,48.21916,16.38379
81.5,663051816,Favoriten,Entire rental unit,Entire home/apt,4,518.0,46,1,1.0,2,64,1,67,4.99,48.17231386972554,16.37927851557739
94.0,753723653,Ottakring,Entire rental unit,Entire home/apt,2,498.0,44,1,1.0,1,292,0,1,5.0,48.2082275,16.3266548
77.5,663051816,Favoriten,Entire rental unit,Entire home/apt,2,520.0,45,1,1.0,2,83,1,41,4.85,48.1723649,16.3792939
107.47,488885043,Favoriten,Entire rental unit,Entire home/apt,4,450.0,41,1,1.0,7,294,0,8,4.38,48.17633,16.37909
182.17,5702940,Mariahilf,Entire rental unit,Entire home/apt,3,387.0,47,1,1.5,6,165,0,2,5.0,48.19477049197082,16.346443542881055
142.65,131685333,Favoriten,Entire rental unit,Entire home/apt,6,537.0,31,2,1.5,1,40,1,39,4.92,48.1742239,16.3740405
238.0,278892619,Leopoldstadt,Entire rental unit,Entire home/apt,5,482.0,42,1,1.0,1,243,1,12,5.0,48.21341,16.38369
97.0,523634144,Favoriten,Entire rental unit,Entire home/apt,4,536.0,38,1,1.0,1,342,1,93,4.87,48.17340990092138,16.378427457348792
98.33,405818482,Leopoldstadt,Entire rental unit,Entire home/apt,2,506.0,28,1,1.5,2,19,0,5,4.8,48.22022,16.38565
313.5,497029819,Innere Stadt,Entire rental unit,Entire home/apt,6,452.0,50,1,1.0,2,120,1,120,4.83,48.21042967361701,16.37142333938522
58.23,79810769,Favoriten,Entire rental unit,Entire home/apt,2,508.0,34,1,1.0,31,208,1,11,5.0,48.1782,16.37917
99.86,361993967,Favoriten,Entire rental unit,Entire home/apt,3,494.0,27,2,1.0,1,154,0,17,4.76,48.17294354059994,16.374363273016343
57.17,106908358,Favoriten,Entire rental unit,Entire home/apt,4,512.0,23,1,1.0,30,325,1,2,5.0,48.18171656341377,16.378496641587915
69.43,482025528,Favoriten,Entire rental unit,Entire home/apt,4,326.0,34,2,1.5,30,122,0,64,4.97,48.1768327,16.3779836
70.37,5016292,Leopoldstadt,Entire rental unit,Entire home/apt,2,475.0,31,1,1.0,6,178,0,2,5.0,48.2175,16.38491
128.28,385064248,Favoriten,Entire rental unit,Entire home/apt,4,279.0,25,2,1.5,30,83,0,2,5.0,48.17240049999999,16.3754791
60.08,589598935,Rudolfsheim-Fünfhaus,Entire rental unit,Entire home/apt,3,479.0,31,1,1.0,1,208,0,2,5.0,48.19263,16.32879
109.0,83109185,Favoriten,Entire rental unit,Entire home/apt,4,386.0,28,1,1.0,1,65,0,24,4.88,48.173278859723645,16.376089150005857
46.51,594507559,Ottakring,Entire rental unit,Entire home/apt,5,483.0,33,2,1.0,21,59,0,1,5.0,48.20686,16.32861
61.05,589598935,Rudolfsheim-Fünfhaus,Entire rental unit,Entire home/apt,6,472.0,34,2,1.0,1,243,0,1,2.0,48.19318,16.32881
58.14,589598935,Rudolfsheim-Fünfhaus,Entire rental unit,Entire home/apt,2,495.0,33,1,1.0,1,237,0,1,3.0,48.19455123254833,16.329233009201722
73.83,15935294,Ottakring,Entire rental unit,Entire home/apt,2,232.0,26,1,1.0,30,294,0,5,3.8,48.20684,16.32833
60.0,156404033,Favoriten,Entire rental unit,Entire home/apt,2,524.0,27,1,1.0,1,365,0,79,4.41,48.17375429449998,16.37408206728964
53.0,547677118,Leopoldstadt,Room in hotel,Private room,2,307.0,20,1,0.5,1,358,0,110,4.46,48.218411775019845,16.385845404389798
80.43,156404033,Landstraße,Entire rental unit,Entire home/apt,7,507.0,33,3,2.0,30,203,0,3,2.33,48.20001919229472,16.398842062521997
77.0,480282551,Favoriten,Entire rental unit,Entire home/apt,3,292.0,25,1,1.0,1,352,0,43,4.23,48.1798718,16.3779329
54.68,222345303,Neubau,Entire rental unit,Entire home/apt,6,412.0,32,2,1.0,30,70,0,1,5.0,48.20047593878316,16.34890180127652
109.0,249583292,Leopoldstadt,Entire rental unit,Entire home/apt,4,460.0,27,1,1.0,1,308,0,3,4.33,48.21588188158073,16.384531564697518
239.0,249583292,Leopoldstadt,Entire rental unit,Entire home/apt,11,483.0,31,3,1.0,1,38,0,10,4.7,48.21812,16.38351
195.0,278892619,Leopoldstadt,Entire rental unit,Entire home/apt,5,482.0,46,1,1.0,1,250,1,8,5.0,48.21384,16.38174
347.5,31077018,Leopoldstadt,Entire rental unit,Entire home/apt,8,303.0,31,4,2.0,2,290,0,52,4.62,48.216521,16.3843833
130.0,156404033,Ottakring,Entire rental unit,Entire home/apt,6,538.0,35,2,1.0,1,6,0,69,4.38,48.207457595274114,16.32984111977634
110.0,473779995,Ottakring,Entire serviced apartment,Entire home/apt,3,395.0,53,1,1.5,2,355,0,133,4.86,48.20942604293515,16.330993729314812
64.07,14070533,Alsergrund,Entire serviced apartment,Entire home/apt,2,463.0,41,1,1.0,9,75,1,6,4.5,48.2152554,16.3497195
151.65,496941018,Ottakring,Entire serviced apartment,Entire home/apt,6,418.0,55,2,1.5,2,314,1,79,4.76,48.20879092591531,16.32901284354251
56.52,700727845,Hernals,Entire rental unit,Entire home/apt,1,504.0,37,1,1.0,31,293,1,10,5.0,48.219666344651344,16.33354509281716
55.0,547677118,Leopoldstadt,Room in boutique hotel,Private room,2,298.0,22,1,1.0,1,365,0,69,4.35,48.21768,16.38633
108.63,189066567,Neubau,Entire rental unit,Entire home/apt,4,526.0,45,1,1.0,30,83,1,1,5.0,48.19845,16.34304
104.0,547677118,Leopoldstadt,Entire rental unit,Entire home/apt,4,434.0,26,2,1.0,1,349,0,43,4.4,48.21902080201891,16.384868018400514
124.0,371746643,Favoriten,Entire serviced apartment,Entire home/apt,4,449.0,29,1,1.0,1,149,0,51,4.76,48.181309,16.373386
64.0,480282551,Favoriten,Entire rental unit,Entire home/apt,2,408.0,25,1,1.0,1,349,0,65,4.29,48.18057,16.37886
83.0,83109185,Favoriten,Entire rental unit,Entire home/apt,4,383.0,32,1,1.0,2,86,0,27,4.81,48.17516936017214,16.37770066363514
106.0,453292738,Leopoldstadt,Entire serviced apartment,Entire home/apt,2,459.0,43,1,1.0,1,172,1,14,4.93,48.219669342041016,16.382917404174805
103.5,260773582,Ottakring,Entire rental unit,Entire home/apt,4,473.0,39,2,1.0,2,270,1,116,4.87,48.21829,16.31488
168.0,240023972,Brigittenau,Entire rental unit,Entire home/apt,3,481.0,39,1,1.0,2,248,1,489,4.85,48.23135,16.37097
153.0,697816608,Ottakring,Entire rental unit,Entire home/apt,2,349.0,33,1,1.0,1,296,0,8,4.75,48.20803,16.33067
253.0,222345303,Ottakring,Entire rental unit,Entire home/apt,8,482.0,32,2,1.0,1,44,0,10,4.0,48.21079,16.33224
65.0,480282551,Favoriten,Entire rental unit,Entire home/apt,3,366.0,20,1,1.0,1,365,0,30,4.1,48.17875,16.37731
184.0,123148011,Favoriten,Entire rental unit,Entire home/apt,5,489.0,52,1,1.0,1,127,0,14,5.0,48.18055776377935,16.37868169321049
100.0,480282551,Favoriten,Entire rental unit,Entire home/apt,6,424.0,27,1,1.0,1,321,0,149,4.6,48.18068270733838,16.378724209256195
355.5,509699715,Leopoldstadt,Entire rental unit,Entire home/apt,4,512.0,43,2,1.0,1,221,1,1,5.0,48.21831510159578,16.382453014391803
86.0,418270816,Favoriten,Entire rental unit,Entire home/apt,1,444.0,31,1,1.0,1,354,0,43,4.74,48.1812745,16.3757413
135.5,706035240,Hernals,Entire rental unit,Entire home/apt,4,550.0,38,2,1.0,2,262,0,4,4.75,48.21384,16.32658
163.51,123148011,Favoriten,Entire rental unit,Entire home/apt,6,489.0,50,2,1.0,1,82,0,21,4.95,48.180703332312255,16.37669294858244
124.5,136877578,Favoriten,Entire rental unit,Entire home/apt,3,430.0,20,1,1.0,2,269,0,23,5.0,48.17256279999999,16.3733299
80.0,480282551,Favoriten,Entire rental unit,Entire home/apt,6,424.0,32,2,1.5,1,327,0,241,4.68,48.17985909999999,16.3778861
164.8,278892619,Leopoldstadt,Entire rental unit,Entire home/apt,6,419.0,39,2,1.0,1,297,1,6,4.83,48.21968,16.38315
69.78,546264665,Meidling,Entire rental unit,Entire home/apt,4,501.0,31,1,1.0,30,265,0,6,3.5,48.185919361377216,16.342341750010494
104.0,418270816,Favoriten,Entire rental unit,Entire home/apt,3,444.0,31,1,1.0,1,362,0,35,4.51,48.1812745,16.3757413
279.0,687946617,Leopoldstadt,Entire rental unit,Entire home/apt,6,489.0,43,2,1.0,1,155,0,60,4.67,48.21903613223131,16.38077743462307
128.0,1691535799459388376,Favoriten,Entire rental unit,Entire home/apt,3,553.0,37,1,1.0,1,75,0,1,3.0,48.177730012541865,16.373430602252483
63.88,105800866,Meidling,Entire loft,Entire home/apt,2,482.0,39,1,1.5,30,229,0,71,4.73,48.18688417492254,16.3397363387827
132.0,418270816,Favoriten,Entire rental unit,Entire home/apt,4,444.0,30,1,1.0,1,362,0,15,4.67,48.1812745,16.3757413
61.0,391685367,Leopoldstadt,Entire rental unit,Entire home/apt,6,476.0,29,2,1.0,1,236,0,133,4.29,48.21895849699358,16.38559276498617
93.5,129960877,Favoriten,Entire rental unit,Entire home/apt,2,296.0,35,1,1.0,1,332,0,96,4.73,48.1720175,16.3756746
53.0,547677118,Leopoldstadt,Room in hotel,Private room,2,322.0,18,1,1.0,1,349,0,105,4.1,48.21828905270592,16.38779595108566
121.88,173062493,Leopoldstadt,Entire rental unit,Entire home/apt,2,408.0,41,1,1.0,3,263,0,1,1.0,48.213183965072815,16.38561532383019
76.99,695246045,Margareten,Entire serviced apartment,Entire home/apt,4,314.0,38,2,1.0,31,191,0,100,4.86,48.18764639135891,16.35069386989693
205.41,261413229,Ottakring,Entire rental unit,Entire home/apt,4,500.0,29,1,1.0,1,180,0,1,4.0,48.2106733,16.3270284
62.0,589598935,Rudolfsheim-Fünfhaus,Entire rental unit,Entire home/apt,6,438.0,33,2,1.0,1,338,0,24,4.25,48.192690316136,16.331236672111608
102.04,385064248,Leopoldstadt,Entire rental unit,Entire home/apt,2,267.0,25,1,1.5,30,126,0,2,5.0,48.21447389999999,16.3917029
137.58,670778959,Alsergrund,Entire rental unit,Entire home/apt,4,416.0,21,2,1.5,31,105,0,183,4.62,48.21688461303711,16.34242820739746
34.71,482450419,Josefstadt,Entire rental unit,Entire home/apt,3,473.0,38,1,1.5,60,292,1,3,5.0,48.20647,16.35194
152.0,714461404,Favoriten,Entire rental unit,Entire home/apt,3,70.0,34,1,1.0,3,269,0,4,5.0,48.1749409,16.3761822
43.93,535686159,Favoriten,Entire rental unit,Entire home/apt,4,316.0,39,2,1.0,28,275,1,10,4.7,48.1738094,16.3750924
120.0,492230854,Ottakring,Entire rental unit,Entire home/apt,4,468.0,40,1,1.0,3,41,1,12,4.83,48.217002115144936,16.308365622753914
86.5,222706402,Ottakring,Entire rental unit,Entire home/apt,3,415.0,33,1,1.0,1,193,1,15,4.67,48.210014462597634,16.325932413181192
42.43,304893632,Penzing,Entire rental unit,Entire home/apt,2,474.0,32,1,1.0,30,50,1,2,5.0,48.1961418,16.286994
47.5,155733995,Brigittenau,Entire rental unit,Entire home/apt,3,77.0,24,1,1.0,3,5,0,94,4.57,48.2287249,16.3732419
58.47,176733936,Leopoldstadt,Entire rental unit,Entire home/apt,2,509.0,35,1,1.0,30,37,1,13,4.92,48.22233568083239,16.405831284130848
165.5,84618245,Leopoldstadt,Entire rental unit,Entire home/apt,2,435.0,41,1,1.0,2,16,1,19,4.68,48.22384,16.40536
84.68,564061948,Meidling,Entire rental unit,Entire home/apt,2,557.0,37,1,1.0,2,6,1,71,4.93,48.1753368,16.3263763
102.0,209518584,Landstraße,Entire rental unit,Entire home/apt,4,384.0,47,1,1.0,3,86,1,30,4.8,48.19332,16.39898
240.0,157619288,Wieden,Entire rental unit,Entire home/apt,4,346.0,64,2,1.0,1,65,1,35,4.97,48.18733,16.37402
150.0,300246929,Alsergrund,Entire rental unit,Entire home/apt,5,385.0,42,1,1.0,1,248,0,7,4.71,48.22786,16.35057
158.0,2518319,Landstraße,Entire rental unit,Entire home/apt,2,183.0,42,1,1.0,1,67,1,6,4.83,48.18905946376019,16.384471584655746
212.0,560447677,Rudolfsheim-Fünfhaus,Entire rental unit,Entire home/apt,4,433.0,30,2,1.0,3,12,0,16,4.69,48.18724,16.32936
328.5,710752525,Josefstadt,Entire rental unit,Entire home/apt,7,493.0,42,2,1.0,1,90,1,6,5.0,48.211627814717325,16.34850215166807
366.67,731409976,Landstraße,Entire rental unit,Entire home/apt,6,300.0,53,2,1.0,2,340,1,27,4.96,48.18915,16.38151
54.09,364296159,Neubau,Entire rental unit,Entire home/apt,2,415.0,28,1,1.0,28,161,1,3,5.0,48.201209720887874,16.351356357336044
253.0,300246929,Landstraße,Entire rental unit,Entire home/apt,6,335.0,48,1,1.0,1,259,0,49,4.59,48.21248,16.39081
48.45,156404033,Landstraße,Entire rental unit,Entire home/apt,5,530.0,32,2,1.0,30,210,0,3,3.0,48.201538116298295,16.400545979043155
63.95,300246929,Mariahilf,Entire rental unit,Entire home/apt,4,472.0,46,2,1.0,1,273,0,6,4.83,48.19747,16.3575
48.5,222345303,Favoriten,Entire rental unit,Entire home/apt,4,455.0,28,1,1.0,31,309,0,2,4.0,48.17849880969997,16.374796009171828
91.0,5130306,Döbling,Entire rental unit,Entire home/apt,2,326.0,8,1,1.0,2,13,0,25,4.72,48.24173,16.35425
90.0,156404033,Landstraße,Entire rental unit,Entire home/apt,6,438.0,33,2,1.0,1,350,0,16,4.13,48.19297,16.38812
134.5,706014304,Favoriten,Entire rental unit,Entire home/apt,4,523.0,52,1,1.0,1,304,1,18,4.83,48.174237,16.3755678
15.64,5874520,Leopoldstadt,Entire rental unit,Entire home/apt,1,364.0,18,1,1.0,60,202,0,23,4.59,48.21794,16.37685
18.19,122480211,Rudolfsheim-Fünfhaus,Entire rental unit,Entire home/apt,2,236.0,35,1,1.0,60,226,0,161,4.94,48.18502,16.33105
34.05,5094225,Ottakring,Entire rental unit,Entire home/apt,2,521.0,39,1,1.0,6,223,1,63,4.84,48.21207,16.33
194.0,15884441,Leopoldstadt,Entire rental unit,Entire home/apt,5,453.0,48,1,1.0,2,12,1,261,4.76,48.21865,16.38134
61.45,4304771,Brigittenau,Entire serviced apartment,Entire home/apt,4,364.0,47,1,1.0,30,122,1,23,4.7,48.232819,16.387899
25.19,95007570,Hernals,Private room in rental unit,Private room,2,109.0,20,1,1.5,30,327,0,3,5.0,48.21835058421474,16.330781371482924
57.0,80176064,Donaustadt,Entire cottage,Entire home/apt,2,187.0,36,1,1.0,3,37,0,89,4.6,48.22504,16.47019
68.0,549331758,Favoriten,Entire rental unit,Entire home/apt,3,311.0,32,1,1.0,1,153,0,239,4.69,48.1735058,16.3894297
135.34,8632750,Rudolfsheim-Fünfhaus,Entire serviced apartment,Entire home/apt,2,355.0,39,1,1.0,1,299,0,12,4.67,48.19538,16.31585
118.5,36607346,Währing,Entire rental unit,Entire home/apt,2,465.0,12,1,0.5,2,89,0,14,4.71,48.23947,16.32063
70.0,504997811,Meidling,Entire rental unit,Entire home/apt,2,338.0,17,1,1.0,1,363,0,30,4.57,48.1641784,16.3155445
97.0,560639052,Währing,Entire rental unit,Entire home/apt,5,359.0,45,2,1.0,2,87,0,27,4.59,48.22246243444844,16.340186712790562
52.0,511689935,Penzing,Private room in hostel,Private room,2,486.0,15,1,1.0,1,10,0,6,3.17,48.2023607,16.3030656
86.91,596488175,Meidling,Entire rental unit,Entire home/apt,4,342.0,26,1,1.0,1,340,0,9,4.33,48.18438,16.32174
313.33,1036543,Landstraße,Entire rental unit,Entire home/apt,4,506.0,56,2,1.5,3,292,1,114,4.94,48.204159,16.389414
131.5,574810600,Meidling,Entire rental unit,Entire home/apt,5,373.0,24,1,1.5,2,322,1,6,4.83,48.18104,16.33617
36.98,141076697,Meidling,Entire rental unit,Entire home/apt,2,484.0,32,1,0.0,30,184,0,39,4.41,48.17939051207419,16.34252606361855
115.0,308688308,Ottakring,Entire rental unit,Entire home/apt,4,476.0,20,1,1.0,1,326,0,38,4.5,48.20565,16.33348
131.24,99318742,Rudolfsheim-Fünfhaus,Entire rental unit,Entire home/apt,4,144.0,30,1,1.5,1,270,0,129,4.5,48.20049,16.32934
70.0,423843794,Hernals,Entire rental unit,Entire home/apt,2,243.0,18,1,1.5,1,314,0,220,4.43,48.21737,16.33779
93.6,473779995,Meidling,Entire serviced apartment,Entire home/apt,4,307.0,47,1,1.0,2,315,0,23,4.74,48.17854,16.32511
182.33,589716634,Wieden,Entire rental unit,Entire home/apt,3,315.0,29,1,1.0,3,168,1,42,4.9,48.194070565595496,16.36395301669836
116.0,59957265,Leopoldstadt,Entire rental unit,Entire home/apt,4,386.0,38,1,1.0,1,51,0,381,4.66,48.21903,16.38821
98.0,566831684,Landstraße,Entire rental unit,Entire home/apt,4,447.0,28,1,1.0,1,336,0,37,4.68,48.18519,16.4139
185.0,484208226,Währing,Entire condo,Entire home/apt,4,454.0,41,1,1.0,1,325,1,62,4.95,48.2209054,16.3386988
104.0,152433712,Favoriten,Entire serviced apartment,Entire home/apt,2,304.0,34,1,1.0,1,364,0,2,4.5,48.1833952,16.3772321
137.0,139600545,Donaustadt,Entire home,Entire home/apt,5,455.0,41,2,1.0,2,83,0,53,4.72,48.20554,16.52279
249.07,13532859,Hietzing,Entire home,Entire home/apt,8,468.0,41,4,3.5,6,135,1,24,5.0,48.18268,16.27751
127.0,153864304,Floridsdorf,Entire vacation home,Entire home/apt,4,49.0,14,1,1.0,1,359,0,14,4.86,48.26953,16.40232
199.5,190287904,Leopoldstadt,Entire rental unit,Entire home/apt,6,504.0,48,2,1.5,1,70,1,9,4.78,48.2193827,16.4039278
119.82,41400613,Donaustadt,Entire condo,Entire home/apt,3,523.0,33,1,1.5,3,353,1,14,5.0,48.24634672702611,16.438645161688328
97.82,10962960,Döbling,Entire rental unit,Entire home/apt,4,188.0,27,1,1.5,1,204,1,28,4.79,48.23291,16.35414
84.0,104681268,Ottakring,Entire rental unit,Entire home/apt,2,481.0,21,1,1.0,1,220,0,27,4.63,48.2071883,16.3283102
124.0,4860716,Brigittenau,Entire rental unit,Entire home/apt,4,279.0,39,2,1.0,2,320,1,83,4.84,48.2271185,16.3688121
129.0,97472109,Floridsdorf,Entire rental unit,Entire home/apt,4,524.0,50,1,1.0,2,325,0,19,4.79,48.26487778661145,16.398324092065415
374.0,424267568,Donaustadt,Entire rental unit,Entire home/apt,8,391.0,49,3,1.5,1,257,0,27,4.81,48.23328473534912,16.422564865606677
111.0,542111274,Meidling,Entire rental unit,Entire home/apt,3,483.0,58,1,1.0,1,65,1,110,4.99,48.1804867,16.3268181
110.69,1643928,Landstraße,Entire home,Entire home/apt,6,353.0,32,2,1.5,1,355,0,30,4.33,48.20814,16.39345
165.0,15935294,Leopoldstadt,Entire rental unit,Entire home/apt,3,61.0,25,1,1.5,1,332,0,10,4.9,48.21793,16.40467
391.0,530403818,Landstraße,Entire rental unit,Entire home/apt,9,535.0,36,3,1.0,1,20,1,32,4.94,48.19303,16.38752
409.0,27775775,Neubau,Entire rental unit,Entire home/apt,4,516.0,36,1,1.0,1,72,0,109,4.9,48.20601,16.34406
61.62,64611943,Hietzing,Private room in rental unit,Private room,1,472.0,26,1,1.0,1,278,0,1,5.0,48.18816,16.27766
65.78,16541872,Rudolfsheim-Fünfhaus,Entire rental unit,Entire home/apt,2,318.0,7,1,1.0,30,180,0,1,5.0,48.19485445793432,16.331515087175863
80.0,18159956,Penzing,Entire condo,Entire home/apt,4,507.0,37,1,1.0,1,172,0,177,4.6,48.19163,16.29444
88.0,16038716,Alsergrund,Entire rental unit,Entire home/apt,4,292.0,25,1,1.0,1,350,1,3,4.67,48.2174939,16.34277
47.97,652925917,Rudolfsheim-Fünfhaus,Entire rental unit,Entire home/apt,2,49.0,31,1,1.0,28,337,0,6,3.17,48.19324598348853,16.329517476688004
60.0,97275819,Hernals,Entire rental unit,Entire home/apt,8,578.0,34,2,1.0,1,339,0,139,4.34,48.21312582362666,16.33972647252181
175.0,15935294,Leopoldstadt,Entire rental unit,Entire home/apt,4,61.0,24,1,1.5,1,326,0,1,5.0,48.21948252412515,16.404884875976954
240.0,547677118,Simmering,Entire rental unit,Entire home/apt,6,414.0,35,2,1.0,1,28,0,21,4.76,48.17367408480917,16.408925825473105
86.65,204455189,Favoriten,Entire rental unit,Entire home/apt,4,533.0,49,1,1.0,1,325,1,99,4.91,48.17983,16.36833
173.33,571465262,Leopoldstadt,Entire rental unit,Entire home/apt,3,245.0,12,2,1.0,3,107,1,17,4.82,48.21938601527102,16.403497732289246
151.5,87484808,Brigittenau,Entire rental unit,Entire home/apt,6,455.0,31,2,1.0,1,236,0,26,4.62,48.234153812994855,16.38700116549065
172.63,527038417,Alsergrund,Entire rental unit,Entire home/apt,4,347.0,29,1,1.0,1,355,0,24,4.63,48.21723,16.34418
194.0,471806426,Landstraße,Entire condo,Entire home/apt,4,390.0,31,1,1.0,2,231,0,159,4.89,48.19469369999999,16.4110295
122.0,209408098,Liesing,Entire rental unit,Entire home/apt,2,330.0,48,1,1.0,3,8,0,14,4.86,48.14362,16.30871
183.0,353394850,Alsergrund,Entire serviced apartment,Entire home/apt,4,155.0,33,1,1.0,1,231,0,2,4.0,48.21857259999999,16.3506371
103.0,548077465,Landstraße,Entire rental unit,Entire home/apt,6,73.0,38,1,1.0,1,292,0,12,4.67,48.19545417845013,16.410722641470116
105.81,129960877,Leopoldstadt,Entire rental unit,Entire home/apt,3,262.0,43,1,1.0,1,264,0,2,5.0,48.22156,16.40448
92.67,34165493,Landstraße,Entire rental unit,Entire home/apt,2,534.0,38,1,1.0,2,28,1,163,4.84,48.19266215284161,16.387363114531798
127.5,47886296,Landstraße,Entire rental unit,Entire home/apt,4,452.0,40,1,1.0,2,299,0,215,4.67,48.19169,16.38653
104.5,223187398,Floridsdorf,Entire rental unit,Entire home/apt,4,475.0,32,1,1.0,2,268,1,17,4.82,48.256521075427216,16.408875751577188
105.87,451388163,Meidling,Entire condo,Entire home/apt,4,454.0,52,1,1.5,1,195,0,66,4.74,48.18176,16.34128
487.0,418270816,Alsergrund,Entire rental unit,Entire home/apt,6,444.0,28,3,1.0,1,214,0,29,4.55,48.222393,16.366995
126.0,713500333,Favoriten,Entire rental unit,Entire home/apt,6,441.0,46,1,1.0,1,334,1,4,4.75,48.174643771069626,16.375476085485865
333.33,426015944,Margareten,Entire rental unit,Entire home/apt,6,0.0,46,3,1.5,1,99,1,22,4.91,48.18374384975581,16.352032682114675
206.93,149114688,Landstraße,Entire condo,Entire home/apt,4,504.0,25,2,1.0,3,354,0,1,5.0,48.20345900276989,16.387411912964588
118.5,12379091,Meidling,Entire rental unit,Entire home/apt,4,622.0,49,2,1.5,2,293,0,74,4.8,48.18376831517144,16.343435971538256
179.0,503019853,Landstraße,Entire rental unit,Entire home/apt,2,414.0,38,1,2.0,1,106,0,34,4.53,48.2109,16.38823
139.0,351699321,Wieden,Entire rental unit,Entire home/apt,4,479.0,34,1,1.0,1,53,0,39,4.74,48.19009182467136,16.367225827675075
90.0,547677118,Ottakring,Entire rental unit,Entire home/apt,4,492.0,27,1,1.0,1,342,0,5,5.0,48.20465621980802,16.330000773117597
183.0,536573751,Wieden,Entire rental unit,Entire home/apt,3,443.0,36,2,1.0,1,328,0,101,4.66,48.18805118315216,16.371206007509777
132.5,10269862,Rudolfsheim-Fünfhaus,Entire rental unit,Entire home/apt,6,487.0,39,2,1.0,2,68,1,110,4.85,48.19676,16.32961
76.08,753425229,Brigittenau,Entire rental unit,Entire home/apt,3,472.0,31,1,1.0,2,155,0,1,3.0,48.22933,16.3876
124.77,47160654,Wieden,Entire rental unit,Entire home/apt,4,370.0,42,1,1.0,3,33,1,31,5.0,48.18777243901164,16.366563587313227
115.0,424253159,Landstraße,Entire rental unit,Entire home/apt,4,498.0,22,1,1.0,1,312,0,23,4.65,48.19426,16.38687
64.0,662948152,Meidling,Entire rental unit,Entire home/apt,6,536.0,32,2,1.0,1,290,0,45,3.93,48.1804,16.3362
208.67,552003545,Margareten,Entire rental unit,Entire home/apt,4,411.0,37,2,1.0,3,267,0,4,5.0,48.18333400106197,16.34870392112337
163.8,520985618,Wieden,Entire rental unit,Entire home/apt,3,486.0,38,1,1.0,1,159,1,116,4.95,48.1916589,16.3743479
100.0,717073903,Margareten,Entire rental unit,Entire home/apt,4,485.0,40,1,1.0,2,227,1,51,5.0,48.1847862,16.3649574
87.87,235195974,Meidling,Entire rental unit,Entire home/apt,2,394.0,26,1,1.0,1,309,1,108,4.83,48.18390083246412,16.343510219133638
296.0,40922195,Meidling,Entire rental unit,Entire home/apt,3,499.0,43,2,1.0,1,139,0,25,4.96,48.18294,16.32596
134.0,151869337,Margareten,Entire rental unit,Entire home/apt,4,409.0,42,1,1.0,1,340,0,24,4.83,48.18402,16.35949
101.0,146020503,Meidling,Entire rental unit,Entire home/apt,4,429.0,25,1,1.0,1,329,0,12,4.83,48.18304,16.34139
213.5,141659072,Margareten,Entire rental unit,Entire home/apt,2,323.0,11,1,1.0,2,85,0,1,5.0,48.18410970342282,16.354256742451273
112.98,117092846,Wieden,Private room in rental unit,Private room,1,488.0,50,1,1.5,1,47,0,11,5.0,48.18844,16.3697
136.0,746169538,Landstraße,Entire rental unit,Entire home/apt,4,366.0,27,1,1.0,3,113,0,1,5.0,48.19989,16.38509
208.27,671467,Mariahilf,Entire rental unit,Entire home/apt,6,265.0,20,2,1.5,3,242,0,170,4.88,48.19757,16.35702
63.0,1108400,Leopoldstadt,Entire rental unit,Entire home/apt,1,507.0,18,1,1.0,1,164,0,219,4.55,48.21322593149154,16.377222950262468
116.0,448227459,Margareten,Entire rental unit,Entire home/apt,2,494.0,29,1,1.5,2,162,0,40,4.53,48.18493,16.36447
102.57,24548891,Innere Stadt,Entire rental unit,Entire home/apt,2,315.0,20,1,1.0,7,103,0,19,4.84,48.21685704700541,16.368776652088915
110.33,231965547,Rudolfsheim-Fünfhaus,Entire rental unit,Entire home/apt,4,476.0,44,1,1.0,3,162,0,21,4.71,48.19959,16.32691
220.0,661633780,Neubau,Entire rental unit,Entire home/apt,6,466.0,30,2,1.0,1,121,0,11,4.55,48.20111284019564,16.338868759581487
187.0,50653737,Alsergrund,Entire rental unit,Entire home/apt,4,240.0,44,1,1.0,2,158,0,144,4.79,48.21871,16.3675
119.71,114204359,Leopoldstadt,Entire rental unit,Entire home/apt,4,450.0,34,1,1.0,1,185,1,158,4.78,48.22412,16.38591
220.0,540900438,Mariahilf,Entire rental unit,Entire home/apt,2,77.0,28,1,1.0,1,103,0,90,4.76,48.2019406,16.3621546
55.7,222345303,Alsergrund,Entire rental unit,Entire home/apt,4,480.0,42,1,1.0,30,270,0,142,4.75,48.22211,16.36477
67.61,18316887,Josefstadt,Entire rental unit,Entire home/apt,3,396.0,45,1,1.0,18,237,0,377,4.82,48.20795,16.3551
151.5,500209781,Meidling,Entire rental unit,Entire home/apt,4,495.0,37,2,1.0,2,359,0,1,5.0,48.17873938167157,16.33138136215806
86.0,511689935,Ottakring,Entire rental unit,Entire home/apt,8,450.0,29,2,1.0,1,62,0,31,4.39,48.2129954197188,16.317564019737755
149.4,16279184,Währing,Entire rental unit,Entire home/apt,2,520.0,41,1,1.5,5,295,1,14,5.0,48.21982710096952,16.339786575973385
99.0,756944481,Rudolfsheim-Fünfhaus,Entire rental unit,Entire home/apt,4,445.0,43,1,1.0,3,291,0,10,4.7,48.19787,16.31782
170.8,308688308,Leopoldstadt,Entire rental unit,Entire home/apt,4,452.0,33,1,0.0,5,64,0,49,4.61,48.214096034816805,16.376739699832793
383.33,559988321,Josefstadt,Entire serviced apartment,Entire home/apt,6,324.0,41,3,1.5,1,298,0,149,4.86,48.20873,16.35395
185.0,249583292,Leopoldstadt,Entire rental unit,Entire home/apt,6,434.0,29,2,1.0,1,340,0,8,4.13,48.21921,16.37451
133.0,745996298,Leopoldstadt,Entire rental unit,Entire home/apt,6,338.0,19,2,1.0,2,246,0,4,4.75,48.21858899999999,16.378761
163.67,466341299,Leopoldstadt,Entire rental unit,Entire home/apt,7,432.0,27,3,1.5,1,43,0,66,4.74,48.22236179999999,16.3847928
101.34,385064248,Wieden,Entire rental unit,Entire home/apt,2,251.0,25,1,1.0,30,172,0,1,5.0,48.1876635,16.3704386
59.5,589598935,Rudolfsheim-Fünfhaus,Entire rental unit,Entire home/apt,3,466.0,30,1,1.0,1,250,0,1,4.0,48.19262217475337,16.32875333374136
239.0,513711955,Rudolfsheim-Fünfhaus,Entire vacation home,Entire home/apt,8,527.0,57,4,1.5,1,29,0,24,4.5,48.20132900000001,16.3368875
90.0,543968304,Brigittenau,Entire rental unit,Entire home/apt,3,356.0,57,1,1.5,2,189,0,220,4.8,48.228907932195725,16.368248142327882
69.71,506695159,Innere Stadt,Entire rental unit,Entire home/apt,2,406.0,50,1,1.0,31,317,1,18,4.89,48.20103,16.37023
136.0,443385371,Josefstadt,Entire rental unit,Entire home/apt,2,514.0,42,1,1.0,1,266,1,41,4.85,48.20779,16.3476
162.0,752282653,Rudolfsheim-Fünfhaus,Entire rental unit,Entire home/apt,4,506.0,34,1,1.0,1,211,0,3,5.0,48.20158,16.31552
241.0,47034279,Wieden,Entire rental unit,Entire home/apt,2,331.0,51,1,1.5,1,313,1,481,4.89,48.19912,16.3655
95.86,465308005,Rudolfsheim-Fünfhaus,Entire rental unit,Entire home/apt,2,369.0,22,1,1.0,1,102,0,2,4.5,48.18795,16.32619
192.0,687946617,Leopoldstadt,Entire rental unit,Entire home/apt,4,527.0,23,1,1.0,1,158,0,55,4.8,48.22032883267208,16.380561273859758
176.67,560447677,Josefstadt,Entire rental unit,Entire home/apt,4,434.0,27,1,1.0,1,135,0,2,5.0,48.2111876,16.3437333
145.5,715984165,Brigittenau,Private room in townhouse,Private room,4,46.0,35,2,1.5,1,174,1,9,5.0,48.2299,16.37573
115.81,14070533,Alsergrund,Entire serviced apartment,Entire home/apt,2,435.0,34,1,1.0,30,196,1,2,5.0,48.2186799,16.3610372
68.0,755624541,Wieden,Private room in rental unit,Private room,2,539.0,27,1,2.0,1,265,0,11,4.55,48.18952,16.36475
262.0,67879235,Neubau,Entire rental unit,Entire home/apt,6,354.0,60,2,1.5,1,243,1,31,5.0,48.2045067,16.3547586
134.0,116533139,Ottakring,Entire rental unit,Entire home/apt,2,200.0,53,1,1.0,1,311,0,27,4.85,48.217522,16.316767
155.0,293104680,Innere Stadt,Entire rental unit,Entire home/apt,2,420.0,30,1,1.0,2,41,0,71,4.69,48.206169,16.368128
49.65,517209596,Meidling,Entire rental unit,Entire home/apt,2,199.0,40,1,1.5,16,97,1,21,5.0,48.1821462,16.3439658
161.0,138176292,Mariahilf,Room in boutique hotel,Private room,4,409.0,34,1,1.5,1,351,0,4,4.75,48.2001755,16.3589309
211.5,540109894,Innere Stadt,Entire rental unit,Entire home/apt,6,478.0,30,2,1.0,2,260,0,29,4.9,48.21155808358052,16.37428236974469
77.62,10049122,Leopoldstadt,Entire rental unit,Entire home/apt,3,497.0,45,1,1.5,31,355,1,28,5.0,48.21969,16.37766
94.94,385064248,Rudolfsheim-Fünfhaus,Entire rental unit,Entire home/apt,4,275.0,29,2,2.0,30,345,0,1,5.0,48.2012587,16.31646869999999
168.0,1996189,Ottakring,Entire rental unit,Entire home/apt,4,59.0,40,2,1.5,2,287,1,13,4.92,48.21150867642454,16.31414980448886
107.0,418270816,Brigittenau,Entire rental unit,Entire home/apt,4,444.0,29,2,1.0,1,353,0,50,4.82,48.2290847,16.373511
93.0,440121334,Meidling,Entire rental unit,Entire home/apt,2,484.0,39,1,1.0,1,347,0,115,4.7,48.18459,16.33996
98.87,308688308,Leopoldstadt,Entire rental unit,Entire home/apt,4,480.0,33,1,1.0,30,279,0,62,4.66,48.21556,16.37613
71.78,222345303,Alsergrund,Entire rental unit,Entire home/apt,6,470.0,31,2,1.0,30,158,0,115,4.67,48.2221,16.36479
195.33,29775677,Alsergrund,Entire condo,Entire home/apt,2,284.0,59,1,1.5,2,139,1,12,5.0,48.2181916,16.3598103
9999.0,564614454,Rudolfsheim-Fünfhaus,Entire rental unit,Entire home/apt,2,518.0,31,1,1.0,1,335,0,9,3.67,48.190522434576685,16.33594968817262
81.0,566831684,Hernals,Entire rental unit,Entire home/apt,4,421.0,27,1,1.0,1,353,0,13,4.85,48.21897,16.33228
126.0,288328438,Mariahilf,Entire place,Entire home/apt,6,349.0,49,2,1.5,1,77,0,91,4.65,48.19068960316559,16.33765898644924
182.0,151869337,Rudolfsheim-Fünfhaus,Entire rental unit,Entire home/apt,6,468.0,35,3,1.5,1,330,0,36,4.78,48.19075105106049,16.326136139316212
191.0,690503353,Neubau,Entire rental unit,Entire home/apt,4,450.0,46,2,1.0,2,86,1,20,4.95,48.20527,16.34707
206.5,290324036,Neubau,Entire rental unit,Entire home/apt,4,450.0,33,1,1.5,2,143,0,7,4.86,48.20539,16.35156
110.33,346345158,Brigittenau,Entire rental unit,Entire home/apt,2,502.0,35,1,1.0,3,174,0,7,4.86,48.22815,16.36811
83.0,706035240,Hernals,Entire rental unit,Entire home/apt,2,0.0,38,1,1.0,2,356,0,3,4.33,48.2145715,16.3273365
123.0,488885043,Favoriten,Entire rental unit,Entire home/apt,5,448.0,29,1,1.0,1,322,0,76,4.7,48.17498,16.36918
203.0,229428537,Favoriten,Entire rental unit,Entire home/apt,7,455.0,32,3,1.0,1,336,0,29,4.24,48.17675,16.37408
171.0,383835177,Neubau,Entire rental unit,Entire home/apt,4,510.0,44,1,1.5,1,282,0,6,5.0,48.20106,16.34122
254.25,3000444,Josefstadt,Entire rental unit,Entire home/apt,6,515.0,29,2,1.0,3,11,1,7,5.0,48.21363474457531,16.353586365081785
190.0,2849290,Mariahilf,Entire rental unit,Entire home/apt,4,228.0,44,1,1.5,2,209,0,9,4.78,48.19435,16.34138
111.5,463024626,Hernals,Entire condo,Entire home/apt,4,453.0,58,1,1.0,2,157,1,106,4.84,48.21516,16.33489
169.4,407937258,Mariahilf,Entire rental unit,Entire home/apt,5,593.0,39,3,2.5,3,237,1,5,5.0,48.19296,16.35317
303.33,71074913,Neubau,Entire rental unit,Entire home/apt,4,530.0,35,2,1.5,3,230,0,133,4.91,48.20495,16.35178
155.25,503853597,Neubau,Entire rental unit,Entire home/apt,4,381.0,41,2,1.0,2,179,1,8,4.75,48.19866637321886,16.350735761225224
364.04,712373106,Innere Stadt,Entire rental unit,Entire home/apt,4,484.0,38,2,1.0,1,266,0,1,5.0,48.20686,16.37136
357.76,218209716,Innere Stadt,Entire rental unit,Entire home/apt,6,491.0,36,3,1.0,2,239,1,41,4.88,48.20861252799018,16.37125972949574
206.56,207485285,Rudolfsheim-Fünfhaus,Entire rental unit,Entire home/apt,7,487.0,25,2,1.5,2,37,0,9,4.67,48.19591829987686,16.327801674600384
197.0,8632750,Innere Stadt,Entire rental unit,Entire home/apt,4,443.0,39,1,1.0,1,274,0,28,4.61,48.21274571659833,16.374407026135263
110.0,589598935,Rudolfsheim-Fünfhaus,Entire rental unit,Entire home/apt,6,470.0,33,2,1.0,1,345,0,36,4.28,48.19275,16.32951
315.4,474169875,Favoriten,Entire rental unit,Entire home/apt,12,482.0,39,3,2.5,1,325,0,4,4.75,48.179903619663726,16.369890918138537
95.0,566831684,Hernals,Entire rental unit,Entire home/apt,2,385.0,25,1,1.0,1,339,0,15,4.87,48.2197,16.33253
138.0,650414615,Favoriten,Entire rental unit,Entire home/apt,4,482.0,32,1,1.0,1,359,0,26,4.69,48.177169866642544,16.371265886763187
160.0,86214879,Wieden,Entire rental unit,Entire home/apt,2,525.0,23,1,1.0,1,5,0,8,5.0,48.19025,16.37711
165.5,55129319,Neubau,Entire rental unit,Entire home/apt,3,533.0,38,1,1.0,2,21,0,3,5.0,48.20405,16.34684
211.2,22015698,Margareten,Entire rental unit,Entire home/apt,4,433.0,16,2,1.5,5,200,1,59,4.8,48.19195798137137,16.35724150093757
107.0,129960877,Leopoldstadt,Entire rental unit,Entire home/apt,4,264.0,42,1,1.0,2,317,0,148,4.72,48.22093,16.38222
330.5,46137450,Rudolfsheim-Fünfhaus,Entire rental unit,Entire home/apt,6,325.0,33,2,1.5,2,296,1,102,4.98,48.19278,16.33636
207.0,516305119,Mariahilf,Entire rental unit,Entire home/apt,10,473.0,40,3,1.0,1,94,0,22,4.91,48.19752,16.36197
104.0,566831684,Hernals,Entire rental unit,Entire home/apt,4,342.0,27,1,1.0,1,336,0,3,4.67,48.2197089050728,16.332181162223865
74.18,743395395,Innere Stadt,Entire rental unit,Entire home/apt,4,407.0,30,1,1.0,28,251,0,2,4.5,48.21187,16.37423
81.5,490261942,Favoriten,Entire rental unit,Entire home/apt,4,474.0,43,1,1.0,2,47,1,168,4.89,48.17315,16.37805
154.5,278892619,Rudolfsheim-Fünfhaus,Entire rental unit,Entire home/apt,7,491.0,36,1,1.0,2,329,1,4,4.25,48.193273,16.3286634
249.92,482155961,Mariahilf,Entire rental unit,Entire home/apt,6,409.0,36,3,1.0,2,36,1,22,4.95,48.19602,16.3462
104.0,50945012,Mariahilf,Entire rental unit,Entire home/apt,4,337.0,43,1,1.0,1,322,0,14,4.5,48.19252,16.34649
159.98,516360514,Ottakring,Entire rental unit,Entire home/apt,4,424.0,46,1,1.5,2,54,1,64,4.98,48.20836,16.33154
115.0,83109185,Favoriten,Entire rental unit,Entire home/apt,2,378.0,29,1,1.0,1,167,0,5,5.0,48.17513034576091,16.377019727739523
74.5,550243138,Favoriten,Entire rental unit,Entire home/apt,2,540.0,33,1,1.5,1,262,0,124,4.47,48.17403,16.37936
112.5,477838069,Favoriten,Entire rental unit,Entire home/apt,3,193.0,40,1,2.0,2,142,0,44,4.82,48.1768223,16.3780038
117.0,47644816,Favoriten,Entire rental unit,Entire home/apt,4,483.0,40,1,2.0,1,315,1,54,4.7,48.17374052260726,16.377237303447295
43.36,534349331,Favoriten,Private room in rental unit,Private room,2,492.0,39,1,1.5,1,316,0,146,4.39,48.1743849902746,16.379109054117986
40.7,594507559,Ottakring,Entire rental unit,Entire home/apt,4,463.0,31,1,1.0,21,168,0,1,2.0,48.20668,16.32862
71.71,129960877,Alsergrund,Entire rental unit,Entire home/apt,2,349.0,39,1,1.0,30,365,0,16,4.38,48.21573056659248,16.349381676199407
56.0,1680355426411254402,Simmering,Private room in rental unit,Private room,3,534.0,33,1,1.0,1,13,0,7,4.43,48.17511,16.42043
92.0,69176180,Ottakring,Entire rental unit,Entire home/apt,4,369.0,27,1,1.0,1,256,0,6,5.0,48.20628,16.33085
97.34,66601859,Mariahilf,Entire rental unit,Entire home/apt,4,508.0,44,2,1.5,30,222,0,2,5.0,48.1921,16.35063
62.79,14070533,Alsergrund,Entire serviced apartment,Entire home/apt,2,421.0,38,1,1.0,30,209,1,8,4.88,48.2152554,16.3497195
84.0,523634144,Favoriten,Entire rental unit,Entire home/apt,4,523.0,39,1,1.0,1,354,1,59,4.83,48.17344,16.37817
92.0,523634144,Favoriten,Entire rental unit,Entire home/apt,4,521.0,35,1,1.0,1,354,1,73,4.86,48.17157,16.37833
93.75,7770370,Neubau,Entire rental unit,Entire home/apt,5,63.0,23,1,1.5,1,315,1,3,5.0,48.20594,16.34986
112.0,706014304,Favoriten,Entire rental unit,Entire home/apt,4,0.0,49,1,1.0,1,332,1,35,4.69,48.174237,16.3755678
197.0,483250137,Leopoldstadt,Entire rental unit,Entire home/apt,4,258.0,45,1,1.0,1,325,0,2,4.5,48.2170577580679,16.382375408200073
99.2,411862875,Leopoldstadt,Entire rental unit,Entire home/apt,4,448.0,32,1,1.5,1,243,0,1,5.0,48.215103660483145,16.382903232478334
162.0,547677118,Währing,Entire rental unit,Entire home/apt,8,455.0,32,2,1.0,1,344,0,4,4.25,48.218277428247546,16.340760534556154
66.0,480282551,Favoriten,Entire rental unit,Entire home/apt,2,401.0,24,1,1.0,1,343,0,24,4.13,48.17933,16.37891
140.0,123148011,Favoriten,Entire rental unit,Entire home/apt,6,495.0,54,1,1.0,1,136,0,14,5.0,48.17938,16.37675
34.0,369764263,Meidling,Private room in rental unit,Private room,2,471.0,26,1,2.0,10,356,1,2,2.0,48.18543,16.34174
85.41,396652681,Mariahilf,Entire rental unit,Entire home/apt,4,495.0,38,1,1.0,29,185,0,2,5.0,48.1945659,16.3529628
160.0,204455189,Favoriten,Entire rental unit,Entire home/apt,4,457.0,30,1,1.0,1,280,1,29,4.55,48.18224800250851,16.374971633002577
53.6,2940314,Rudolfsheim-Fünfhaus,Entire rental unit,Entire home/apt,2,426.0,26,1,1.5,15,352,1,8,4.63,48.19408604934331,16.333013402110666
65.41,7770370,Mariahilf,Entire rental unit,Entire home/apt,4,504.0,47,1,1.5,20,360,1,1,5.0,48.19059868961202,16.34859258586897
112.05,385064248,Mariahilf,Entire rental unit,Entire home/apt,2,257.0,24,1,1.0,30,46,0,3,3.67,48.1897476,16.3465004
79.72,407937258,Margareten,Entire rental unit,Entire home/apt,5,592.0,42,2,1.5,28,342,1,1,5.0,48.187623944104864,16.345888541889124
113.97,64601861,Leopoldstadt,Entire rental unit,Entire home/apt,4,513.0,59,2,1.5,1,98,1,8,5.0,48.21569,16.38671
81.0,249583292,Leopoldstadt,Room in hotel,Private room,2,523.0,27,1,1.0,1,315,0,1,5.0,48.21799,16.38527
92.0,219815426,Hernals,Room in hotel,Private room,1,267.0,8,1,1.0,1,361,0,1,5.0,48.21926492575823,16.338019852203203
134.33,183175773,Donaustadt,Entire rental unit,Entire home/apt,2,91.0,40,1,1.5,3,54,0,55,4.89,48.22646,16.41881
16.23,238326400,Leopoldstadt,Entire rental unit,Entire home/apt,3,420.0,48,2,1.0,112,323,1,5,5.0,48.2191347,16.405225
281.0,300246929,Mariahilf,Entire rental unit,Entire home/apt,6,459.0,45,2,2.0,1,246,0,60,4.75,48.19693416964692,16.356888078153133
138.0,96815115,Mariahilf,Entire rental unit,Entire home/apt,2,417.0,8,1,1.0,1,8,0,16,5.0,48.199453558057385,16.363524378887956
100.0,80966031,Leopoldstadt,Entire rental unit,Entire home/apt,2,480.0,31,1,1.0,1,38,0,80,4.54,48.22432,16.40621
243.0,311151517,Neubau,Entire rental unit,Entire home/apt,10,489.0,26,3,3.0,1,335,0,18,4.28,48.19698,16.34461
11.23,32557421,Brigittenau,Entire rental unit,Entire home/apt,2,442.0,26,1,1.0,90,186,1,3,5.0,48.2334755,16.3718711
73.3,268592338,Favoriten,Entire rental unit,Entire home/apt,4,515.0,55,1,1.5,27,66,0,1,5.0,48.17128,16.37016
56.0,156404033,Landstraße,Private room in rental unit,Private room,3,488.0,35,1,1.5,1,5,0,29,4.66,48.19316,16.38799
126.75,17321285,Währing,Entire rental unit,Entire home/apt,2,514.0,33,1,1.0,4,107,1,17,4.94,48.21829,16.34134
115.67,22754595,Mariahilf,Entire rental unit,Entire home/apt,3,429.0,12,1,1.0,3,5,0,2,5.0,48.19373,16.34674
1039.0,410304110,Innere Stadt,Private room in bed and breakfast,Private room,2,76.0,15,1,1.0,1,365,0,1,4.0,48.21025,16.36749
88.8,19940707,Brigittenau,Entire rental unit,Entire home/apt,3,353.0,59,1,1.0,1,58,0,10,4.5,48.23418,16.38116
111.0,658954365,Donaustadt,Entire rental unit,Entire home/apt,2,237.0,33,1,1.0,1,71,0,2,5.0,48.2484,16.42924
194.33,3523076,Rudolfsheim-Fünfhaus,Entire rental unit,Entire home/apt,4,124.0,25,2,1.0,3,22,0,5,4.8,48.20037,16.32771
173.7,385064248,Innere Stadt,Entire rental unit,Entire home/apt,2,280.0,26,1,1.5,30,287,0,1,3.0,48.2092268,16.3671213
24.09,5874520,Leopoldstadt,Entire rental unit,Entire home/apt,2,428.0,21,1,1.0,60,313,0,25,4.64,48.21949,16.37519
25.0,21771038,Hietzing,Entire rental unit,Entire home/apt,5,276.0,14,2,1.0,90,361,0,1,5.0,48.18111,16.29873
148.5,5515546,Leopoldstadt,Entire rental unit,Entire home/apt,4,475.0,56,2,1.5,2,7,0,126,4.9,48.21791,16.37908
502.0,41151824,Alsergrund,Entire rental unit,Entire home/apt,6,487.0,76,3,1.5,1,7,1,468,4.85,48.216575622558594,16.362266540527344
139.67,809077,Margareten,Entire rental unit,Entire home/apt,4,458.0,43,1,1.0,3,363,1,110,4.79,48.19465,16.35956
121.0,65888224,Donaustadt,Entire rental unit,Entire home/apt,3,363.0,36,1,1.0,3,19,0,6,4.5,48.22623,16.42205
18.34,73595573,Alsergrund,Entire rental unit,Entire home/apt,2,454.0,30,1,1.0,90,365,0,34,4.97,48.22646,16.36075
342.0,278892619,Leopoldstadt,Entire rental unit,Entire home/apt,11,423.0,42,3,2.0,1,231,1,14,4.64,48.21958584226408,16.38137573983705
76.69,133692388,Leopoldstadt,Entire condo,Entire home/apt,2,508.0,37,1,1.0,3,10,0,312,4.72,48.22361,16.38386
20.32,173508358,Leopoldstadt,Entire rental unit,Entire home/apt,2,374.0,27,1,1.0,60,143,0,169,4.93,48.21621,16.37537
104.61,674343882,Wieden,Entire rental unit,Entire home/apt,4,130.0,27,1,1.0,3,164,0,27,4.19,48.19422909307565,16.36791449082124
182.59,15629634,Leopoldstadt,Entire rental unit,Entire home/apt,4,466.0,35,1,1.0,1,106,1,80,4.96,48.2165825,16.3754401
227.0,27775775,Favoriten,Entire rental unit,Entire home/apt,4,444.0,37,1,1.0,1,320,0,4,4.75,48.1684,16.37084
215.0,503019853,Landstraße,Entire rental unit,Entire home/apt,3,439.0,41,1,1.0,1,290,0,126,4.8,48.209188387635294,16.386767588554164
97.0,530634352,Landstraße,Entire rental unit,Entire home/apt,2,493.0,43,1,0.0,1,328,0,14,4.79,48.192984036939286,16.387270015897933
354.3,367491211,Mariahilf,Entire serviced apartment,Entire home/apt,8,500.0,48,2,2.0,2,211,1,290,4.96,48.20035,16.36292
208.0,1686911394372227427,Innere Stadt,Entire rental unit,Entire home/apt,2,223.0,34,1,1.0,1,347,0,2,5.0,48.2023904,16.365787
135.0,547677118,Rudolfsheim-Fünfhaus,Entire rental unit,Entire home/apt,6,398.0,27,2,1.0,1,340,0,5,5.0,48.20412,16.32848
109.33,540451992,Brigittenau,Entire rental unit,Entire home/apt,5,391.0,43,1,1.0,3,137,0,15,4.6,48.23414291029236,16.386048304605783
187.0,27775775,Landstraße,Entire rental unit,Entire home/apt,4,453.0,32,1,1.0,1,147,0,141,4.64,48.21134,16.39132
138.08,455140521,Margareten,Private room in rental unit,Private room,4,373.0,40,1,1.0,1,307,0,1,5.0,48.18216,16.35894
130.0,559988321,Meidling,Entire rental unit,Entire home/apt,4,454.0,35,1,1.0,1,145,0,88,4.86,48.18147,16.33682
143.0,559988321,Favoriten,Entire serviced apartment,Entire home/apt,3,219.0,30,1,1.0,1,314,0,50,4.68,48.16846152002024,16.371376738390353
144.5,435830409,Margareten,Entire rental unit,Entire home/apt,2,478.0,26,1,1.0,2,307,0,150,4.65,48.19175,16.35831
126.0,345864619,Favoriten,Entire rental unit,Entire home/apt,4,472.0,46,1,1.0,2,62,1,240,5.0,48.1789058,16.3783942
169.9,403207150,Landstraße,Entire rental unit,Entire home/apt,8,438.0,26,2,1.0,2,145,0,3,4.67,48.19996075204672,16.385582296430325
141.0,344610,Landstraße,Entire rental unit,Entire home/apt,4,437.0,56,1,1.5,2,320,0,75,4.88,48.19172859,16.38858604
162.5,743398,Margareten,Entire rental unit,Entire home/apt,4,411.0,28,1,1.0,2,294,0,194,4.77,48.19355,16.35864
292.9,367491211,Mariahilf,Entire rental unit,Entire home/apt,6,462.0,51,2,2.0,2,223,1,63,4.94,48.1997308,16.3602944
119.08,527038417,Margareten,Entire rental unit,Entire home/apt,4,340.0,20,1,1.0,1,212,0,27,4.85,48.18515,16.3633
87.06,14868480,Landstraße,Entire rental unit,Entire home/apt,2,59.0,30,1,1.0,1,292,0,5,4.4,48.19325293645047,16.39034112630363
105.75,5832934,Margareten,Entire rental unit,Entire home/apt,4,497.0,21,1,1.0,4,70,1,33,4.82,48.18542,16.34847
95.0,745194895,Meidling,Entire rental unit,Entire home/apt,2,451.0,42,1,1.0,1,334,0,3,4.67,48.17852242447679,16.33079524722138
191.5,5705270,Landstraße,Entire rental unit,Entire home/apt,3,423.0,51,1,1.5,1,288,1,276,4.88,48.20017534373515,16.38611306438936
80.0,538816752,Rudolfsheim-Fünfhaus,Entire rental unit,Entire home/apt,4,340.0,23,1,1.0,1,337,0,15,4.2,48.1927479,16.3350526
369.5,1557725,Landstraße,Entire rental unit,Entire home/apt,6,458.0,22,3,2.0,2,289,0,5,5.0,48.2082759911344,16.391881898463478
120.0,50945012,Wieden,Entire rental unit,Entire home/apt,4,352.0,20,1,1.0,1,327,0,5,5.0,48.1907346,16.3761429
148.12,22229400,Meidling,Entire rental unit,Entire home/apt,10,443.0,20,2,1.5,1,154,0,24,4.46,48.18383009397788,16.341310470929326
189.0,455439081,Landstraße,Entire rental unit,Entire home/apt,6,425.0,52,2,1.5,1,141,1,38,4.87,48.21146,16.38988
55.0,561630754,Margareten,Private room in rental unit,Private room,1,435.0,23,1,2.0,1,147,0,20,4.85,48.18381,16.35123
155.1,658733401,Rudolfsheim-Fünfhaus,Entire rental unit,Entire home/apt,5,321.0,48,2,1.0,4,350,0,3,5.0,48.1843128,16.3281827
152.5,245165047,Meidling,Entire rental unit,Entire home/apt,4,312.0,39,1,1.0,2,338,1,3,5.0,48.1838189,16.3431167
232.0,503019853,Landstraße,Entire rental unit,Entire home/apt,4,418.0,40,1,1.0,1,327,0,16,4.75,48.19442,16.38551
100.0,685153008,Landstraße,Entire rental unit,Entire home/apt,2,499.0,39,1,1.0,1,324,0,22,4.77,48.21072157978388,16.38637850690031
127.0,146020503,Meidling,Entire rental unit,Entire home/apt,4,459.0,28,2,1.0,1,332,0,1,4.0,48.18225829055429,16.341587275911497
212.0,51654312,Meidling,Entire rental unit,Entire home/apt,6,205.0,40,1,1.5,1,207,1,1,5.0,48.18161390234283,16.34606879374687
59.28,407937258,Alsergrund,Entire rental unit,Entire home/apt,2,590.0,42,1,1.0,19,161,1,6,5.0,48.22424,16.36535
130.0,69176180,Ottakring,Entire rental unit,Entire home/apt,4,369.0,32,1,1.0,1,263,0,4,4.5,48.20475,16.33127
267.0,1547126,Margareten,Entire rental unit,Entire home/apt,6,226.0,38,2,1.0,1,309,1,21,4.81,48.18513,16.36227
108.5,92077026,Leopoldstadt,Entire rental unit,Entire home/apt,2,511.0,27,1,1.0,4,316,1,30,4.9,48.22012,16.37944
363.75,515777466,Wieden,Entire rental unit,Entire home/apt,2,580.0,42,1,1.0,4,173,0,9,5.0,48.19773513436779,16.370348408818245
99.0,448227459,Margareten,Entire rental unit,Entire home/apt,2,528.0,21,1,1.0,2,365,0,6,4.67,48.18534018966374,16.36469380366006
208.0,668583558,Rudolfsheim-Fünfhaus,Entire rental unit,Entire home/apt,6,584.0,45,3,1.5,1,295,0,9,4.44,48.2027703,16.3365994
134.0,661633780,Neubau,Entire rental unit,Entire home/apt,4,436.0,32,1,1.0,1,284,0,31,4.55,48.20064125001683,16.338260670033662
217.0,661633780,Neubau,Entire rental unit,Entire home/apt,6,436.0,31,2,1.0,1,267,0,16,4.63,48.20078154248398,16.33873572339131
277.0,15935294,Josefstadt,Entire rental unit,Entire home/apt,2,434.0,30,1,1.5,1,320,0,69,4.61,48.2101,16.35523
274.0,296995222,Innere Stadt,Entire rental unit,Entire home/apt,4,473.0,36,1,1.0,3,349,1,28,5.0,48.21636,16.37026
64.03,188320967,Margareten,Entire rental unit,Entire home/apt,4,530.0,45,2,2.5,31,313,1,3,4.67,48.18781970253129,16.358850857380308
117.66,510989784,Alsergrund,Entire rental unit,Entire home/apt,4,426.0,30,1,1.0,2,159,1,65,4.85,48.21829181455708,16.343953657048253
89.67,4708938,Floridsdorf,Entire rental unit,Entire home/apt,3,199.0,17,1,0.0,3,358,0,1,5.0,48.2574,16.3955
157.25,15533117,Margareten,Entire rental unit,Entire home/apt,2,0.0,52,1,1.0,4,175,0,23,4.83,48.18525,16.36671
80.57,222345303,Alsergrund,Entire rental unit,Entire home/apt,6,501.0,42,2,1.0,30,74,0,185,4.71,48.22244,16.36669
82.97,190738505,Wieden,Entire rental unit,Entire home/apt,4,475.0,28,2,1.5,1,281,0,1,5.0,48.19064265768756,16.369395680319364
371.0,559988321,Josefstadt,Entire serviced apartment,Entire home/apt,6,324.0,38,3,2.5,1,288,0,64,5.0,48.20727,16.35339
72.19,27845940,Alsergrund,Entire rental unit,Entire home/apt,4,497.0,56,1,1.5,11,250,1,16,4.94,48.22309223686472,16.361143415238868
138.08,114204359,Leopoldstadt,Entire rental unit,Entire home/apt,6,436.0,35,2,1.0,1,209,1,83,4.86,48.22493,16.38581
123.0,31302344,Margareten,Entire rental unit,Entire home/apt,7,570.0,30,1,2.0,2,304,0,27,4.63,48.1841,16.35846
186.5,560635744,Margareten,Entire rental unit,Entire home/apt,6,470.0,33,2,1.0,2,268,0,10,4.9,48.18773,16.35119
326.0,530403818,Josefstadt,Entire rental unit,Entire home/apt,10,40.0,31,3,1.5,1,57,1,13,4.85,48.2151469,16.3451257
70.0,755624541,Wieden,Private room in rental unit,Private room,2,543.0,27,1,2.0,1,249,0,7,4.71,48.191206415810456,16.365548632157807
273.0,712373106,Leopoldstadt,Entire rental unit,Entire home/apt,4,449.0,37,2,1.0,1,295,0,14,4.57,48.21384,16.37785
158.0,1668098053188974872,Rudolfsheim-Fünfhaus,Entire rental unit,Entire home/apt,4,484.0,46,1,1.5,1,216,0,7,4.71,48.2015987,16.3148261
44.3,407937258,Alsergrund,Entire rental unit,Entire home/apt,2,585.0,41,1,1.0,28,351,1,1,3.0,48.22370062959457,16.34989269477918
170.5,485171868,Leopoldstadt,Entire rental unit,Entire home/apt,2,428.0,36,1,1.0,1,231,1,32,4.78,48.218246,16.3781963
56.0,594507559,Ottakring,Entire rental unit,Entire home/apt,4,487.0,34,1,1.0,1,349,0,66,4.36,48.20592,16.32988
96.5,586225953,Ottakring,Entire rental unit,Entire home/apt,4,517.0,30,1,1.0,1,186,0,9,5.0,48.20686,16.32286
126.82,15935294,Wieden,Entire rental unit,Entire home/apt,4,232.0,26,2,1.0,30,183,0,8,4.25,48.19809,16.3664
124.64,385064248,Leopoldstadt,Entire rental unit,Entire home/apt,2,282.0,26,1,1.5,30,233,0,1,3.0,48.2248629,16.36988
86.36,61089273,Rudolfsheim-Fünfhaus,Entire rental unit,Entire home/apt,4,200.0,28,1,1.0,14,311,1,11,4.82,48.19890610957492,16.336809020526676
60.18,245091100,Josefstadt,Entire rental unit,Entire home/apt,2,482.0,40,1,1.0,30,69,1,12,5.0,48.2118082,16.3521576
48.77,141076697,Meidling,Entire rental unit,Entire home/apt,4,493.0,29,1,1.0,30,279,0,61,4.64,48.17853397439052,16.34221014721924
160.33,551661125,Ottakring,Entire rental unit,Entire home/apt,6,118.0,29,2,1.0,3,312,0,20,4.65,48.21061623797679,16.32088330317992
96.51,457909559,Josefstadt,Entire condo,Entire home/apt,4,289.0,33,1,1.0,14,171,0,18,5.0,48.20831,16.35111
128.33,5464249,Ottakring,Entire rental unit,Entire home/apt,3,511.0,47,1,1.0,3,202,0,3,5.0,48.217,16.31675
236.33,178996639,Innere Stadt,Entire condo,Entire home/apt,2,254.0,42,1,1.5,3,342,0,115,4.88,48.21242,16.37349
137.0,249583292,Rudolfsheim-Fünfhaus,Entire rental unit,Entire home/apt,4,525.0,29,1,1.0,1,345,0,5,4.4,48.19574,16.33002
117.0,308688308,Hernals,Entire rental unit,Entire home/apt,2,479.0,28,1,1.0,1,338,0,61,4.46,48.21995,16.33768
143.0,418270816,Brigittenau,Entire rental unit,Entire home/apt,6,444.0,29,3,1.0,1,317,0,63,4.68,48.2290847,16.373511
427.5,115540983,Ottakring,Entire rental unit,Entire home/apt,14,172.0,35,3,1.0,1,96,0,363,4.82,48.21389,16.33301
147.0,457580733,Brigittenau,Entire rental unit,Entire home/apt,3,423.0,37,1,1.5,2,204,0,15,4.6,48.23127,16.37139
150.0,684280440,Rudolfsheim-Fünfhaus,Entire rental unit,Entire home/apt,7,402.0,34,2,1.0,1,234,0,20,4.45,48.18737,16.32947
78.0,706035240,Hernals,Entire rental unit,Entire home/apt,2,547.0,35,1,1.0,2,341,0,7,4.14,48.21546,16.32635
62.0,156404033,Mariahilf,Entire rental unit,Entire home/apt,2,474.0,24,1,1.0,1,353,0,44,4.48,48.19559,16.34686
125.7,262049504,Leopoldstadt,Entire rental unit,Entire home/apt,5,424.0,39,2,1.0,1,188,0,42,4.4,48.222562789663336,16.389404025503293
127.33,551965438,Hernals,Entire rental unit,Entire home/apt,2,436.0,38,1,1.0,3,78,1,8,4.63,48.21618,16.3345
104.5,684280440,Rudolfsheim-Fünfhaus,Entire rental unit,Entire home/apt,7,487.0,7,1,1.0,1,330,0,5,4.0,48.18680448772516,16.327318991269532
157.67,690503353,Neubau,Entire rental unit,Entire home/apt,2,173.0,40,1,1.5,3,160,1,20,4.9,48.20594388791425,16.34711515440772
241.0,308688308,Innere Stadt,Entire rental unit,Entire home/apt,6,483.0,21,2,1.0,1,294,0,130,4.77,48.20855542505512,16.378793649224253
299.0,547677118,Leopoldstadt,Entire rental unit,Entire home/apt,8,407.0,30,2,2.0,1,316,0,16,4.31,48.21715209218024,16.38675389288677
116.08,9252622,Rudolfsheim-Fünfhaus,Entire rental unit,Entire home/apt,5,532.0,9,2,1.5,30,181,0,1,5.0,48.19777,16.33039
134.0,326612844,Favoriten,Entire rental unit,Entire home/apt,3,491.0,30,1,1.0,1,345,0,16,4.63,48.179269064064414,16.368889007187796
50.39,594507559,Ottakring,Entire rental unit,Entire home/apt,6,377.0,34,2,1.0,21,111,0,1,2.0,48.20672,16.32972
313.0,50945012,Margareten,Entire rental unit,Entire home/apt,10,339.0,36,3,2.5,1,288,0,324,4.7,48.19259,16.35518
151.5,728123544,Favoriten,Entire rental unit,Entire home/apt,6,398.0,35,2,1.5,2,206,1,23,4.91,48.1789,16.36822
79.91,156404033,Landstraße,Entire rental unit,Entire home/apt,9,505.0,32,3,1.0,1,132,0,1,4.0,48.19528,16.38935
135.0,47957880,Rudolfsheim-Fünfhaus,Entire rental unit,Entire home/apt,4,471.0,43,2,1.0,1,364,0,137,4.33,48.18856,16.33193
176.5,541293822,Innere Stadt,Entire rental unit,Entire home/apt,2,257.0,21,1,1.0,2,68,0,69,4.61,48.21044,16.37191
383.33,731409976,Innere Stadt,Entire rental unit,Entire home/apt,5,405.0,51,3,1.0,1,270,1,38,4.97,48.20998293691212,16.366310208248898
111.0,706014304,Favoriten,Entire rental unit,Entire home/apt,3,0.0,51,1,1.0,1,326,1,41,4.83,48.174237,16.3755678
120.0,115915838,Neubau,Room in boutique hotel,Hotel room,2,429.0,17,1,1.0,1,320,0,10,3.9,48.19777,16.34747
97.0,10269862,Rudolfsheim-Fünfhaus,Entire rental unit,Entire home/apt,4,443.0,36,1,1.0,2,206,1,27,4.85,48.19773691329959,16.32761232794486
168.0,27775775,Favoriten,Entire rental unit,Entire home/apt,4,485.0,38,1,1.0,1,320,0,5,5.0,48.18028,16.37831
79.28,14070533,Alsergrund,Entire serviced apartment,Entire home/apt,2,383.0,38,1,1.0,30,184,1,17,4.88,48.215023,16.350889
84.0,523634144,Favoriten,Entire rental unit,Entire home/apt,4,521.0,38,1,1.0,1,331,1,115,4.71,48.17362481497609,16.378329499092256
95.0,560447677,Rudolfsheim-Fünfhaus,Entire rental unit,Entire home/apt,4,240.0,21,1,1.0,1,146,0,21,4.29,48.1859189,16.3281089
185.7,503853597,Mariahilf,Entire rental unit,Entire home/apt,4,395.0,40,2,1.0,2,154,1,20,4.75,48.1985826,16.351493
1149.0,489835105,Leopoldstadt,Entire rental unit,Entire home/apt,4,428.0,3,1,1.0,1,273,0,2,5.0,48.2259288,16.3824864
185.98,697816608,Ottakring,Entire rental unit,Entire home/apt,4,379.0,34,2,1.5,1,345,0,15,4.67,48.2074182,16.3297158
74.0,480282551,Favoriten,Entire rental unit,Entire home/apt,4,424.0,30,1,1.0,1,349,0,62,4.79,48.17895,16.37705
155.0,432493088,Leopoldstadt,Entire rental unit,Entire home/apt,4,512.0,30,2,1.5,1,139,0,95,4.62,48.21776,16.38258
120.0,200204459,Ottakring,Entire condo,Entire home/apt,2,545.0,48,1,1.5,2,263,1,113,4.91,48.20646,16.32831
240.0,451388163,Leopoldstadt,Entire condo,Entire home/apt,6,59.0,45,2,1.5,1,146,0,2,5.0,48.21606,16.38387
101.0,575632090,Meidling,Private room in rental unit,Private room,2,528.0,51,1,2.0,1,5,0,32,4.69,48.17969250867961,16.330185681581497
26.41,143119334,Rudolfsheim-Fünfhaus,Entire rental unit,Entire home/apt,2,238.0,31,1,1.0,60,364,0,2,5.0,48.19409,16.32393
260.0,157619288,Wieden,Entire condo,Entire home/apt,4,460.0,61,2,1.0,1,145,1,74,4.82,48.18696,16.37338
111.6,63455236,Brigittenau,Entire rental unit,Entire home/apt,3,344.0,30,1,1.0,4,19,0,25,4.76,48.22860319999999,16.3738468
102.5,146750922,Währing,Entire rental unit,Entire home/apt,2,509.0,35,1,1.0,2,27,0,28,4.71,48.22349,16.33854
86.0,156404033,Landstraße,Private room in rental unit,Private room,2,420.0,35,1,1.5,1,18,0,14,4.5,48.19439,16.38924
132.0,130948770,Favoriten,Entire rental unit,Entire home/apt,4,262.0,41,1,1.0,1,1,0,16,4.44,48.17538,16.38154
102.0,465308005,Neubau,Entire rental unit,Entire home/apt,2,659.0,24,1,1.0,1,19,0,3,5.0,48.20595,16.34852
34.4,39108245,Leopoldstadt,Entire rental unit,Entire home/apt,2,475.0,16,1,1.0,60,365,0,4,4.5,48.21927,16.37502
17.35,9866079,Favoriten,Entire rental unit,Entire home/apt,2,179.0,25,1,1.0,58,299,0,45,4.51,48.17092,16.37652
23.52,5874520,Leopoldstadt,Entire rental unit,Entire home/apt,2,355.0,19,1,1.0,60,358,0,13,4.62,48.21746,16.37538
83.98,480913609,Brigittenau,Entire condo,Entire home/apt,4,528.0,37,1,1.5,30,321,0,21,4.81,48.227,16.36717
97.4,668583558,Rudolfsheim-Fünfhaus,Entire rental unit,Entire home/apt,2,576.0,49,1,1.5,1,328,0,13,4.92,48.2027703,16.3365994
128.0,17712204,Margareten,Entire rental unit,Entire home/apt,4,225.0,36,1,1.0,7,223,1,40,4.83,48.19323,16.35529
289.75,259355201,Neubau,Entire rental unit,Entire home/apt,4,485.0,41,2,1.0,3,6,1,23,4.96,48.20586,16.35289
159.0,138176292,Mariahilf,Room in boutique hotel,Private room,6,436.0,35,1,1.5,1,326,0,1,5.0,48.2001757,16.3589215
60.87,721613340,Margareten,Entire rental unit,Entire home/apt,4,427.0,41,1,1.5,30,283,1,2,4.5,48.18323283104216,16.35669304603272
57.44,222345303,Alsergrund,Entire rental unit,Entire home/apt,5,530.0,42,1,1.0,30,332,0,84,4.6,48.22231,16.36494
25.25,141076697,Meidling,Private room in rental unit,Private room,1,408.0,27,1,1.0,30,118,0,58,4.48,48.17974038275158,16.342925391793273
37.8,165362429,Josefstadt,Private room in rental unit,Private room,2,493.0,11,1,1.0,1,7,0,3,5.0,48.2110513192895,16.346766759063033
153.67,559988321,Rudolfsheim-Fünfhaus,Entire serviced apartment,Entire home/apt,6,329.0,41,2,1.5,1,299,0,80,4.88,48.19454287067898,16.320799382754306
96.27,156784089,Leopoldstadt,Entire rental unit,Entire home/apt,2,301.0,38,1,1.0,1,263,0,84,4.77,48.22694617017423,16.387498811478793
122.55,518644,Margareten,Entire rental unit,Entire home/apt,4,569.0,53,1,1.5,1,309,0,101,4.56,48.19496,16.35896
100.42,455957052,Leopoldstadt,Entire rental unit,Entire home/apt,2,467.0,46,1,1.0,1,339,1,86,4.88,48.2247801,16.3835593
139.0,494287797,Favoriten,Entire rental unit,Entire home/apt,2,394.0,48,1,1.0,1,277,0,4,5.0,48.1810203,16.3722481
232.33,551661125,Josefstadt,Entire rental unit,Entire home/apt,6,494.0,27,3,2.0,3,239,0,70,4.56,48.2100868,16.3437145
132.0,27775775,Leopoldstadt,Entire rental unit,Entire home/apt,3,516.0,28,1,1.0,1,276,0,218,4.56,48.22193,16.38343
99.0,129960877,Leopoldstadt,Entire rental unit,Entire home/apt,2,264.0,35,1,1.0,2,289,0,228,4.73,48.22553,16.38279
96.0,745194895,Meidling,Entire rental unit,Entire home/apt,2,283.0,42,1,1.0,1,344,0,4,4.0,48.17796,16.32992
138.29,95155235,Alsergrund,Entire rental unit,Entire home/apt,2,500.0,52,1,1.0,7,185,0,34,4.71,48.21821,16.35986
50.42,473052793,Leopoldstadt,Entire rental unit,Entire home/apt,2,415.0,30,1,1.0,30,356,0,2,4.5,48.21441,16.38518
242.0,588115225,Margareten,Entire rental unit,Entire home/apt,6,0.0,57,2,2.0,1,347,1,19,4.95,48.1820375,16.3544219
201.0,67879235,Neubau,Entire rental unit,Entire home/apt,4,354.0,60,1,1.5,1,260,1,228,4.99,48.20451,16.35475
98.0,499797064,Mariahilf,Entire rental unit,Entire home/apt,4,542.0,33,1,1.0,1,359,0,1,2.0,48.19968,16.35957
60.0,753214204,Meidling,Entire rental unit,Entire home/apt,2,534.0,18,1,1.0,1,365,0,4,2.25,48.18004,16.33245
102.5,31302344,Margareten,Entire rental unit,Entire home/apt,8,568.0,27,1,2.0,1,308,0,33,4.58,48.18416,16.35997
97.9,47034279,Wieden,Entire rental unit,Entire home/apt,2,301.0,51,1,1.5,1,338,1,650,4.89,48.19886,16.36491
168.0,12783192,Ottakring,Entire rental unit,Entire home/apt,1,167.0,13,1,1.0,1,36,0,1,5.0,48.20438,16.33322
130.76,433540510,Wieden,Entire rental unit,Entire home/apt,4,455.0,21,2,2.0,31,136,1,1,5.0,48.19379,16.36887
115.33,1996189,Ottakring,Entire rental unit,Entire home/apt,2,107.0,35,1,1.5,3,328,1,27,4.93,48.2132,16.31451
104.29,201370667,Meidling,Entire condo,Entire home/apt,4,500.0,37,1,1.5,3,82,0,157,4.59,48.17788,16.32742
144.32,489302243,Josefstadt,Entire rental unit,Entire home/apt,4,501.0,50,1,1.5,3,282,1,64,4.98,48.21315,16.34438
197.0,511677839,Neubau,Entire rental unit,Entire home/apt,3,412.0,36,1,2.0,1,81,0,9,4.89,48.20099,16.33785
119.0,559988321,Rudolfsheim-Fünfhaus,Entire serviced apartment,Entire home/apt,2,329.0,35,1,1.5,1,325,0,58,4.76,48.19323,16.32158
92.15,432165658,Leopoldstadt,Entire rental unit,Entire home/apt,2,483.0,46,1,1.0,30,313,0,18,4.78,48.22169492260685,16.37306920965682
162.28,227323697,Leopoldstadt,Entire rental unit,Entire home/apt,7,379.0,51,2,1.0,1,157,0,12,4.75,48.22342,16.38591
123.0,661633780,Neubau,Entire rental unit,Entire home/apt,4,436.0,33,1,1.0,1,282,0,42,4.52,48.20093920521844,16.33867245869768
120.5,827783,Leopoldstadt,Entire rental unit,Entire home/apt,4,231.0,35,1,1.0,2,18,1,305,4.84,48.21664,16.37842
135.29,400579481,Rudolfsheim-Fünfhaus,Entire loft,Entire home/apt,4,447.0,36,2,1.0,7,141,0,7,4.86,48.19541,16.31774
101.18,661595702,Leopoldstadt,Entire rental unit,Entire home/apt,3,452.0,23,1,1.0,3,69,0,66,4.55,48.21645,16.37905
177.0,412707109,Innere Stadt,Entire condo,Entire home/apt,4,87.0,42,2,1.0,2,61,0,58,4.55,48.21395,16.36987
216.5,459660164,Penzing,Entire rental unit,Entire home/apt,6,225.0,51,2,1.5,2,300,1,226,4.98,48.199238,16.316881
208.0,129960877,Leopoldstadt,Entire rental unit,Entire home/apt,4,272.0,33,2,2.0,1,313,0,2,5.0,48.2199732,16.3736391
160.91,455140521,Margareten,Entire rental unit,Entire home/apt,6,393.0,43,2,1.5,1,307,0,4,4.75,48.18615,16.36438
116.1,385064248,Margareten,Entire rental unit,Entire home/apt,4,280.0,26,2,1.5,30,325,0,1,4.0,48.1833214,16.3628948
166.0,50945012,Margareten,Entire rental unit,Entire home/apt,6,338.0,39,2,1.0,1,334,0,43,4.21,48.19151,16.35425
83.5,16013247,Margareten,Entire rental unit,Entire home/apt,2,513.0,33,1,1.0,2,218,0,144,4.72,48.187231782619314,16.364573676721175
49.0,511689935,Leopoldstadt,Private room in hostel,Private room,1,403.0,18,1,5.0,1,134,0,37,4.65,48.2259643,16.3871199
83.0,1601374,Leopoldstadt,Entire rental unit,Entire home/apt,2,446.0,44,1,1.0,1,269,1,21,4.76,48.22448,16.38764
47.0,592040638,Ottakring,Entire rental unit,Entire home/apt,3,538.0,33,1,1.0,1,354,0,12,4.42,48.20477,16.32985
214.0,330804843,Penzing,Entire rental unit,Entire home/apt,5,399.0,46,2,1.0,2,228,1,61,4.89,48.1886212,16.3076153
127.0,278892619,Rudolfsheim-Fünfhaus,Entire rental unit,Entire home/apt,4,507.0,35,1,1.0,1,343,1,3,4.33,48.20205,16.33473
137.17,171870109,Penzing,Entire rental unit,Entire home/apt,2,528.0,35,1,1.0,2,216,1,10,5.0,48.20334689163709,16.304558126928274
144.5,196356933,Margareten,Entire rental unit,Entire home/apt,4,476.0,29,1,1.0,2,360,1,150,4.79,48.19222,16.36209
136.94,9892486,Margareten,Entire rental unit,Entire home/apt,1,0.0,9,1,1.0,1,365,0,1,1.0,48.19159,16.35477
124.06,695246045,Neubau,Entire serviced apartment,Entire home/apt,4,416.0,43,2,2.5,31,197,0,10,5.0,48.20148006514376,16.3575948745708
97.0,50945012,Margareten,Entire rental unit,Entire home/apt,4,352.0,37,1,1.0,1,316,0,4,4.25,48.1914,16.3559
82.0,156404033,Ottakring,Entire rental unit,Entire home/apt,6,538.0,33,2,1.0,1,9,0,18,4.39,48.20522879240082,16.328281210698346
155.5,653080060,Alsergrund,Entire rental unit,Entire home/apt,4,478.0,35,2,1.0,1,174,0,30,4.93,48.216171910305775,16.346739294164713
101.17,94295754,Ottakring,Entire rental unit,Entire home/apt,4,90.0,43,2,1.5,2,24,0,87,4.74,48.20463,16.33246
135.0,156404033,Landstraße,Entire rental unit,Entire home/apt,7,500.0,35,3,1.0,1,350,0,41,4.41,48.1931218600695,16.389880942419023
166.0,212027054,Rudolfsheim-Fünfhaus,Entire rental unit,Entire home/apt,4,436.0,41,1,1.0,1,275,1,8,5.0,48.1868838,16.3295348
161.2,83843720,Rudolfsheim-Fünfhaus,Entire rental unit,Entire home/apt,6,307.0,40,2,1.5,1,301,0,2,5.0,48.20188,16.33075
138.63,506695159,Wieden,Entire rental unit,Entire home/apt,6,494.0,56,3,1.0,31,328,1,18,4.94,48.19971,16.36692
186.0,598517551,Rudolfsheim-Fünfhaus,Entire rental unit,Entire home/apt,4,435.0,28,1,1.5,1,194,0,34,4.68,48.200929267734864,16.329903934220233
196.86,37538177,Leopoldstadt,Entire rental unit,Entire home/apt,6,389.0,47,2,1.0,2,66,0,1,5.0,48.22222,16.38894
148.5,37538177,Leopoldstadt,Entire rental unit,Entire home/apt,4,302.0,50,1,1.0,2,66,0,46,4.22,48.22072,16.38681
172.0,447580660,Leopoldstadt,Entire rental unit,Entire home/apt,5,477.0,52,2,1.0,1,162,1,40,4.73,48.22452,16.3864
130.37,407937258,Wieden,Entire rental unit,Entire home/apt,5,595.0,40,2,1.5,8,199,1,16,4.94,48.19795064889991,16.374669992611807
122.22,502789530,Leopoldstadt,Entire rental unit,Entire home/apt,2,488.0,40,1,1.0,2,156,0,44,4.68,48.2204072072147,16.38891418453117
545.0,530403818,Josefstadt,Entire rental unit,Entire home/apt,12,505.0,30,4,2.0,1,101,1,59,4.97,48.20923,16.35009
122.06,695246045,Neubau,Entire serviced apartment,Entire home/apt,2,420.0,45,1,1.0,31,301,0,2,4.5,48.20384112390752,16.357717562933235
98.94,546955734,Ottakring,Entire rental unit,Entire home/apt,2,416.0,34,1,1.5,2,149,0,18,4.5,48.20901139460719,16.322984350541667
134.33,479481506,Josefstadt,Entire condo,Entire home/apt,4,481.0,33,1,1.0,3,104,1,164,4.88,48.20788,16.35222
101.0,342487988,Leopoldstadt,Entire serviced apartment,Entire home/apt,2,307.0,20,1,0.0,1,356,0,3,4.67,48.21601,16.379
174.0,196356933,Margareten,Entire rental unit,Entire home/apt,4,459.0,22,1,1.0,2,342,1,82,4.71,48.1925903,16.3622535
145.0,87484808,Margareten,Entire rental unit,Entire home/apt,4,400.0,49,1,1.0,1,144,0,18,4.72,48.18652,16.35867
181.0,7147147,Innere Stadt,Entire rental unit,Entire home/apt,8,505.0,31,2,1.0,1,308,0,8,4.5,48.21630890208338,16.369081728515496
109.0,684280440,Rudolfsheim-Fünfhaus,Entire rental unit,Entire home/apt,4,370.0,35,1,1.0,1,238,0,42,4.48,48.18557,16.3273
122.0,594507559,Ottakring,Entire rental unit,Entire home/apt,3,452.0,34,1,1.0,1,6,0,35,4.63,48.20517,16.3298
66.0,564614454,Rudolfsheim-Fünfhaus,Entire rental unit,Entire home/apt,4,444.0,33,1,1.0,1,331,0,70,4.26,48.19071168280522,16.33618186424469
70.04,574487762,Neubau,Entire rental unit,Entire home/apt,2,518.0,34,1,1.0,28,301,0,1,5.0,48.205340120346285,16.34955659508705
42.22,27775775,Rudolfsheim-Fünfhaus,Entire rental unit,Entire home/apt,4,414.0,34,1,1.0,30,133,0,76,4.37,48.19422682023737,16.321889212843075
233.0,15594055,Neubau,Entire rental unit,Entire home/apt,8,311.0,61,3,1.5,1,236,1,145,4.79,48.204082,16.341665
234.0,140573307,Neubau,Entire rental unit,Entire home/apt,7,325.0,27,2,1.5,2,278,0,205,4.75,48.20387,16.3435
119.0,87484808,Rudolfsheim-Fünfhaus,Entire rental unit,Entire home/apt,6,500.0,29,1,1.0,1,244,0,10,4.3,48.200031294088056,16.32821576932983
94.04,15935294,Neubau,Entire rental unit,Entire home/apt,2,425.0,24,1,1.5,30,225,0,17,4.47,48.20529,16.35336
284.5,738896845,Leopoldstadt,Entire rental unit,Entire home/apt,6,489.0,44,2,1.0,1,295,1,22,4.86,48.22361764819855,16.388921526983648
164.0,542263386,Leopoldstadt,Entire rental unit,Entire home/apt,6,500.0,47,2,1.0,1,188,0,25,4.68,48.22457,16.38678
59.36,384129425,Josefstadt,Entire rental unit,Entire home/apt,1,540.0,41,1,1.5,3,32,1,19,4.89,48.21294039582944,16.34285301608445
112.5,129960877,Leopoldstadt,Entire rental unit,Entire home/apt,4,401.0,28,1,1.0,2,342,0,82,4.7,48.22658,16.38208
175.0,477249193,Neubau,Entire rental unit,Entire home/apt,4,490.0,26,1,1.0,2,245,1,112,4.97,48.203407752872415,16.34765988710006
201.1,367491211,Margareten,Entire rental unit,Entire home/apt,6,479.0,50,2,2.0,2,312,1,62,4.87,48.18501376383593,16.351449264933077
108.41,211817420,Rudolfsheim-Fünfhaus,Entire rental unit,Entire home/apt,2,429.0,51,1,1.0,1,86,1,276,4.91,48.197041,16.325903
108.0,575253843,Brigittenau,Entire rental unit,Entire home/apt,2,457.0,55,1,1.0,1,332,1,16,4.69,48.23202,16.37409
106.95,326177928,Brigittenau,Entire rental unit,Entire home/apt,4,370.0,35,1,1.0,2,349,1,55,4.69,48.2306926,16.3725241
90.0,559939792,Neubau,Entire rental unit,Entire home/apt,4,327.0,25,1,1.0,1,257,0,33,4.48,48.20397576070185,16.33972413927794
137.5,268592338,Rudolfsheim-Fünfhaus,Entire rental unit,Entire home/apt,3,539.0,49,1,1.0,1,318,0,15,4.8,48.19632,16.33328
356.2,231965547,Rudolfsheim-Fünfhaus,Entire rental unit,Entire home/apt,4,377.0,57,2,1.5,5,181,0,4,4.5,48.19989,16.32596
109.56,209995228,Brigittenau,Entire rental unit,Entire home/apt,2,415.0,34,1,1.0,2,6,1,88,4.95,48.23093,16.36794
81.82,728855373,Rudolfsheim-Fünfhaus,Entire rental unit,Entire home/apt,3,410.0,34,1,1.0,2,32,0,15,4.47,48.19392,16.32123
89.11,546955734,Ottakring,Entire rental unit,Entire home/apt,2,427.0,35,1,1.5,2,231,0,4,5.0,48.20912766107205,16.323417951694022
198.78,385064248,Innere Stadt,Entire rental unit,Entire home/apt,4,311.0,27,2,2.0,30,245,0,1,4.0,48.2177006,16.3690628
196.0,700674779,Rudolfsheim-Fünfhaus,Entire rental unit,Entire home/apt,5,437.0,46,2,1.5,2,18,1,8,4.88,48.19743,16.32765
61.33,407937258,Rudolfsheim-Fünfhaus,Entire rental unit,Entire home/apt,2,579.0,44,1,1.0,28,294,1,9,4.89,48.19428,16.31914
137.77,560447677,Josefstadt,Entire rental unit,Entire home/apt,4,434.0,27,1,1.0,1,131,0,6,4.33,48.2111876,16.3437333
196.5,383835177,Neubau,Entire rental unit,Entire home/apt,4,391.0,41,1,1.5,2,307,0,41,4.78,48.20124,16.35469
732.67,452986984,Innere Stadt,Entire condo,Entire home/apt,10,473.0,39,4,4.0,3,304,0,51,4.69,48.2027,16.36823
78.0,594507559,Ottakring,Private room in rental unit,Private room,3,431.0,35,1,1.0,1,2,0,11,4.27,48.20534,16.32971
240.0,100351711,Neubau,Tiny home,Entire home/apt,4,253.0,41,2,1.5,1,219,1,165,4.95,48.20395,16.34956
131.67,383835177,Ottakring,Entire rental unit,Entire home/apt,6,419.0,36,2,1.5,2,341,0,15,4.6,48.21549,16.31423
68.27,695246045,Favoriten,Entire serviced apartment,Entire home/apt,6,338.0,35,2,1.0,31,199,0,4,4.5,48.16865,16.36959
81.86,3661488,Ottakring,Entire rental unit,Entire home/apt,4,421.0,49,1,1.0,6,340,0,1,5.0,48.2067799,16.323006
59.29,2888212,Neubau,Entire rental unit,Entire home/apt,2,478.0,41,1,1.0,30,263,1,4,5.0,48.2071435,16.3447194
98.94,546955734,Ottakring,Entire rental unit,Entire home/apt,2,416.0,34,1,1.5,2,148,0,18,4.39,48.20856082452282,16.322696554181558
53.24,546955734,Ottakring,Entire rental unit,Entire home/apt,2,416.0,34,1,1.5,30,186,0,4,4.5,48.20753544034126,16.323145492038826
157.33,1996189,Ottakring,Entire rental unit,Entire home/apt,4,118.0,40,2,1.5,3,333,1,10,4.9,48.21160517220708,16.31456747144025
57.93,564511955,Währing,Entire rental unit,Entire home/apt,4,342.0,33,1,1.0,1,226,0,13,4.62,48.2243801555133,16.347238195101163
104.09,385064248,Josefstadt,Entire rental unit,Entire home/apt,2,255.0,25,1,1.5,30,264,0,1,3.0,48.21309,16.34836
49.65,1685689,Alsergrund,Entire rental unit,Entire home/apt,4,453.0,37,1,1.0,32,263,0,33,4.97,48.2251166,16.3506759
80.0,575253843,Brigittenau,Entire rental unit,Entire home/apt,2,527.0,56,1,1.0,2,357,1,10,4.8,48.22992154404108,16.37449849569636
106.0,4135984,Rudolfsheim-Fünfhaus,Entire rental unit,Entire home/apt,2,512.0,26,1,1.0,2,299,0,27,4.44,48.1888295,16.3359857
56.78,466533771,Ottakring,Entire rental unit,Entire home/apt,4,440.0,31,1,1.5,1,255,0,26,4.42,48.21086346904512,16.32183194324595
108.33,4053187,Brigittenau,Entire rental unit,Entire home/apt,2,488.0,32,1,1.0,2,360,1,3,5.0,48.23365,16.37555
101.5,554191791,Penzing,Entire guesthouse,Entire home/apt,4,241.0,39,1,1.0,1,231,1,3,5.0,48.19208,16.3086
101.57,127214881,Mariahilf,Entire rental unit,Entire home/apt,3,334.0,56,1,1.0,1,257,1,140,4.95,48.19162,16.35003
42.06,1441217,Margareten,Entire rental unit,Entire home/apt,2,565.0,34,1,1.0,31,262,1,31,4.94,48.18416,16.35327
224.0,50653737,Innere Stadt,Entire rental unit,Entire home/apt,4,240.0,43,1,1.0,1,154,0,116,4.84,48.21465,16.36892
67.0,755624541,Wieden,Private room in rental unit,Private room,2,544.0,27,1,2.0,2,264,0,4,4.75,48.19128,16.36576
119.94,94295754,Ottakring,Entire condo,Entire home/apt,6,133.0,42,3,1.5,2,21,0,27,4.7,48.20579,16.3304
38.92,141076697,Meidling,Entire rental unit,Entire home/apt,2,479.0,31,1,0.0,30,217,0,67,4.52,48.17779089596232,16.34226610836389
125.0,418270816,Brigittenau,Entire rental unit,Entire home/apt,4,444.0,30,1,1.0,1,300,0,3,4.67,48.2290847,16.373511
59.0,222345303,Rudolfsheim-Fünfhaus,Room in hotel,Private room,2,470.0,18,1,1.0,1,365,0,136,4.79,48.18505,16.32604
79.0,580172276,Rudolfsheim-Fünfhaus,Room in hotel,Private room,4,467.0,6,2,1.0,1,305,0,2,5.0,48.18947579863297,16.335376776000682
64.0,452281710,Hernals,Entire rental unit,Entire home/apt,4,519.0,32,1,1.0,1,75,1,40,4.75,48.21867,16.32812
150.0,589586260,Währing,Entire rental unit,Entire home/apt,6,159.0,40,1,1.5,1,227,0,12,4.5,48.22013,16.33852
176.0,720292812,Mariahilf,Entire serviced apartment,Entire home/apt,7,333.0,39,2,1.0,1,289,0,287,4.79,48.19432239901703,16.34808192496918
54.35,133136922,Wieden,Entire rental unit,Entire home/apt,2,499.0,27,1,1.0,29,324,0,2,5.0,48.1896356258957,16.364211137329313
97.0,1441217,Margareten,Entire rental unit,Entire home/apt,4,510.0,37,1,1.0,2,239,1,17,4.82,48.18715,16.35053
121.5,268592338,Rudolfsheim-Fünfhaus,Entire rental unit,Entire home/apt,4,384.0,56,2,1.0,1,236,0,5,4.2,48.19862,16.3328
41.67,156404033,Landstraße,Entire rental unit,Entire home/apt,3,532.0,32,1,1.0,30,289,0,5,4.4,48.20145,16.40026
170.38,592529152,Rudolfsheim-Fünfhaus,Entire rental unit,Entire home/apt,5,317.0,56,1,1.0,2,222,1,32,4.97,48.18541,16.32743
122.0,594507559,Ottakring,Entire rental unit,Entire home/apt,3,509.0,36,1,1.0,1,2,0,7,3.57,48.20508,16.3292
281.39,22229400,Favoriten,Entire rental unit,Entire home/apt,9,431.0,54,4,1.5,1,160,0,20,4.95,48.17849,16.3693
71.06,681853741,Landstraße,Entire rental unit,Entire home/apt,4,460.0,32,2,1.0,21,171,0,3,5.0,48.19503,16.38801
95.0,95007570,Hernals,Entire rental unit,Entire home/apt,2,494.0,42,1,1.0,1,146,0,169,4.75,48.2195,16.3297
134.0,661633780,Neubau,Entire rental unit,Entire home/apt,4,436.0,33,1,1.0,1,284,0,33,4.76,48.20055,16.34033
83.0,235195974,Meidling,Entire rental unit,Entire home/apt,2,385.0,22,1,1.0,1,224,1,255,4.71,48.185325971110025,16.342177054825484
130.0,86735971,Hernals,Entire rental unit,Entire home/apt,2,492.0,46,1,1.5,1,177,1,23,5.0,48.21466064453125,16.334003448486328
174.0,192836015,Brigittenau,Entire rental unit,Entire home/apt,4,484.0,27,2,1.5,1,192,0,16,4.38,48.23326395469511,16.367786018691138
159.0,371746643,Favoriten,Entire serviced apartment,Entire home/apt,4,446.0,29,1,1.0,1,142,0,44,4.68,48.18123,16.3728
208.0,50945012,Margareten,Entire rental unit,Entire home/apt,6,338.0,45,2,1.0,1,319,0,62,4.29,48.19361,16.35447
321.1,713652769,Innere Stadt,Entire rental unit,Entire home/apt,9,442.0,41,3,1.0,2,307,1,72,4.94,48.2097,16.37418
132.0,177925583,Brigittenau,Entire rental unit,Entire home/apt,6,506.0,34,2,1.0,1,44,1,34,4.91,48.23292871468213,16.374581088552375
339.91,659794229,Neubau,Entire rental unit,Entire home/apt,6,363.0,51,3,1.0,2,106,0,18,4.89,48.19883108540685,16.35129902511835
167.5,102927900,Innere Stadt,Entire rental unit,Entire home/apt,4,75.0,34,1,1.0,1,45,1,94,4.96,48.2086473,16.3697889
176.83,45612628,Brigittenau,Entire rental unit,Entire home/apt,4,541.0,27,2,1.0,4,80,0,132,4.96,48.22943,16.36766
188.33,298130119,Hernals,Entire rental unit,Entire home/apt,5,469.0,39,2,1.0,3,216,1,38,4.76,48.218681314470416,16.333766628424886
55.0,155733995,Brigittenau,Entire rental unit,Entire home/apt,2,284.0,35,1,1.5,4,7,0,57,4.63,48.2287217,16.3732448
97.0,18200441,Brigittenau,Entire condo,Entire home/apt,3,458.0,43,1,1.0,3,56,0,61,4.87,48.22926,16.37543
135.0,514556080,Mariahilf,Entire rental unit,Entire home/apt,4,507.0,38,1,1.0,1,89,1,165,4.75,48.19607821594427,16.347627189735043
100.0,706035240,Hernals,Entire rental unit,Entire home/apt,2,550.0,42,1,1.0,2,268,0,8,4.5,48.2154,16.32679
95.0,71980584,Brigittenau,Entire condo,Entire home/apt,2,443.0,16,1,1.0,2,157,1,99,4.77,48.22749779999999,16.3682347
152.2,4053187,Brigittenau,Entire condo,Entire home/apt,5,441.0,61,2,1.5,5,365,1,38,4.82,48.23195,16.3756
171.25,14032631,Neubau,Entire rental unit,Entire home/apt,2,409.0,39,1,1.0,4,13,1,32,5.0,48.20418,16.34093
217.0,75524453,Brigittenau,Entire rental unit,Entire home/apt,4,161.0,6,1,2.0,3,242,0,1,5.0,48.23313643963239,16.373080756622297
361.02,367491211,Mariahilf,Entire rental unit,Entire home/apt,16,492.0,51,6,5.0,2,191,1,18,5.0,48.19276504007279,16.348840652325002
117.0,276955129,Rudolfsheim-Fünfhaus,Entire rental unit,Entire home/apt,4,433.0,30,2,1.0,1,256,1,207,4.83,48.1885169,16.3275064
160.0,102927900,Innere Stadt,Entire rental unit,Entire home/apt,3,66.0,40,1,1.5,1,141,1,17,4.88,48.21204144810246,16.372130112699896
187.0,27775775,Mariahilf,Entire rental unit,Entire home/apt,6,502.0,42,2,1.5,1,295,0,23,4.7,48.19274,16.33872
87.87,35326863,Brigittenau,Entire rental unit,Entire home/apt,3,343.0,53,1,1.0,2,42,0,44,4.7,48.23033,16.37129
140.37,15629634,Leopoldstadt,Entire rental unit,Entire home/apt,6,343.0,40,2,1.0,1,131,1,15,4.87,48.2224057,16.3846712
232.5,693939127,Mariahilf,Entire rental unit,Entire home/apt,6,472.0,39,2,2.5,2,122,1,45,4.91,48.19406720171985,16.34610712709538
194.5,155236593,Brigittenau,Entire rental unit,Entire home/apt,2,407.0,14,1,1.5,6,328,0,26,4.73,48.22956728631269,16.374630476196284
120.0,667444153,Mariahilf,Entire rental unit,Entire home/apt,4,467.0,39,1,1.0,2,282,0,23,4.78,48.19356661271741,16.35150939022942
125.0,713500333,Favoriten,Entire rental unit,Entire home/apt,3,395.0,37,1,1.0,1,276,1,43,4.79,48.17569522006293,16.366883186549753
228.24,678806640,Rudolfsheim-Fünfhaus,Entire rental unit,Entire home/apt,5,470.0,42,2,1.0,2,16,1,1,5.0,48.19045,16.33705
129.87,17614673,Margareten,Entire rental unit,Entire home/apt,2,479.0,16,1,1.5,2,180,1,59,4.78,48.18733,16.34468
101.5,730352221,Hernals,Entire rental unit,Entire home/apt,4,328.0,32,2,1.0,1,338,0,7,4.71,48.22015876727372,16.329301862764844
112.67,836355,Rudolfsheim-Fünfhaus,Entire rental unit,Entire home/apt,4,506.0,31,1,1.0,3,135,0,6,5.0,48.18755,16.33543
67.0,511689935,Margareten,Room in hotel,Private room,2,309.0,23,1,1.0,1,147,0,93,4.33,48.18667582307759,16.351372780564294
172.0,238860340,Rudolfsheim-Fünfhaus,Entire rental unit,Entire home/apt,5,424.0,27,2,1.0,2,257,0,66,4.7,48.19127358072911,16.33520393364813
296.5,526927842,Wieden,Entire rental unit,Entire home/apt,6,512.0,37,2,2.0,2,329,1,56,4.88,48.19617806398075,16.365459536499927
144.04,385064248,Landstraße,Entire rental unit,Entire home/apt,2,254.0,28,1,1.5,30,235,0,1,5.0,48.20381930000001,16.3852222
117.67,44287689,Brigittenau,Entire rental unit,Entire home/apt,1,212.0,43,1,1.0,3,364,1,18,4.78,48.22791,16.36905
106.0,276955129,Rudolfsheim-Fünfhaus,Entire rental unit,Entire home/apt,4,421.0,27,2,1.0,1,360,1,50,4.64,48.18741737498895,16.32839679385791
106.0,667444153,Mariahilf,Entire rental unit,Entire home/apt,7,363.0,38,2,2.0,2,264,0,37,4.68,48.19176383468419,16.35182562847404
196.0,496808880,Leopoldstadt,Entire rental unit,Entire home/apt,10,478.0,36,2,2.5,1,197,1,323,4.92,48.22122763762714,16.389110946333854
68.0,311151517,Mariahilf,Entire rental unit,Entire home/apt,4,449.0,29,1,1.0,1,351,0,83,4.54,48.19572,16.34506
146.64,29748862,Leopoldstadt,Entire rental unit,Entire home/apt,6,433.0,39,2,1.5,2,165,1,84,4.89,48.22283,16.38573
33.02,33884712,Landstraße,Entire rental unit,Entire home/apt,2,483.0,20,1,1.0,30,113,0,6,5.0,48.19866865293943,16.402458585360282
49.66,407937258,Landstraße,Entire rental unit,Entire home/apt,2,590.0,46,1,1.0,28,229,1,22,4.91,48.19850399604116,16.399415614981315
172.0,66040140,Rudolfsheim-Fünfhaus,Entire rental unit,Entire home/apt,4,430.0,42,1,1.0,1,164,0,80,4.88,48.18787,16.32607
72.72,342487988,Leopoldstadt,Entire rental unit,Entire home/apt,2,303.0,22,1,1.0,2,311,0,1,4.0,48.21614,16.38742
155.03,68371919,Favoriten,Entire rental unit,Entire home/apt,6,483.0,56,1,1.5,1,90,0,161,4.68,48.17860916495314,16.370807494583218
174.0,1675456301336320789,Wieden,Entire rental unit,Entire home/apt,5,409.0,34,5,1.5,2,40,0,3,5.0,48.1934,16.36291
109.0,514556080,Mariahilf,Entire rental unit,Entire home/apt,2,503.0,42,1,1.0,1,93,1,118,4.81,48.194387282326446,16.3479670838554
318.5,518981360,Hernals,Entire rental unit,Entire home/apt,7,398.0,45,3,1.0,2,282,1,20,4.95,48.21658,16.33223
53.0,566831684,Hernals,Room in hotel,Private room,2,298.0,18,1,1.0,1,364,0,357,4.53,48.21593401237914,16.33401735433258
152.0,115540983,Hernals,Entire rental unit,Entire home/apt,5,369.0,28,1,1.0,1,136,0,98,4.81,48.21459991278941,16.334292478859425
90.0,249583292,Leopoldstadt,Entire rental unit,Entire home/apt,4,432.0,28,1,1.0,1,325,0,6,4.17,48.21549666242144,16.38363103142788
216.0,706014304,Favoriten,Entire rental unit,Entire home/apt,7,544.0,41,2,2.0,1,287,1,1,5.0,48.174237,16.3755678
131.0,276955129,Favoriten,Entire rental unit,Entire home/apt,4,357.0,29,2,1.0,1,171,1,34,4.91,48.17113942816392,16.375339329242706
150.75,385064248,Favoriten,Entire rental unit,Entire home/apt,4,287.0,28,2,1.5,30,203,0,2,5.0,48.180771,16.378329
56.49,709712782,Brigittenau,Entire rental unit,Entire home/apt,6,59.0,27,1,1.0,1,153,0,1,5.0,48.22826,16.36662
28.0,595673115,Simmering,Private room in rental unit,Private room,2,396.0,18,1,1.0,1,9,0,12,3.75,48.18368,16.42032
330.0,481918816,Leopoldstadt,Entire rental unit,Entire home/apt,8,49.0,20,3,2.0,1,208,0,73,4.82,48.21892553971608,16.384235994580443
127.5,706014304,Favoriten,Entire rental unit,Entire home/apt,3,446.0,42,1,1.0,1,324,1,45,4.78,48.1753,16.37583
188.98,189895939,Rudolfsheim-Fünfhaus,Entire rental unit,Entire home/apt,6,231.0,43,2,1.0,1,315,1,294,4.91,48.19442360729466,16.327917751827247
172.0,455439081,Landstraße,Entire rental unit,Entire home/apt,4,530.0,50,1,1.0,1,166,1,70,4.9,48.2105687,16.3907143
112.0,265140657,Hernals,Entire condo,Entire home/apt,3,527.0,44,1,1.0,1,292,1,116,4.8,48.22366,16.31476
29.94,32286150,Landstraße,Entire condo,Entire home/apt,2,545.0,46,1,1.0,90,216,1,11,5.0,48.19975,16.39229
34.33,69597964,Rudolfsheim-Fünfhaus,Entire rental unit,Entire home/apt,4,250.0,17,1,1.5,30,32,0,35,4.51,48.19601,16.33128
55.36,4304771,Brigittenau,Entire serviced apartment,Entire home/apt,4,368.0,47,1,1.0,30,151,1,23,4.83,48.232777,16.387856
23.52,5874520,Leopoldstadt,Entire rental unit,Entire home/apt,2,216.0,22,1,1.0,60,358,0,12,4.5,48.21951,16.37657
12.36,2700948,Margareten,Entire rental unit,Entire home/apt,2,356.0,26,1,1.0,90,160,0,67,4.84,48.18555,16.35332
152.0,212182012,Mariahilf,Entire loft,Entire home/apt,2,335.0,59,1,1.0,1,51,0,396,4.65,48.19063,16.34049
338.0,19912070,Innere Stadt,Entire rental unit,Entire home/apt,6,511.0,50,3,1.5,1,277,1,464,4.85,48.21032942844609,16.370633289052854
168.0,530403818,Mariahilf,Entire rental unit,Entire home/apt,6,500.0,32,1,1.5,1,74,1,57,4.81,48.19414829999999,16.3508923
163.0,728123544,Favoriten,Entire rental unit,Entire home/apt,6,462.0,35,2,1.5,2,169,1,14,5.0,48.17845,16.36896
144.0,47278964,Wieden,Entire rental unit,Entire home/apt,2,366.0,42,1,1.0,1,322,1,14,4.93,48.19260569999999,16.3636928
141.0,1693564105812148282,Mariahilf,Entire rental unit,Entire home/apt,4,500.0,49,1,1.0,2,311,0,1,5.0,48.1934871560846,16.3415850674591
212.0,526927842,Wieden,Entire rental unit,Entire home/apt,4,495.0,37,1,1.0,2,354,1,4,4.75,48.19759,16.36528
31.01,156404033,Landstraße,Private room in rental unit,Private room,2,513.0,34,1,2.0,30,243,0,7,4.71,48.19992,16.39949
62.98,55260756,Landstraße,Entire rental unit,Entire home/apt,2,262.0,42,1,1.5,30,340,0,92,4.86,48.20686,16.39185
121.0,44287689,Brigittenau,Entire rental unit,Entire home/apt,4,0.0,39,2,1.0,3,360,1,86,4.72,48.22777,16.36938
212.5,502789530,Leopoldstadt,Entire rental unit,Entire home/apt,4,457.0,40,2,1.0,2,107,0,91,4.82,48.22047941045462,16.38756268605301
260.0,426015944,Margareten,Entire rental unit,Entire home/apt,4,265.0,50,2,1.5,1,12,1,5,4.8,48.18516,16.35158
134.33,44287689,Brigittenau,Entire rental unit,Entire home/apt,2,123.0,45,1,1.0,3,354,1,60,4.53,48.22776,16.36914
78.5,10269862,Rudolfsheim-Fünfhaus,Entire rental unit,Entire home/apt,4,473.0,39,1,1.0,2,105,1,34,4.76,48.19826,16.32762
172.65,728123544,Favoriten,Entire rental unit,Entire home/apt,6,410.0,35,2,1.5,2,211,1,19,4.68,48.17815,16.36985
107.52,464200590,Leopoldstadt,Entire condo,Entire home/apt,4,343.0,49,1,1.5,1,203,0,29,4.66,48.22267,16.38965
113.0,518644,Margareten,Entire rental unit,Entire home/apt,2,475.0,49,1,1.0,1,313,0,78,4.5,48.19554549739462,16.358508107836123
83.0,189895939,Rudolfsheim-Fünfhaus,Entire rental unit,Entire home/apt,4,135.0,45,1,1.0,1,313,1,417,4.92,48.19237,16.32925
148.35,707557963,Neubau,Entire rental unit,Entire home/apt,2,498.0,9,1,1.0,1,358,0,1,5.0,48.20490147591143,16.339425658222684
221.8,735595117,Innere Stadt,Entire rental unit,Entire home/apt,5,355.0,48,1,1.0,1,191,1,18,4.78,48.21130610902696,16.37881920502514
143.5,238860064,Rudolfsheim-Fünfhaus,Entire rental unit,Entire home/apt,6,448.0,45,2,1.0,1,270,0,18,4.94,48.1857715,16.3345984
137.28,1557725,Landstraße,Entire serviced apartment,Entire home/apt,4,207.0,52,1,1.5,30,264,0,12,5.0,48.1959,16.40267
51.0,589598935,Rudolfsheim-Fünfhaus,Entire rental unit,Entire home/apt,3,467.0,31,1,1.0,1,359,0,44,4.59,48.1944874988094,16.32962952741944
87.0,720292812,Rudolfsheim-Fünfhaus,Entire serviced apartment,Entire home/apt,2,264.0,26,1,1.0,1,129,0,132,4.73,48.1852,16.32911
96.5,483564823,Favoriten,Entire rental unit,Entire home/apt,2,352.0,44,1,1.0,2,68,1,16,4.63,48.17573643238571,16.368852167923233
161.0,9719601,Neubau,Entire rental unit,Entire home/apt,4,402.0,48,1,1.0,2,252,1,505,4.93,48.20091,16.34603
156.57,15935294,Landstraße,Entire rental unit,Entire home/apt,2,151.0,25,1,1.0,30,119,0,2,3.5,48.19859,16.38668
52.17,695246045,Favoriten,Entire serviced apartment,Entire home/apt,2,325.0,37,1,1.0,31,320,0,1,5.0,48.17627052918158,16.366974230285148
210.7,1547126,Neubau,Entire serviced apartment,Entire home/apt,6,104.0,46,2,2.0,1,300,1,19,4.84,48.19789286086263,16.34568954589387
319.35,1547126,Innere Stadt,Entire rental unit,Entire home/apt,6,394.0,33,2,1.5,1,312,1,502,4.66,48.20994,16.3787
251.33,582470476,Rudolfsheim-Fünfhaus,Entire rental unit,Entire home/apt,4,461.0,21,1,1.0,3,215,0,10,3.9,48.19370898570542,16.337639616624294
130.0,478577045,Leopoldstadt,Entire condo,Entire home/apt,4,308.0,48,1,1.0,2,326,1,80,4.79,48.2205787,16.3885467
74.0,547677118,Leopoldstadt,Room in boutique hotel,Private room,4,397.0,17,1,1.0,1,326,0,69,4.49,48.21842320189204,16.386475965109014
125.0,47957880,Rudolfsheim-Fünfhaus,Entire rental unit,Entire home/apt,4,471.0,42,2,1.5,1,342,0,157,4.64,48.18856,16.33193
63.0,148618799,Leopoldstadt,Private room in rental unit,Private room,3,239.0,31,1,1.5,1,307,0,232,4.63,48.2173147,16.3884251
313.0,9252622,Rudolfsheim-Fünfhaus,Entire rental unit,Entire home/apt,5,499.0,41,2,1.5,1,118,0,82,4.9,48.197572690749325,16.330581893222455
96.0,589931049,Mariahilf,Entire rental unit,Entire home/apt,2,497.0,26,1,1.0,1,365,0,13,4.77,48.19148212195161,16.339443576854336
280.0,495750952,Rudolfsheim-Fünfhaus,Entire rental unit,Entire home/apt,6,514.0,31,3,1.0,1,214,1,43,4.88,48.18925185344793,16.33419285426318
294.0,1547126,Neubau,Entire serviced apartment,Entire home/apt,6,104.0,44,2,2.0,1,312,1,27,5.0,48.1978821337439,16.34570563914796
273.0,464200590,Leopoldstadt,Entire rental unit,Entire home/apt,8,359.0,48,2,1.5,1,136,0,32,4.72,48.22291,16.3891
55.0,533786649,Mariahilf,Entire rental unit,Entire home/apt,5,310.0,38,2,0.5,1,67,0,118,4.58,48.19188,16.34368
150.0,278892619,Rudolfsheim-Fünfhaus,Entire rental unit,Entire home/apt,6,491.0,34,2,1.0,1,319,1,2,4.5,48.19215276546887,16.32760954696621
215.15,15935294,Landstraße,Entire rental unit,Entire home/apt,2,224.0,21,1,1.5,30,52,0,3,4.67,48.2036769367888,16.397553819
161.25,502789530,Leopoldstadt,Entire rental unit,Entire home/apt,4,475.0,40,2,1.0,2,143,0,32,4.88,48.21854641964997,16.387703465678698
127.29,451388163,Leopoldstadt,Entire rental unit,Entire home/apt,2,59.0,44,1,1.0,1,201,0,9,4.33,48.21797,16.38913
108.67,590819584,Rudolfsheim-Fünfhaus,Entire condo,Entire home/apt,2,514.0,38,1,1.0,1,27,1,38,5.0,48.1883261,16.3325818
390.0,267756350,Meidling,Entire condo,Entire home/apt,8,260.0,57,3,2.0,2,313,1,73,5.0,48.185992597118194,16.341748273094943
140.0,47278964,Wieden,Entire rental unit,Entire home/apt,2,468.0,42,1,1.0,1,329,1,11,5.0,48.19199674785775,16.36459714639357
134.0,113841376,Favoriten,Entire rental unit,Entire home/apt,4,486.0,39,1,1.0,1,298,0,5,4.8,48.180611038287466,16.369454457060105
92.0,743719862,Landstraße,Entire rental unit,Entire home/apt,3,499.0,23,1,1.0,1,163,0,17,4.59,48.19917556666714,16.380936565107493
90.0,476964404,Meidling,Entire rental unit,Entire home/apt,2,505.0,43,1,1.0,2,117,1,81,4.9,48.18506,16.34086
86.0,47957880,Rudolfsheim-Fünfhaus,Entire rental unit,Entire home/apt,2,445.0,39,1,1.5,1,359,0,62,4.58,48.188564,16.33193
103.39,712746304,Meidling,Entire rental unit,Entire home/apt,4,433.0,37,2,1.0,2,300,1,19,4.84,48.1846,16.34419
90.97,151869337,Landstraße,Entire rental unit,Entire home/apt,5,488.0,35,2,1.5,31,141,0,92,4.73,48.19633,16.38864
93.0,156404033,Mariahilf,Entire rental unit,Entire home/apt,4,479.0,31,1,1.0,1,324,0,44,4.32,48.19681,16.34482
128.0,448716728,Rudolfsheim-Fünfhaus,Entire serviced apartment,Entire home/apt,4,0.0,44,1,1.0,1,364,1,5,4.2,48.187057,16.331327
101.0,50945012,Mariahilf,Entire rental unit,Entire home/apt,4,337.0,40,1,1.0,1,328,0,23,4.52,48.19256,16.34506
138.0,670951392,Favoriten,Entire rental unit,Entire home/apt,4,279.0,39,1,1.0,1,126,0,1,5.0,48.1731299,16.3701632
62.38,582470476,Rudolfsheim-Fünfhaus,Entire rental unit,Entire home/apt,2,545.0,18,1,1.0,3,210,0,29,4.48,48.193129,16.3366827
117.08,578091129,Favoriten,Entire condo,Entire home/apt,3,426.0,48,1,1.0,1,331,1,76,4.82,48.17682453559912,16.36657363372954
273.33,21843110,Neubau,Entire rental unit,Entire home/apt,7,288.0,47,3,1.5,3,206,1,295,4.92,48.19918,16.34636
41.67,156404033,Landstraße,Entire rental unit,Entire home/apt,3,532.0,32,1,1.0,30,282,0,6,3.67,48.20224,16.39886
41.67,156404033,Landstraße,Entire rental unit,Entire home/apt,3,519.0,32,1,1.0,30,294,0,1,2.0,48.20065944092588,16.398099608917367
85.1,53549439,Rudolfsheim-Fünfhaus,Entire rental unit,Entire home/apt,3,486.0,57,1,1.0,4,300,1,38,4.97,48.1923006,16.3341205
158.5,47278964,Wieden,Entire rental unit,Entire home/apt,2,327.0,43,1,1.0,1,317,1,22,4.91,48.19260569999999,16.3636928
152.33,285713242,Favoriten,Entire rental unit,Entire home/apt,3,485.0,39,1,1.0,1,264,0,35,4.8,48.17787,16.35731
102.28,149721870,Margareten,Entire rental unit,Entire home/apt,4,522.0,31,1,1.0,4,28,1,93,4.84,48.18659,16.36421
74.33,591282718,Favoriten,Entire rental unit,Entire home/apt,3,183.0,33,1,1.0,3,70,0,40,4.7,48.17633772276656,16.368410221760882
148.4,3349546,Margareten,Entire condo,Entire home/apt,2,455.0,35,1,1.0,5,347,0,4,5.0,48.1947459,16.3603782
467.0,713652769,Innere Stadt,Entire rental unit,Entire home/apt,6,417.0,40,2,1.0,1,308,1,57,4.95,48.21068608122907,16.3738714109473
125.0,47957880,Rudolfsheim-Fünfhaus,Entire rental unit,Entire home/apt,4,471.0,43,2,1.5,1,350,0,78,4.6,48.188564,16.33193
127.25,691963400,Neubau,Entire rental unit,Entire home/apt,2,501.0,35,1,1.0,2,17,1,9,4.89,48.20174274953174,16.34376081840209
163.0,33603400,Rudolfsheim-Fünfhaus,Entire condo,Entire home/apt,4,473.0,40,1,1.5,2,360,1,38,4.97,48.19845,16.33222
235.25,972605,Innere Stadt,Entire rental unit,Entire home/apt,2,401.0,36,1,1.0,4,11,1,33,4.94,48.2099083,16.3679182
178.0,204455189,Favoriten,Entire rental unit,Entire home/apt,4,533.0,52,1,1.0,1,275,1,85,4.91,48.18116888984344,16.37051645373486
150.0,559988321,Leopoldstadt,Entire serviced apartment,Entire home/apt,5,235.0,38,1,1.5,1,296,0,146,4.83,48.21765364310182,16.389861875763707
228.5,414469778,Neubau,Entire rental unit,Entire home/apt,6,242.0,39,2,1.5,1,274,1,50,4.84,48.2031218,16.349156
128.29,385064248,Innere Stadt,Entire rental unit,Entire home/apt,2,282.0,27,1,1.5,30,325,0,2,5.0,48.2111635,16.3798319
155.9,490432702,Favoriten,Entire rental unit,Entire home/apt,4,434.0,45,1,1.0,1,238,1,11,4.91,48.1812865,16.3705657
1039.0,288328438,Rudolfsheim-Fünfhaus,Entire rental unit,Entire home/apt,8,75.0,35,3,1.0,1,202,0,23,4.26,48.19000459999999,16.3346719
106.13,189879084,Rudolfsheim-Fünfhaus,Entire serviced apartment,Entire home/apt,6,445.0,46,1,1.0,2,232,0,63,4.87,48.19306010835322,16.329551930688492
115.0,490432702,Favoriten,Entire rental unit,Entire home/apt,2,434.0,49,1,1.0,1,242,1,38,4.89,48.181284,16.370568
171.99,657257173,Mariahilf,Entire rental unit,Entire home/apt,8,320.0,31,1,1.0,1,174,0,9,4.22,48.19287,16.34238
52.0,511689935,Favoriten,Private room in rental unit,Private room,2,308.0,22,1,4.0,1,145,0,20,4.3,48.18154,16.37017
179.2,16828092,Ottakring,Entire rental unit,Entire home/apt,4,451.0,57,3,1.5,1,26,0,16,4.88,48.2091,16.33385
142.65,71287641,Mariahilf,Private room in bed and breakfast,Private room,5,401.0,41,2,1.0,1,77,0,14,4.64,48.19681,16.34504
182.0,530403818,Mariahilf,Entire rental unit,Entire home/apt,6,499.0,29,3,1.0,2,73,1,41,4.54,48.19414829999999,16.3508923
254.5,367491211,Mariahilf,Entire rental unit,Entire home/apt,6,393.0,51,2,2.0,2,269,1,34,5.0,48.19263,16.3539
722.16,156404033,Landstraße,Entire rental unit,Entire home/apt,9,525.0,34,3,1.5,30,179,0,1,4.0,48.19311,16.38762
156.0,367491211,Mariahilf,Entire rental unit,Entire home/apt,4,499.0,46,1,1.0,2,277,1,110,4.97,48.1955855,16.3528513
156.5,20838421,Hernals,Entire rental unit,Entire home/apt,4,492.0,38,1,1.0,2,326,1,106,4.95,48.21562748423011,16.329958866006347
179.0,530403818,Margareten,Entire rental unit,Entire home/apt,4,49.0,35,1,2.0,1,83,1,185,4.88,48.19191,16.36256
64.0,97275819,Ottakring,Entire rental unit,Entire home/apt,8,103.0,36,2,1.5,1,289,0,14,3.93,48.21166,16.33817
124.0,1547126,Neubau,Entire serviced apartment,Entire home/apt,4,104.0,44,1,1.0,1,356,1,1,5.0,48.1980931,16.3464352
105.0,566831684,Hernals,Entire rental unit,Entire home/apt,2,345.0,29,1,1.0,1,331,0,16,4.44,48.21555,16.33498
174.5,670212017,Mariahilf,Entire rental unit,Entire home/apt,4,483.0,54,1,1.0,2,224,0,2,5.0,48.19276,16.35269
171.0,131677242,Rudolfsheim-Fünfhaus,Entire serviced apartment,Entire home/apt,4,410.0,58,1,1.0,1,310,1,70,4.93,48.19496993,16.33804563
205.6,542522697,Wieden,Entire rental unit,Entire home/apt,4,482.0,37,2,1.5,4,237,1,58,5.0,48.196597598336126,16.36425704867385
113.0,50945012,Margareten,Entire rental unit,Entire home/apt,4,338.0,41,1,1.0,1,325,0,69,4.66,48.19259,16.35518
132.5,719804442,Neubau,Entire rental unit,Entire home/apt,6,246.0,27,2,1.0,2,23,0,12,4.17,48.20581,16.34673
71.0,566831684,Hernals,Room in hotel,Private room,3,531.0,22,1,1.0,1,359,0,151,4.4,48.215533814626646,16.334190864111413
56.0,566831684,Hernals,Room in hotel,Private room,4,297.0,22,1,1.0,1,351,0,57,4.51,48.21574,16.33392
178.0,27775775,Hernals,Entire rental unit,Entire home/apt,4,527.0,34,1,1.0,1,290,0,5,4.4,48.21524331212792,16.33081571874314
130.0,86735971,Hernals,Entire rental unit,Entire home/apt,4,501.0,32,1,1.0,1,196,1,12,4.92,48.2146591,16.3340027
183.0,575942849,Leopoldstadt,Entire rental unit,Entire home/apt,2,504.0,38,1,1.0,2,74,0,23,4.96,48.2187523,16.387444
143.0,566831684,Hernals,Room in hotel,Private room,2,394.0,18,1,1.0,1,345,0,3,4.33,48.21812,16.33225
231.0,35415642,Margareten,Entire condo,Entire home/apt,8,553.0,57,3,1.0,2,25,1,90,4.9,48.18735,16.35958
95.0,453292738,Leopoldstadt,Entire rental unit,Entire home/apt,2,392.0,33,1,1.0,1,153,1,11,4.82,48.21877,16.38571
224.0,278892619,Leopoldstadt,Entire rental unit,Entire home/apt,7,419.0,45,2,1.5,1,252,1,53,4.94,48.21676075044435,16.381431270465256
166.5,472171817,Leopoldstadt,Entire rental unit,Entire home/apt,4,1000.0,29,1,1.0,1,282,0,106,4.82,48.21936,16.38172
172.0,229428537,Favoriten,Entire rental unit,Entire home/apt,6,455.0,34,2,1.0,1,329,0,74,4.28,48.17727,16.37567
208.0,567949683,Ottakring,Entire loft,Entire home/apt,6,365.0,57,2,1.5,1,306,0,22,4.82,48.20693639773936,16.329678065606682
178.5,278892619,Leopoldstadt,Entire rental unit,Entire home/apt,5,482.0,42,1,1.0,1,282,1,27,4.74,48.21371,16.38221
74.0,523634144,Favoriten,Entire rental unit,Entire home/apt,4,536.0,38,1,1.0,1,357,1,31,4.74,48.17203,16.37814
152.0,301309133,Leopoldstadt,Entire rental unit,Entire home/apt,6,411.0,28,2,0.0,1,212,0,61,4.61,48.21828,16.38402
149.4,3156260,Favoriten,Entire rental unit,Entire home/apt,2,368.0,39,1,1.5,5,139,1,9,4.89,48.18265234420274,16.37508914432792
179.43,689844599,Ottakring,Entire rental unit,Entire home/apt,2,394.0,25,1,1.0,7,180,0,4,4.75,48.20987896096533,16.32722159316708
133.0,483943564,Favoriten,Entire rental unit,Entire home/apt,4,496.0,30,2,1.0,1,165,0,301,4.84,48.1704,16.37864
320.5,516360514,Ottakring,Entire rental unit,Entire home/apt,6,510.0,52,3,1.5,1,203,1,5,5.0,48.20933,16.33181
82.15,53061451,Favoriten,Entire rental unit,Entire home/apt,2,452.0,37,1,1.5,10,82,1,7,5.0,48.1838389195552,16.379202999345527
73.5,10269862,Rudolfsheim-Fünfhaus,Entire rental unit,Entire home/apt,4,478.0,39,1,1.0,2,137,1,104,4.82,48.19633,16.3276
407.0,497029819,Innere Stadt,Entire rental unit,Entire home/apt,8,549.0,52,2,1.0,2,147,1,129,4.91,48.20978533093066,16.36928994887573
266.33,497052538,Favoriten,Entire rental unit,Entire home/apt,4,344.0,50,1,1.5,3,201,1,46,4.91,48.182410050889565,16.374384436191633
117.0,421954856,Ottakring,Entire rental unit,Entire home/apt,2,488.0,37,1,1.0,2,195,0,34,5.0,48.21025,16.33171
157.0,720427243,Favoriten,Entire rental unit,Entire home/apt,4,491.0,39,1,1.5,2,321,0,11,5.0,48.1742239,16.3740405
30.71,96995679,Ottakring,Entire rental unit,Entire home/apt,1,387.0,19,1,1.0,14,291,0,10,4.5,48.20971089952585,16.32709306137697
60.01,589598935,Rudolfsheim-Fünfhaus,Entire rental unit,Entire home/apt,3,515.0,33,1,1.0,1,249,0,4,4.25,48.19262012137195,16.330402342190734
74.0,523634144,Favoriten,Entire rental unit,Entire home/apt,4,570.0,41,1,1.0,1,334,1,12,4.83,48.17378,16.37895
53.07,124673420,Ottakring,Entire rental unit,Entire home/apt,2,496.0,51,1,1.0,30,153,0,36,4.81,48.21231,16.33123
56.12,81386896,Brigittenau,Entire condo,Entire home/apt,2,497.0,43,1,1.0,31,281,0,62,4.98,48.22772,16.36703
38.76,589598935,Rudolfsheim-Fünfhaus,Private room in rental unit,Private room,4,444.0,31,1,2.0,30,243,0,1,1.0,48.19264,16.33064
109.0,83109185,Favoriten,Entire rental unit,Entire home/apt,4,383.0,30,1,1.0,1,76,0,33,4.76,48.17355802048784,16.376186184744768
124.0,229428537,Favoriten,Entire rental unit,Entire home/apt,5,455.0,34,2,1.0,1,342,0,69,4.25,48.17508,16.37613
102.5,512465024,Favoriten,Entire rental unit,Entire home/apt,2,468.0,38,1,1.0,2,22,0,162,4.82,48.1802278,16.3739314
74.0,564614454,Rudolfsheim-Fünfhaus,Entire rental unit,Entire home/apt,5,438.0,32,1,1.0,1,328,0,76,4.26,48.1919,16.33617
148.13,546139568,Leopoldstadt,Entire rental unit,Entire home/apt,4,502.0,44,1,1.0,1,183,0,34,4.59,48.21695,16.38338
102.9,117136301,Leopoldstadt,Entire condo,Entire home/apt,2,295.0,52,1,1.0,30,251,1,56,4.96,48.21316,16.38459
115.67,28115665,Ottakring,Entire rental unit,Entire home/apt,4,503.0,24,1,1.0,3,355,0,1,5.0,48.2133,16.33561
141.0,351172640,Josefstadt,Entire rental unit,Entire home/apt,2,452.0,24,1,1.0,4,0,0,162,4.83,48.20808,16.35416
60.0,592040638,Ottakring,Entire rental unit,Entire home/apt,3,538.0,34,1,1.0,1,346,0,39,4.23,48.20697,16.32876
210.75,22229400,Rudolfsheim-Fünfhaus,Entire rental unit,Entire home/apt,10,379.0,33,5,1.0,1,172,0,11,4.27,48.19777560000001,16.3343135
80.0,49505975,Ottakring,Private room in rental unit,Private room,2,498.0,5,1,1.0,1,365,0,1,5.0,48.2066305,16.3322534
133.0,747236394,Favoriten,Entire rental unit,Entire home/apt,5,529.0,57,1,1.0,1,326,0,2,4.5,48.1768023,16.3788701
117.0,313423785,Favoriten,Entire rental unit,Entire home/apt,3,518.0,39,1,1.0,1,348,1,33,4.61,48.17159,16.3796
90.36,506695159,Wieden,Entire rental unit,Entire home/apt,2,358.0,55,1,1.0,3,261,1,15,4.87,48.19683240545951,16.36582799305644
55.92,408097901,Margareten,Private room in rental unit,Private room,1,532.0,15,1,1.0,3,30,0,9,4.56,48.18878187945815,16.351142115890983
83.07,87917189,Leopoldstadt,Entire rental unit,Entire home/apt,1,295.0,8,1,1.0,30,258,1,6,4.83,48.2254796,16.3886154
87.87,1643928,Landstraße,Entire rental unit,Entire home/apt,4,87.0,28,1,1.0,1,338,0,97,4.29,48.2010072671445,16.37896567583084
30.93,491764881,Brigittenau,Entire rental unit,Entire home/apt,6,489.0,67,3,1.5,91,315,1,68,4.88,48.2371412,16.3654639
9.36,491764881,Brigittenau,Entire rental unit,Entire home/apt,4,500.0,61,1,1.0,180,308,1,67,4.94,48.2371412,16.3654639
40.48,385064248,Landstraße,Entire rental unit,Entire home/apt,2,309.0,29,1,1.0,60,340,0,1,5.0,48.1850794,16.4121081
190.0,583977262,Mariahilf,Entire rental unit,Entire home/apt,4,250.0,28,1,1.0,2,33,0,54,4.67,48.19085,16.35158
68.0,156404033,Landstraße,Private room in rental unit,Private room,4,512.0,35,1,1.5,1,7,0,30,4.83,48.19336,16.38764
45.88,407937258,Margareten,Entire rental unit,Entire home/apt,4,595.0,32,2,1.5,12,109,1,5,5.0,48.18911,16.35311
121.5,133197140,Leopoldstadt,Entire rental unit,Entire home/apt,2,472.0,9,1,1.0,2,5,0,8,5.0,48.2204591,16.3726749
16.69,24524913,Leopoldstadt,Entire rental unit,Entire home/apt,2,355.0,35,1,1.5,1,160,1,80,4.7,48.20351,16.40224
18.59,5876372,Alsergrund,Entire rental unit,Entire home/apt,3,429.0,52,1,1.0,90,156,1,176,4.95,48.23099,16.35692
56.0,594507559,Ottakring,Entire rental unit,Entire home/apt,4,516.0,32,1,1.0,1,340,0,34,4.15,48.20669,16.32839
93.07,189066567,Neubau,Entire rental unit,Entire home/apt,2,526.0,48,1,1.0,30,76,1,4,4.75,48.19857,16.34472
81.08,14070533,Alsergrund,Entire serviced apartment,Entire home/apt,2,474.0,37,1,1.0,30,196,1,6,4.67,48.21525573730469,16.34971809387207
67.0,156404033,Favoriten,Entire rental unit,Entire home/apt,2,524.0,26,1,1.0,1,356,0,51,4.53,48.18045,16.37548
80.0,706635852,Favoriten,Room in hotel,Private room,2,283.0,12,1,1.0,1,364,0,46,4.52,48.17785,16.37703
54.0,156404033,Favoriten,Entire rental unit,Entire home/apt,2,524.0,28,1,1.0,1,361,0,77,4.4,48.17564644188256,16.373839339418474
161.0,153864304,Leopoldstadt,Entire rental unit,Entire home/apt,4,77.0,5,1,1.0,1,316,0,18,4.5,48.2188076,16.3833432
62.08,141332922,Penzing,Entire rental unit,Entire home/apt,8,137.0,7,4,1.0,30,293,0,1,5.0,48.1967,16.28814
120.33,67936811,Mariahilf,Entire rental unit,Entire home/apt,4,367.0,42,2,1.0,1,196,0,33,4.55,48.19135,16.33834
98.67,560447677,Rudolfsheim-Fünfhaus,Entire rental unit,Entire home/apt,2,381.0,34,1,1.0,3,147,0,32,4.72,48.18847,16.32989
100.0,512465024,Favoriten,Entire rental unit,Entire home/apt,2,468.0,38,1,1.0,2,34,0,123,4.75,48.1802278,16.3739314
157.0,156404033,Ottakring,Entire rental unit,Entire home/apt,6,459.0,35,2,1.0,1,8,0,62,4.39,48.20707350184544,16.32806095677387
126.0,69176180,Ottakring,Entire rental unit,Entire home/apt,4,369.0,32,1,1.0,1,260,0,7,5.0,48.20635,16.32999
56.0,156404033,Favoriten,Entire rental unit,Entire home/apt,2,524.0,26,1,1.0,1,359,0,96,4.35,48.18215,16.3755
117.54,169752168,Ottakring,Entire condo,Entire home/apt,4,360.0,48,2,1.0,2,231,1,44,4.84,48.21079,16.32651
168.98,51894317,Rudolfsheim-Fünfhaus,Entire loft,Entire home/apt,2,486.0,41,1,1.5,7,308,1,24,5.0,48.19562,16.32821
95.0,753723653,Ottakring,Entire rental unit,Entire home/apt,2,473.0,43,1,1.0,1,307,0,5,4.8,48.20831,16.32668
51.0,156404033,Favoriten,Entire rental unit,Entire home/apt,2,524.0,27,1,1.0,1,360,0,86,4.5,48.18235,16.37372
106.33,561630754,Mariahilf,Entire rental unit,Entire home/apt,4,448.0,12,1,1.0,1,145,0,37,4.57,48.19073746227628,16.337491661657303
167.5,560447677,Rudolfsheim-Fünfhaus,Entire rental unit,Entire home/apt,6,357.0,31,2,1.0,1,108,0,84,4.46,48.18630593320072,16.329171966068785
223.0,481918816,Leopoldstadt,Entire rental unit,Entire home/apt,2,263.0,23,1,1.0,1,260,0,11,4.73,48.21899,16.38426
105.0,453292738,Leopoldstadt,Entire serviced apartment,Entire home/apt,2,457.0,44,1,1.0,1,196,1,15,4.4,48.219669,16.382917
160.0,485166210,Leopoldstadt,Entire rental unit,Entire home/apt,2,313.0,12,1,1.5,1,259,1,17,4.94,48.21765,16.38571
80.0,756122439,Favoriten,Entire rental unit,Entire home/apt,4,93.0,6,1,1.0,2,223,0,1,5.0,48.1810602,16.3765289
54.0,88128342,Favoriten,Entire rental unit,Entire home/apt,2,523.0,26,1,1.0,1,363,0,43,4.65,48.17432985501972,16.37384761090218
81.0,418270816,Favoriten,Entire rental unit,Entire home/apt,2,444.0,31,1,1.0,1,362,0,501,4.69,48.1812745,16.3757413
108.0,1686367397933517766,Favoriten,Entire rental unit,Entire home/apt,4,497.0,49,2,1.5,1,82,0,2,5.0,48.17879662265381,16.378891947632134
93.47,4688537,Neubau,Entire rental unit,Entire home/apt,6,432.0,34,2,1.5,30,260,0,83,4.58,48.20496,16.35602
108.41,83109185,Favoriten,Entire rental unit,Entire home/apt,4,375.0,30,1,1.0,1,154,0,40,4.73,48.17348986562333,16.375999454729122
159.0,592040638,Ottakring,Entire rental unit,Entire home/apt,9,500.0,35,3,3.0,1,333,0,6,4.5,48.20690747500552,16.330040766154326
156.5,383835177,Ottakring,Entire rental unit,Entire home/apt,2,350.0,42,1,1.5,2,336,0,33,4.82,48.20791,16.32762
197.0,567949683,Ottakring,Entire loft,Entire home/apt,4,365.0,57,1,1.5,1,331,0,18,4.72,48.2070508,16.3299141
208.0,567949683,Ottakring,Entire loft,Entire home/apt,6,365.0,55,2,1.5,1,287,0,74,4.77,48.2070508,16.3299141
54.0,156404033,Favoriten,Entire rental unit,Entire home/apt,2,523.0,25,1,1.0,1,360,0,47,4.26,48.1825,16.37484
54.0,311151517,Mariahilf,Entire rental unit,Entire home/apt,2,494.0,28,1,1.0,1,351,0,103,4.69,48.195666001182666,16.346197705234076
177.0,109573982,Rudolfsheim-Fünfhaus,Entire rental unit,Entire home/apt,5,473.0,40,1,1.5,1,364,0,528,4.8,48.19981,16.31891
215.0,509699715,Leopoldstadt,Entire rental unit,Entire home/apt,4,504.0,45,1,1.0,1,329,1,5,4.8,48.21836118928131,16.382052628786447
72.52,695246045,Mariahilf,Entire serviced apartment,Entire home/apt,4,322.0,38,1,1.5,31,58,0,163,4.8,48.19638,16.35389
159.0,747236394,Favoriten,Entire rental unit,Entire home/apt,6,521.0,61,2,1.0,1,305,0,10,4.4,48.1793303,16.3774503
271.0,452569662,Favoriten,Entire rental unit,Entire home/apt,9,509.0,28,2,1.5,1,357,0,16,4.06,48.17676,16.37321
135.0,664114247,Favoriten,Entire rental unit,Entire home/apt,6,69.0,28,2,1.0,2,228,0,2,4.0,48.17523626057702,16.37705227441569
69.0,24314237,Favoriten,Private room in rental unit,Private room,1,518.0,5,1,1.0,1,365,0,4,4.0,48.173548007716334,16.37549129106024
192.0,509699715,Leopoldstadt,Entire rental unit,Entire home/apt,2,489.0,44,1,1.0,1,339,1,4,4.75,48.21718,16.38189
149.5,26682008,Favoriten,Entire rental unit,Entire home/apt,4,354.0,33,2,1.0,2,17,0,14,5.0,48.18066002126268,16.373370154736502
161.0,697816608,Ottakring,Entire rental unit,Entire home/apt,3,345.0,33,1,1.0,1,326,0,5,4.4,48.20833,16.32925
54.0,156404033,Favoriten,Entire rental unit,Entire home/apt,2,457.0,26,1,1.0,1,362,0,20,4.4,48.18230320435963,16.374733169169012
97.8,385064248,Mariahilf,Entire rental unit,Entire home/apt,4,280.0,25,2,1.5,30,114,0,2,3.5,48.1954864,16.350846
50.0,268935070,Favoriten,Private room in bed and breakfast,Private room,2,64.0,3,1,0.5,1,8,0,2,4.5,48.182868083317366,16.373280155818218
127.0,1691535799459388376,Favoriten,Entire rental unit,Entire home/apt,8,455.0,5,1,1.0,1,80,0,1,5.0,48.1777908,16.3734536
77.0,418270816,Favoriten,Room in hotel,Private room,2,444.0,25,1,1.0,1,352,0,12,4.67,48.1812745,16.3757413
162.0,697816608,Ottakring,Entire rental unit,Entire home/apt,3,0.0,34,1,1.0,1,351,0,14,4.57,48.2074182,16.3297158
109.0,418270816,Favoriten,Entire rental unit,Entire home/apt,3,444.0,31,1,1.0,1,362,0,36,4.83,48.1812745,16.3757413
70.0,481918816,Leopoldstadt,Entire rental unit,Entire home/apt,2,223.0,11,1,1.0,1,276,0,4,3.0,48.217097990371975,16.382278366144796
90.0,418270816,Favoriten,Entire rental unit,Entire home/apt,1,444.0,31,1,1.0,1,356,0,42,4.55,48.1812745,16.3757413
249.0,706014304,Favoriten,Entire rental unit,Entire home/apt,7,540.0,46,2,2.0,1,311,1,3,2.67,48.174237,16.3755678
79.0,418270816,Favoriten,Entire rental unit,Entire home/apt,2,444.0,28,1,1.0,1,362,0,123,4.56,48.1812745,16.3757413
84.0,480282551,Favoriten,Entire rental unit,Entire home/apt,6,338.0,31,1,1.5,1,260,0,123,4.55,48.17986,16.37789
92.5,514599994,Favoriten,Entire rental unit,Entire home/apt,4,487.0,42,1,1.0,2,60,0,31,4.61,48.1788517,16.3779755
38.5,369764263,Meidling,Private room in rental unit,Private room,2,477.0,26,1,2.0,10,293,1,2,3.0,48.18663550039156,16.342906985319512
93.0,418270816,Favoriten,Entire rental unit,Entire home/apt,2,444.0,31,1,1.0,1,362,0,43,4.7,48.1812745,16.3757413
150.64,560818036,Favoriten,Entire rental unit,Entire home/apt,6,329.0,5,2,1.0,1,74,0,1,5.0,48.1813986560453,16.376887299120426
84.0,480282551,Favoriten,Entire rental unit,Entire home/apt,4,373.0,31,1,1.0,1,364,0,20,4.25,48.17895,16.37746
120.0,706635852,Favoriten,Room in hotel,Private room,4,284.0,17,1,1.0,1,360,0,10,4.6,48.1778515,16.3770263
192.0,687946617,Leopoldstadt,Entire rental unit,Entire home/apt,4,527.0,25,1,1.0,1,182,0,177,4.61,48.21951,16.38128
117.5,123148011,Favoriten,Entire rental unit,Entire home/apt,4,457.0,53,1,1.0,1,134,0,6,4.83,48.17920326126959,16.378107256347274
109.65,204455189,Favoriten,Entire rental unit,Entire home/apt,8,426.0,42,2,1.0,2,340,1,3,5.0,48.17353,16.37311
138.2,451388163,Leopoldstadt,Entire condo,Entire home/apt,3,474.0,48,1,1.5,1,188,0,45,4.78,48.21582,16.38531
292.0,278892619,Leopoldstadt,Entire rental unit,Entire home/apt,9,419.0,38,3,2.0,1,263,1,9,5.0,48.21971,16.38146
79.33,129960877,Favoriten,Entire rental unit,Entire home/apt,2,296.0,36,1,1.0,1,341,0,894,4.76,48.17115,16.37521
28.86,462202833,Ottakring,Private room in rental unit,Private room,1,334.0,27,1,2.0,3,26,0,2,5.0,48.21134,16.33173
487.0,5939421,Mariahilf,Entire rental unit,Entire home/apt,6,507.0,24,3,2.5,3,343,1,105,4.9,48.19832,16.35359
79.0,129960877,Favoriten,Entire rental unit,Entire home/apt,2,296.0,37,1,1.0,2,318,0,79,4.76,48.1720175,16.3756746
103.0,154986083,Ottakring,Entire rental unit,Entire home/apt,2,370.0,37,1,1.0,3,56,0,3,5.0,48.20668,16.32753
86.5,129960877,Favoriten,Entire rental unit,Entire home/apt,2,296.0,37,1,1.0,2,342,0,43,4.77,48.1720175,16.3756746
92.33,127196902,Favoriten,Entire rental unit,Entire home/apt,3,542.0,6,2,1.0,3,171,0,2,5.0,48.18226941998206,16.37962392275389
33.93,6425553,Margareten,Entire rental unit,Entire home/apt,4,461.0,5,1,1.0,20,293,0,3,5.0,48.193421885751626,16.362088566831517
97.0,81917356,Rudolfsheim-Fünfhaus,Entire rental unit,Entire home/apt,4,492.0,40,2,2.5,2,66,0,61,4.84,48.19259438893132,16.336857743667082
167.4,697816608,Ottakring,Entire rental unit,Entire home/apt,4,212.0,40,2,1.0,1,306,0,7,4.57,48.20862,16.33026
113.0,709712782,Ottakring,Entire rental unit,Entire home/apt,4,137.0,29,2,1.0,1,266,0,5,4.2,48.20679559664551,16.327905765396242
316.63,15935294,Wieden,Entire rental unit,Entire home/apt,4,352.0,28,2,1.0,30,203,0,4,4.25,48.19836,16.36591
344.5,218894889,Ottakring,Entire rental unit,Entire home/apt,10,77.0,43,4,2.0,2,265,0,22,4.27,48.21192608769769,16.327609503895985
149.0,17278718,Margareten,Entire rental unit,Entire home/apt,2,129.0,17,1,1.5,1,23,1,26,4.96,48.19193,16.36002
160.0,498852886,Neubau,Entire rental unit,Entire home/apt,4,469.0,59,1,1.0,2,111,0,56,4.93,48.20137539484535,16.33972261259068
121.67,560447677,Rudolfsheim-Fünfhaus,Entire rental unit,Entire home/apt,4,381.0,31,1,1.0,3,147,0,4,4.25,48.18826,16.32831
44.0,589598935,Rudolfsheim-Fünfhaus,Entire rental unit,Entire home/apt,2,478.0,32,1,1.0,1,352,0,2,5.0,48.19453,16.33051
170.5,697816608,Ottakring,Entire rental unit,Entire home/apt,4,212.0,34,2,1.0,1,354,0,9,4.89,48.20775,16.32887
102.0,124849222,Rudolfsheim-Fünfhaus,Entire condo,Entire home/apt,3,48.0,40,1,1.5,1,214,0,122,4.74,48.19547,16.33068
319.0,9968801,Rudolfsheim-Fünfhaus,Entire rental unit,Entire home/apt,5,320.0,41,3,1.0,1,320,0,24,4.79,48.19237,16.33121
52.72,14070533,Alsergrund,Entire rental unit,Entire home/apt,2,381.0,8,1,1.0,30,160,1,1,5.0,48.2152192,16.3496635
93.99,129960877,Alsergrund,Entire rental unit,Entire home/apt,3,349.0,42,1,1.0,30,325,0,5,4.4,48.21786850116964,16.34743154280321
280.0,222601516,Leopoldstadt,Entire condo,Entire home/apt,4,0.0,35,1,1.0,1,279,1,87,5.0,48.21390610324929,16.38556998782394
153.54,14070533,Leopoldstadt,Entire serviced apartment,Entire home/apt,4,250.0,40,2,2.5,30,175,1,3,5.0,48.2229503,16.3839308
53.61,1475477,Leopoldstadt,Entire rental unit,Entire home/apt,3,482.0,13,1,1.0,30,324,0,5,5.0,48.22334691962006,16.384003961563664
99.5,15935294,Favoriten,Entire rental unit,Entire home/apt,2,93.0,21,1,1.0,1,347,0,24,4.58,48.16727595485827,16.346009742913132
140.0,15935294,Favoriten,Entire rental unit,Entire home/apt,4,93.0,23,2,1.0,1,364,0,5,4.2,48.16729,16.34626
147.0,554329939,Wieden,Private room in rental unit,Private room,2,48.0,6,2,1.0,1,269,0,1,5.0,48.188504043279664,16.374857557333513
100.0,571382581,Margareten,Entire rental unit,Entire home/apt,2,0.0,17,1,0.0,1,343,1,6,3.83,48.19003,16.36172
270.67,23537323,Innere Stadt,Entire rental unit,Entire home/apt,4,400.0,4,1,1.0,3,310,0,1,5.0,48.20289,16.36824
1149.0,489835105,Brigittenau,Entire rental unit,Entire home/apt,3,145.0,5,1,1.0,1,365,0,1,4.0,48.23184925368652,16.37468063625978
114.33,73509240,Brigittenau,Entire rental unit,Entire home/apt,2,395.0,6,1,1.0,3,336,0,30,4.8,48.23054960607041,16.376198568097458
129.0,1780830,Innere Stadt,Entire rental unit,Entire home/apt,3,228.0,21,1,1.0,6,184,0,3,4.67,48.2077835,16.3779592
139.0,37553167,Hernals,Entire rental unit,Entire home/apt,2,361.0,15,1,1.0,1,47,1,10,4.9,48.21954310431364,16.3331440678146
519.5,448160780,Währing,Entire condo,Entire home/apt,8,0.0,44,3,1.0,2,232,0,1,5.0,48.23301675796278,16.312899525368575
77.63,15935294,Donaustadt,Entire rental unit,Entire home/apt,2,154.0,24,1,1.5,30,294,0,8,4.38,48.2456,16.44088
103.0,305658362,Hernals,Entire rental unit,Entire home/apt,2,235.0,20,1,1.0,2,92,0,21,4.9,48.2293,16.29686
115.0,50475547,Floridsdorf,Entire rental unit,Entire home/apt,2,49.0,3,1,1.0,1,365,0,2,5.0,48.27100020239654,16.38544545043479
100.0,473779995,Favoriten,Entire serviced apartment,Entire home/apt,4,359.0,52,1,1.0,2,356,0,2,4.0,48.16269,16.38269
84.5,552595734,Favoriten,Entire rental unit,Entire home/apt,2,48.0,28,1,1.0,2,354,0,3,3.0,48.14172,16.40123
132.67,187775277,Favoriten,Entire rental unit,Entire home/apt,2,301.0,6,1,1.0,3,232,0,2,5.0,48.15236,16.40387
160.75,495853180,Währing,Entire rental unit,Entire home/apt,5,554.0,48,2,1.5,4,63,1,32,4.91,48.23358702893499,16.32199052721262
314.0,212493078,Penzing,Entire rental unit,Entire home/apt,1,0.0,9,1,1.0,1,83,0,8,4.63,48.19061,16.29574
214.0,471806426,Donaustadt,Entire rental unit,Entire home/apt,4,48.0,35,1,1.0,2,60,0,34,4.88,48.2438126,16.4325977
148.5,484086779,Simmering,Entire rental unit,Entire home/apt,4,60.0,24,1,1.0,2,144,0,58,4.66,48.1755922,16.4146898
108.5,86300520,Hietzing,Entire condo,Entire home/apt,4,107.0,8,1,1.0,2,17,1,44,4.8,48.17146,16.29435
428.0,909601,Leopoldstadt,Entire rental unit,Entire home/apt,4,447.0,49,2,2.5,2,352,1,28,4.86,48.21817,16.40788
103.0,1685671718710908205,Penzing,Entire rental unit,Entire home/apt,2,516.0,21,1,1.0,2,355,0,4,5.0,48.19503,16.27944
380.5,909601,Leopoldstadt,Entire rental unit,Entire home/apt,4,447.0,49,2,2.5,2,332,1,34,4.94,48.21817,16.40788
142.5,245165047,Leopoldstadt,Entire rental unit,Entire home/apt,4,353.0,12,1,1.0,2,300,1,3,5.0,48.2206925,16.4088224
192.5,15630179,Margareten,Entire rental unit,Entire home/apt,4,481.0,11,2,1.0,2,255,1,75,4.68,48.19678,16.35916
292.25,13532859,Penzing,Entire rental unit,Entire home/apt,7,231.0,57,3,2.0,4,188,1,52,4.94,48.19471740722656,16.278738021850586
132.0,477785519,Rudolfsheim-Fünfhaus,Entire rental unit,Entire home/apt,2,500.0,45,1,1.5,1,208,1,93,4.82,48.19486149999999,16.3341944
361.0,1391676,Innere Stadt,Entire rental unit,Entire home/apt,7,528.0,54,2,1.0,2,92,1,208,4.87,48.21133,16.37083
147.5,55665133,Mariahilf,Entire rental unit,Entire home/apt,4,486.0,62,1,1.5,2,151,0,476,4.88,48.19595,16.34852
70.13,42075641,Wieden,Entire rental unit,Entire home/apt,2,493.0,42,1,1.0,1,63,0,64,4.73,48.19752,16.3656
147.0,599590806,Margareten,Room in hotel,Private room,2,374.0,21,1,0.0,1,355,0,2,5.0,48.19281,16.35861
91.3,589775696,Brigittenau,Entire rental unit,Entire home/apt,2,0.0,19,1,1.0,2,30,1,19,5.0,48.22797,16.36613
270.0,153864304,Brigittenau,Entire rental unit,Entire home/apt,6,163.0,8,3,2.0,1,333,0,24,4.75,48.2397906,16.386481
68.88,35326863,Favoriten,Entire condo,Entire home/apt,4,0.0,45,2,1.0,30,213,0,110,4.34,48.1799,16.37827
155.5,583977262,Mariahilf,Entire rental unit,Entire home/apt,4,420.0,24,1,1.0,2,63,0,62,4.71,48.1897,16.34981
7.4,486315854,Leopoldstadt,Private room in bed and breakfast,Private room,2,83.0,12,10,10.0,210,365,0,6,4.83,48.22901,16.40304
20.26,487710610,Neubau,Entire condo,Entire home/apt,2,499.0,41,1,1.0,90,364,0,10,4.9,48.19944,16.34757
39.67,300246929,Meidling,Entire rental unit,Entire home/apt,2,412.0,33,1,1.0,31,296,0,9,4.44,48.17425,16.3315
101.11,15935294,Leopoldstadt,Entire rental unit,Entire home/apt,2,459.0,29,1,1.5,30,167,0,1,4.0,48.20701,16.4295
534.76,107997171,Landstraße,Entire rental unit,Entire home/apt,14,0.0,37,3,1.5,2,32,1,43,4.88,48.20209,16.39106
67.76,323912303,Margareten,Entire rental unit,Entire home/apt,4,397.0,37,1,1.0,4,183,1,33,4.91,48.18642,16.36066
15.31,427110651,Brigittenau,Entire rental unit,Entire home/apt,3,208.0,18,1,1.5,130,364,0,12,4.83,48.23174,16.3726
320.0,504407416,Landstraße,Entire rental unit,Entire home/apt,4,491.0,50,1,1.0,1,1,0,23,4.91,48.19441974404965,16.411459270670893
40.21,69597964,Rudolfsheim-Fünfhaus,Entire rental unit,Entire home/apt,4,401.0,32,2,1.0,30,30,0,21,4.71,48.19690824966641,16.3325185328722
110.0,505723548,Leopoldstadt,Entire rental unit,Entire home/apt,4,478.0,41,1,1.0,1,114,0,13,4.62,48.2241533,16.3833527
92.0,13133582,Rudolfsheim-Fünfhaus,Entire rental unit,Entire home/apt,2,362.0,4,1,1.0,1,1,0,34,4.38,48.20245,16.3303
244.33,71074913,Innere Stadt,Entire rental unit,Entire home/apt,6,452.0,32,3,1.0,3,5,0,61,4.82,48.20916,16.3776
103.0,3298645,Margareten,Entire rental unit,Entire home/apt,2,370.0,33,1,1.0,2,12,1,22,4.86,48.18653,16.35203
107.75,538985694,Wieden,Entire rental unit,Entire home/apt,2,271.0,34,1,1.0,4,7,1,26,4.77,48.19795736831993,16.369243654631035
86.67,564061948,Meidling,Entire rental unit,Entire home/apt,2,635.0,34,1,1.0,2,4,1,94,4.93,48.1753368,16.3263763
177.0,300246929,Leopoldstadt,Entire rental unit,Entire home/apt,4,426.0,41,1,1.0,1,246,0,69,4.61,48.2161687,16.3877506
51.77,517209596,Meidling,Entire rental unit,Entire home/apt,2,203.0,38,1,1.5,30,61,1,21,4.95,48.1821462,16.3439658
45.06,27775775,Ottakring,Entire rental unit,Entire home/apt,4,349.0,36,1,1.0,30,58,0,44,4.68,48.21132,16.32818
134.0,522477547,Simmering,Entire rental unit,Entire home/apt,4,443.0,42,1,1.0,2,254,0,142,4.78,48.17028,16.41491
137.0,424447543,Meidling,Entire rental unit,Entire home/apt,5,325.0,47,1,1.0,2,107,0,20,4.8,48.18162,16.33728
11.15,8832778,Hernals,Entire rental unit,Entire home/apt,2,405.0,42,1,1.0,90,165,0,15,5.0,48.22176,16.32924
592.0,318191906,Döbling,Entire rental unit,Entire home/apt,4,397.0,59,2,1.0,3,357,0,6,4.83,48.24507,16.31514
150.67,1027917,Meidling,Entire rental unit,Entire home/apt,2,425.0,24,1,1.0,3,35,0,4,5.0,48.18039,16.33141
44.0,656965531,Simmering,Private room in rental unit,Private room,2,89.0,27,1,2.0,1,344,0,27,4.37,48.17689563755992,16.41088228672743
27.46,492386936,Liesing,Entire rental unit,Entire home/apt,3,503.0,70,1,1.5,90,316,0,1,5.0,48.1396,16.25987
109.5,27847998,Brigittenau,Entire rental unit,Entire home/apt,2,470.0,27,1,1.0,4,41,0,10,5.0,48.24165,16.37762
50.98,71848288,Wieden,Entire rental unit,Entire home/apt,2,60.0,23,1,1.0,31,121,0,43,4.72,48.19422027476831,16.36699907660392
44.74,535960660,Neubau,Entire rental unit,Entire home/apt,4,501.0,28,1,1.0,30,133,0,8,4.25,48.20595,16.3387
50.57,28281613,Ottakring,Entire rental unit,Entire home/apt,2,38.0,32,2,1.0,1,57,1,8,5.0,48.21023,16.32858
148.0,300246929,Mariahilf,Entire rental unit,Entire home/apt,4,381.0,47,1,1.0,1,247,0,17,4.65,48.1971227,16.3564445
100.0,366750798,Neubau,Entire rental unit,Entire home/apt,3,141.0,22,1,1.0,1,2,1,27,4.78,48.19822,16.34188
98.56,356784708,Leopoldstadt,Entire rental unit,Entire home/apt,2,450.0,12,1,1.5,14,202,0,7,5.0,48.21955,16.40136
158.33,560447677,Rudolfsheim-Fünfhaus,Entire rental unit,Entire home/apt,4,440.0,30,1,1.0,3,12,0,9,4.78,48.18775,16.32969
139.0,300246929,Mariahilf,Entire rental unit,Entire home/apt,2,0.0,46,1,1.0,1,250,0,47,4.34,48.1969341,16.356888
87.0,10030500,Ottakring,Entire rental unit,Entire home/apt,2,409.0,3,1,1.0,1,153,0,1,5.0,48.2142046,16.3328968
110.5,146750922,Währing,Entire rental unit,Entire home/apt,2,521.0,36,1,1.0,2,52,0,14,4.71,48.22368,16.3372
233.0,300246929,Landstraße,Entire rental unit,Entire home/apt,6,407.0,43,3,1.0,1,338,0,43,4.72,48.21248,16.39081
107.5,57078991,Brigittenau,Entire rental unit,Entire home/apt,4,465.0,39,1,1.0,2,92,0,10,5.0,48.22693,16.36576
190.33,4247628,Leopoldstadt,Entire rental unit,Entire home/apt,4,525.0,35,2,1.0,3,3,0,4,5.0,48.2160002,16.3879348
33.0,50516547,Donaustadt,Private room in home,Private room,2,394.0,5,1,1.0,1,18,0,24,4.63,48.23749551430475,16.43504108719796
124.33,686860235,Favoriten,Entire condo,Entire home/apt,4,503.0,44,1,1.0,3,12,0,29,4.97,48.17187,16.37534
240.79,1493674,Landstraße,Entire rental unit,Entire home/apt,6,375.0,40,3,1.0,1,60,0,18,4.83,48.18957,16.38811
179.0,682285627,Landstraße,Entire rental unit,Entire home/apt,6,532.0,27,2,1.0,1,345,0,20,4.35,48.19469,16.38921
60.89,695246045,Favoriten,Entire serviced apartment,Entire home/apt,2,325.0,36,1,1.0,31,123,0,2,4.5,48.17634,16.36677
66.0,20832373,Neubau,Private room in rental unit,Private room,2,260.0,16,1,1.5,1,8,1,4,4.75,48.20503,16.35262
80.0,548996958,Margareten,Entire rental unit,Entire home/apt,2,61.0,25,1,1.0,1,96,0,46,4.74,48.18337,16.35992
53.0,571497431,Brigittenau,Entire rental unit,Entire home/apt,4,53.0,18,1,1.0,1,19,0,2,3.0,48.2411722,16.3767598
356.67,25959855,Mariahilf,Entire rental unit,Entire home/apt,7,491.0,40,3,2.0,3,13,1,5,5.0,48.1924,16.34535
348.06,150547832,Landstraße,Entire rental unit,Entire home/apt,6,483.0,45,3,1.5,1,91,1,62,5.0,48.18937650700233,16.389519606965788
211.0,540236834,Leopoldstadt,Entire rental unit,Entire home/apt,8,59.0,29,1,1.0,1,70,0,9,4.56,48.21327,16.38878
118.0,418266478,Favoriten,Entire rental unit,Entire home/apt,4,497.0,14,1,1.0,1,14,0,16,4.63,48.1720465669553,16.367940790951252
187.15,1643928,Landstraße,Entire rental unit,Entire home/apt,10,421.0,28,5,3.0,1,264,0,41,4.44,48.19043,16.38777
28.0,595673115,Simmering,Private room in rental unit,Private room,2,396.0,16,1,1.0,1,3,0,17,4.24,48.18398,16.41996
28.0,595673115,Simmering,Private room in rental unit,Private room,2,396.0,15,1,1.0,1,3,0,16,4.56,48.18397,16.42211
305.0,315998074,Alsergrund,Entire rental unit,Entire home/apt,8,459.0,34,2,1.0,1,1,1,38,4.84,48.22561835398615,16.357193179428577
636.33,710752525,Josefstadt,Entire rental unit,Entire home/apt,7,474.0,38,2,1.5,2,102,1,13,4.92,48.21195,16.34798
59.0,687615043,Favoriten,Entire rental unit,Entire home/apt,4,422.0,30,1,1.0,1,54,0,60,4.82,48.17626,16.36857
86.5,82710207,Simmering,Entire rental unit,Entire home/apt,2,500.0,16,1,1.0,2,91,1,13,4.92,48.17893,16.4134
67.0,595673115,Leopoldstadt,Entire rental unit,Entire home/apt,4,296.0,12,2,1.0,1,364,0,10,3.4,48.22043,16.39828
91.41,1685689,Margareten,Entire rental unit,Entire home/apt,4,356.0,3,1,1.0,3,32,0,2,5.0,48.18502,16.35268
83.0,89996733,Neubau,Private room in rental unit,Private room,2,524.0,6,1,1.0,1,19,0,15,5.0,48.20308,16.35254
18.42,5488568,Mariahilf,Entire rental unit,Entire home/apt,3,118.0,33,1,1.0,90,241,0,23,4.78,48.19157,16.34759
38.39,6839632,Landstraße,Entire rental unit,Entire home/apt,2,478.0,19,1,1.5,14,35,0,78,4.71,48.19047,16.3865
4.55,9416732,Rudolfsheim-Fünfhaus,Entire rental unit,Entire home/apt,4,432.0,15,1,1.0,300,365,0,9,5.0,48.18745,16.33114
27.89,5874520,Leopoldstadt,Entire rental unit,Entire home/apt,4,335.0,21,2,1.0,60,268,0,40,4.4,48.21767,16.3756
20.98,5874520,Simmering,Entire rental unit,Entire home/apt,2,392.0,17,1,1.0,60,358,0,11,4.73,48.1754,16.39648
23.52,5874520,Leopoldstadt,Entire rental unit,Entire home/apt,3,328.0,16,1,1.0,60,358,0,27,4.59,48.21763,16.37636
20.48,5874520,Leopoldstadt,Entire rental unit,Entire home/apt,1,0.0,13,1,1.0,60,237,0,8,4.88,48.21738,16.37555
272.0,2118680,Neubau,Entire loft,Entire home/apt,6,65.0,50,2,1.0,2,22,0,126,4.88,48.20274,16.34516
115.5,1537009,Brigittenau,Entire rental unit,Entire home/apt,4,250.0,36,1,1.0,2,10,0,91,4.5,48.23665,16.38039
32.22,5874520,Alsergrund,Entire rental unit,Entire home/apt,1,0.0,20,1,1.0,35,245,0,22,4.18,48.21601,16.36138
37.09,5874520,Leopoldstadt,Entire rental unit,Entire home/apt,2,411.0,20,1,1.0,60,358,0,13,4.62,48.21904,16.37504
23.75,5874520,Leopoldstadt,Entire rental unit,Entire home/apt,2,295.0,18,2,1.0,60,261,0,9,3.78,48.21789,16.37663
20.27,21771038,Meidling,Entire rental unit,Entire home/apt,4,246.0,14,1,1.0,90,365,0,3,5.0,48.17536,16.32911
152.0,23176034,Rudolfsheim-Fünfhaus,Entire rental unit,Entire home/apt,4,263.0,37,1,1.0,1,30,1,39,4.82,48.19774,16.33703
99.5,6471411,Leopoldstadt,Entire rental unit,Entire home/apt,4,154.0,27,1,1.0,4,364,0,11,4.36,48.21618,16.37482
21.16,5874520,Leopoldstadt,Entire rental unit,Entire home/apt,2,187.0,22,1,1.0,60,163,0,20,4.55,48.21723,16.37726
360.33,116833876,Rudolfsheim-Fünfhaus,Entire rental unit,Entire home/apt,4,496.0,29,3,2.0,3,21,0,39,4.95,48.19144,16.33543
31.34,5874520,Döbling,Entire rental unit,Entire home/apt,1,361.0,13,1,1.0,60,358,0,14,4.64,48.2421,16.33345
82.0,4834372,Margareten,Entire condo,Entire home/apt,2,239.0,6,1,1.0,3,53,0,8,3.88,48.18954,16.35541
20.36,5874520,Leopoldstadt,Entire rental unit,Entire home/apt,1,25.0,17,1,1.0,60,317,0,13,4.46,48.21726,16.37716
20.0,5874520,Döbling,Entire rental unit,Entire home/apt,1,149.0,24,1,1.0,60,304,0,7,4.71,48.24288,16.33545
108.5,68792924,Landstraße,Entire rental unit,Entire home/apt,4,435.0,30,1,1.0,10,39,0,91,4.9,48.20384,16.39651
18.48,14229979,Brigittenau,Entire rental unit,Entire home/apt,1,508.0,41,1,1.5,70,257,0,33,4.85,48.23133,16.36723
72.85,77227836,Döbling,Entire rental unit,Entire home/apt,2,381.0,37,1,1.0,12,24,0,24,4.75,48.24662,16.35021
58.3,4304771,Brigittenau,Entire serviced apartment,Entire home/apt,4,368.0,47,1,1.0,30,92,1,38,5.0,48.23378,16.38746
41.62,5874520,Leopoldstadt,Entire rental unit,Entire home/apt,2,360.0,20,2,1.0,60,358,0,16,4.44,48.21879,16.37679
19.4,59445159,Brigittenau,Entire rental unit,Entire home/apt,2,436.0,19,1,1.5,91,329,1,9,4.89,48.23134,16.36702
43.49,106908358,Favoriten,Entire rental unit,Entire home/apt,4,460.0,34,1,1.0,45,139,1,363,4.86,48.1812,16.37638
107.5,113520908,Alsergrund,Entire rental unit,Entire home/apt,2,507.0,27,1,1.0,2,44,1,196,4.85,48.21714,16.34557
131.0,11095112,Leopoldstadt,Entire rental unit,Entire home/apt,2,487.0,26,1,1.0,1,5,0,105,4.97,48.22037,16.40012
219.52,20068276,Leopoldstadt,Entire condo,Entire home/apt,6,284.0,47,3,2.0,30,202,1,33,4.91,48.21944,16.3716
149.0,107272189,Rudolfsheim-Fünfhaus,Entire rental unit,Entire home/apt,3,490.0,18,1,1.0,1,1,0,17,4.65,48.19204,16.33112
43.07,90827571,Alsergrund,Entire rental unit,Entire home/apt,2,69.0,18,1,1.0,60,214,0,8,5.0,48.21535,16.34661
50.25,21178086,Margareten,Entire rental unit,Entire home/apt,2,90.0,37,1,1.0,1,81,1,33,4.82,48.18636,16.36602
58.52,185981290,Mariahilf,Entire condo,Entire home/apt,2,461.0,48,1,1.0,30,59,1,191,4.82,48.1905,16.34743
18.62,215410573,Leopoldstadt,Entire rental unit,Entire home/apt,4,453.0,60,2,1.0,90,337,0,22,4.77,48.21765,16.37582
180.4,42557007,Wieden,Entire loft,Entire home/apt,5,316.0,25,1,1.5,1,8,1,51,4.94,48.19499,16.36347
